Werk,Anlagennummer,Anlagenbezeichnung,Kostenstelle,Anschaffungswert,Hersteller
P1150,000160000001,Final Functional Test Bench,CC-4682,114143.68,Yaskawa Motoman
P1150,000160000002,Robotic Welding Cell,CC-4680,211170.97,Bosch Rexroth
P1150,000160000003,Conveyor System,CC-4680,136312.76,Ingersoll Rand
P1150,000160000004,Screw Fastening Station,CC-4683,16164.01,KUKA
P1150,000160000005,Riveting Station,CC-4681,69605.46,Fives
P1150,000160000006,Wheel Alignment Rig,CC-4681,45188.30,Yaskawa Motoman
P1150,000160000007,Overhead Gantry Loader,CC-4683,145264.63,DMG MORI
P1150,000160000008,Adhesive Dispensing Unit,CC-4680,69657.96,ABB Robotics
P1150,000160000009,Battery Pack Assembly Cell,CC-4680,233523.99,Atlas Copco
P1150,000160000010,Conveyor System,CC-4683,123676.91,KUKA
P1150,000160000011,CNC Machining Center,CC-4681,377519.98,KUKA
P1150,000160000012,Final Functional Test Bench,CC-4681,198509.37,FANUC Corporation
P1150,000160000013,Paint Application Robot,CC-4683,223448.13,Comau
P1150,000160000014,CNC Machining Center,CC-4683,302920.95,FANUC Corporation
P1150,000160000015,Palletizing Robot,CC-4680,97305.81,Schuler
P1150,000160000016,Paint Application Robot,CC-4680,167815.02,Lincoln Electric
P1150,000160000017,Hydraulic Press,CC-4681,139216.32,Haas Automation
P1150,000160000018,Laser Welding Cell,CC-4680,252436.92,Miller Electric
P1150,000160000019,Wheel Alignment Rig,CC-4683,49354.11,atlas copco
P1150,000160000020,Ultrasonic Welding Station,CC-4682,52794.78,ABB
P1150,000160000021,Robotic Welding Cell,CC-4681,274051.22,DMG MORI
P1150,000160000022,CNC Machining Center,CC-4683,246377.30,Lincoln Electric
P1150,000160000023,Induction Heating Unit,CC-4680,39675.57,DMG
P1150,000160000024,Paint Application Robot,CC-4683,177927.88,Ingersoll Rand
P1150,000160000025,Riveting Station,CC-4681,68668.14,Yaskawa Motoman
P1150,000160000026,Riveting Station,CC-4681,30372.83,KUKA AG
P1150,000160000027,Induction Heating Unit,CC-4683,30737.32,KUKA AG
P1150,000160000028,Riveting Station,CC-4681,50461.17,KUKA
P1150,000160000029,Conveyor System,CC-4680,130905.87,KUKA
P1150,000160000030,CNC Machining Center,CC-4681,408710.21,Durr AG
P1150,000160000031,Palletizing Robot,CC-4680,163303.83,KUKA AG
P1150,000160000032,Robotic Welding Cell,CC-4680,200826.16,AIDA Engineering
P1150,000160000033,CNC Machining Center,CC-4682,377509.10,FANUC
P1150,000160000034,Torque Application Unit,CC-4682,44327.21,DMG MORI
P1150,000160000035,Final Functional Test Bench,CC-4681,94274.08,KUKA
P1150,000160000036,Wheel Alignment Rig,CC-4682,61676.40,Ingersoll
P1150,000160000037,Final Functional Test Bench,CC-4681,120685.30,Schuler Group
P1150,000160000038,Dimensional Measurement Arm,CC-4683,135352.83,DMG MORI
P1150,000160000039,Robotic Welding Cell,CC-4681,259259.97,ABB Robotics
P1150,000160000040,Conveyor System,CC-4680,64872.71,Fanuc Corporation
P1150,000160000041,Paint Application Robot,CC-4683,313905.19,ABB Robotics
P1150,000160000042,Leak Test Station,CC-4681,32301.33,DMG MORI
P1150,000160000043,Stamping Press,CC-4680,1159470.80,KUKA AG
P1150,000160000044,Leak Test Station,CC-4681,66338.99,FANUC Corporation
P1150,000160000045,CNC Machining Center,,295997.99,Schneider Electric
P1150,000160000046,Leak Test Station,CC-4681,68535.30,ABB ROBOTICS
P1150,000160000047,Laser Welding Cell,CC-4682,205787.28,Atlas Copco
P1150,000160000048,Coil Winding Machine,CC-4681,193533.80,KUKA AG
P1150,000160000049,Riveting Station,CC-4680,56042.61,FANUC
P1150,000160000050,Battery Pack Assembly Cell,CC-4680,293279.96,Fives
P1150,000160000051,Final Functional Test Bench,CC-4683,126096.89,DMG MORI
P1150,000160000052,Wheel Alignment Rig,CC-4681,57304.70,Hexagon AB
P1150,000160000053,Conveyor System,CC-4680,67053.32,KUKA AG
P1150,000160000054,Injection Molding Machine,CC-4681,262551.01,ABB
P1150,000160000055,Screw Fastening Station,CC-4682,22797.51,FANUC Corporation
P1150,000160000056,Hydraulic Press,CC-4682,168407.44,Lincoln
P1150,000160000057,CNC Machining Center,CC-4683,210215.45,KUKA AG
P1150,000160000058,Overhead Gantry Loader,CC-4682,101552.15,Hexagon
P1150,000160000059,Adhesive Dispensing Unit,CC-4682,68072.95,AIDA ENGINEERING
P1150,000160000060,Induction Heating Unit,CC-4681,83675.63,Fives
P1150,000160000061,Coil Winding Machine,CC-4681,148731.12,KUKA AG
P1150,000160000062,Ultrasonic Welding Station,CC-4683,49995.45,Dematic
P1150,000160000063,Overhead Gantry Loader,,122051.15,ingersoll rand
P1150,000160000064,Assembly Torque Wrench Station,,22267.40,Lincoln Electric
P1150,000160000065,Vision Inspection Station,CC-4682,74648.38,KUKA AG
P1150,000160000066,CNC Machining Center,CC-4681,274026.32,Haas Automation
P1150,000160000067,Battery Pack Assembly Cell,CC-4681,397066.90,KUKA AG
P1150,000160000068,Battery Pack Assembly Cell,CC-4680,237564.06,ABB Robotics
P1150,000160000069,Riveting Station,,48455.22,Eisenmann
P1150,000160000070,Injection Molding Machine,CC-4681,331245.90,Haas Automation
P1150,000160000071,Overhead Gantry Loader,CC-4682,177364.27,KUKA AG
P1150,000160000072,Adhesive Dispensing Unit,CC-4681,32876.11,Kuka Ag
P1150,000160000073,Coil Winding Machine,CC-4683,171065.03,Durr AG
P1150,000160000074,Injection Molding Machine,CC-4681,451401.33,FANUC
P1150,000160000075,Conveyor System,CC-4681,76387.01,ABB Robotics
P1150,000160000076,Wheel Alignment Rig,CC-4682,89307.61,ABB Robotics
P1150,000160000077,Induction Heating Unit,CC-4681,49655.42,KUKA AG
P1150,000160000078,Stamping Press,CC-4680,692692.66,ABB Robotics
P1150,000160000079,Screw Fastening Station,CC-4683,34315.54,KUKA AG
P1150,000160000080,Induction Heating Unit,CC-4683,30691.71,KUKA AG
P1150,000160000081,Hydraulic Press,CC-4680,351941.85,ABB Robotics
P1150,000160000082,Paint Application Robot,CC-4683,212182.68,Durr AG
P1150,000160000083,Riveting Station,CC-4680,50946.06,KUKA AG
P1150,000160000084,Battery Pack Assembly Cell,CC-4680,563806.49,KUKA AG
P1150,000160000085,Coil Winding Machine,CC-4681,170116.99,FANUC Corporation
P1150,000160000086,Stamping Press,CC-4683,724337.15,FANUC Corporation
P1150,000160000087,Hydraulic Press,CC-4683,174398.63,Hexagon
P1150,000160000088,Hydraulic Press,CC-4680,361219.26,Hexagon AB
P1150,000160000089,Overhead Gantry Loader,CC-4681,63143.89,Yaskawa Motoman
P1150,000160000090,Ultrasonic Welding Station,CC-4681,41843.40,ABB ROBOTICS
P1150,000160000091,Robotic Welding Cell,CC-4680,225575.72,MAZAK CORPORATION
P1150,000160000092,Paint Application Robot,CC-4683,251624.08,Lincoln Electric
P1150,000160000093,Hydraulic Press,CC-4680,313332.35,KUKA AG
P1150,000160000094,Assembly Torque Wrench Station,CC-4680,27523.46,Mazak Corporation
P1150,000160000095,Overhead Gantry Loader,CC-4683,81426.31,Dematic
P1150,000160000096,Adhesive Dispensing Unit,CC-4683,50284.43,Bosch Rexroth
P1150,000160000097,Hydraulic Press,CC-4683,171035.89,KUKA AG
P1150,000160000098,Stamping Press,CC-4680,382838.66,KUKA
P1150,000160000099,Palletizing Robot,CC-4682,151258.76,Carl Zeiss Industrial Metrology
P1150,000160000100,,CC-4681,95087.00,abb robotics
P1150,000160000101,Coil Winding Machine,CC-4683,214367.03,Dematic
P1150,000160000102,Leak Test Station,CC-4682,51843.03,ABB ROBOTICS
P1150,000160000103,Conveyor System,CC-4680,147756.56,DMG MORI
P1150,000160000104,Automated Guided Vehicle,CC-4680,41402.93,ABB Robotics
P1150,000160000105,CNC Machining Center,CC-4681,196106.67,Miller
P1150,000160000106,,CC-4681,267410.09,KUKA AG
P1150,000160000107,Leak Test Station,CC-4682,37233.14,Rockwell Automation
P1150,000160000108,Hydraulic Press,CC-4683,235346.10,DMG MORI
P1150,000160000109,Hydraulic Press,CC-4682,343987.27,Rockwell Automation
P1150,000160000110,Adhesive Dispensing Unit,CC-4683,66296.93,ABB Robotics
P1150,000160000111,Assembly Torque Wrench Station,CC-4682,26773.21,Dematic
P1150,000160000112,Conveyor System,CC-4681,70171.22,Mazak
P1150,000160000113,Automated Guided Vehicle,CC-4680,56854.53,Abb Robotics
P1150,000160000114,Vision Inspection Station,CC-4682,36612.55,Schuler Group
P1150,000160000115,CNC Machining Center,CC-4683,409986.39,Miller Electric
P1150,000160000116,Conveyor System,CC-4682,42544.37,Eisenmann
P1150,000160000117,Battery Pack Assembly Cell,CC-4682,319719.54,Mazak Corporation
P1150,000160000118,Stamping Press,CC-4681,954331.13,KUKA AG
P1150,000160000119,Overhead Gantry Loader,CC-4681,60895.40,Yaskawa Motoman
P1150,000160000120,Ultrasonic Welding Station,CC-4683,74492.90,DMG MORI
P1150,000160000121,Riveting Station,CC-4681,59202.40,Atlas Copco
P1150,000160000122,Battery Pack Assembly Cell,CC-4681,579034.60,Durr AG
P1150,000160000123,Assembly Torque Wrench Station,CC-4683,21507.88,ABB Robotics
P1150,000160000124,Ultrasonic Welding Station,CC-4681,68341.67,KUKA AG
P1150,000160000125,Paint Application Robot,CC-4681,342450.16,KUKA AG
P1150,000160000126,Injection Molding Machine,CC-4680,449549.51,Mazak
P1150,000160000127,CNC Machining Center,CC-4680,306962.07,KUKA AG
P1150,000160000128,Leak Test Station,CC-4681,43735.26,ABB Robotics
P1150,000160000129,Torque Application Unit,CC-4681,31440.00,KUKA AG
P1150,000160000130,Dimensional Measurement Arm,,121716.90,Lincoln Electric
P1150,000160000131,Leak Test Station,CC-4681,28959.27,KUKA
P1150,000160000132,Torque Application Unit,CC-4683,35886.92,ABB Robotics
P1150,000160000133,Assembly Torque Wrench Station,CC-4680,14183.31,Eisenmann
P1150,000160000134,Induction Heating Unit,CC-4683,69644.94,FANUC Corporation
P1150,000160000135,,CC-4683,1116040.98,Haas
P1150,000160000136,Wheel Alignment Rig,CC-4681,86452.05,KUKA AG
P1150,000160000137,Dimensional Measurement Arm,CC-4680,66990.67,KUKA AG
P1150,000160000138,Overhead Gantry Loader,CC-4681,86034.70,KUKA
P1150,000160000139,Laser Welding Cell,CC-4683,357934.01,DMG MORI
P1150,000160000140,Hydraulic Press,CC-4682,337486.10,Haas Automation
P1150,000160000141,Robotic Welding Cell,CC-4681,201486.23,Lincoln Electric
P1150,000160000142,Stamping Press,CC-4683,591352.37,Haas Automation
P1150,000160000143,Stamping Press,CC-4682,1165954.56,FANUC Corporation
P1150,000160000144,Assembly Torque Wrench Station,CC-4683,34440.27,Comau
P1150,000160000145,Assembly Torque Wrench Station,CC-4681,25246.67,Comau
P1150,000160000146,Hydraulic Press,CC-4682,263164.09,KUKA AG
P1150,000160000147,Overhead Gantry Loader,CC-4683,117244.99,KUKA AG
P1150,000160000148,Leak Test Station,CC-4682,55365.82,Abb Robotics
P1150,000160000149,Ultrasonic Welding Station,CC-4683,48552.60,Siemens AG
P1150,000160000150,Robotic Welding Cell,CC-4682,157393.58,Bosch Rexroth
P1150,000160000151,Leak Test Station,CC-4681,53695.91,DMG
P1150,000160000152,Final Functional Test Bench,CC-4680,145793.48,KUKA AG
P1150,000160000153,Assembly Torque Wrench Station,CC-4682,33809.88,Ingersoll Rand
P1150,000160000154,Automated Guided Vehicle,CC-4682,102049.68,Hexagon AB
P1150,000160000155,Hydraulic Press,CC-4680,280224.10,ABB Robotics
P1150,000160000156,Palletizing Robot,CC-4682,120710.12,Schuler Group
P1150,000160000157,Wheel Alignment Rig,CC-4682,52125.41,FANUC Corporation
P1150,000160000158,Vision Inspection Station,CC-4681,46740.70,SCHNEIDER ELECTRIC
P1150,000160000159,Final Functional Test Bench,CC-4682,185319.26,Yaskawa Motoman
P1150,000160000160,Wheel Alignment Rig,CC-4680,55305.23,ABB Robotics
P1150,000160000161,Dimensional Measurement Arm,CC-4681,128541.50,Mazak Corporation
P1150,000160000162,Overhead Gantry Loader,CC-4682,179195.79,Lincoln
P1150,000160000163,Hydraulic Press,CC-4682,235359.19,Atlas Copco
P1150,000160000164,Assembly Torque Wrench Station,CC-4682,14795.45,Atlas Copco
P1150,000160000165,Paint Application Robot,,262493.78,KUKA AG
P1150,000160000166,Overhead Gantry Loader,CC-4680,93348.44,Schuler Group
P1150,000160000167,Screw Fastening Station,CC-4682,19665.29,ABB Robotics
P1150,000160000168,Robotic Welding Cell,CC-4680,156884.25,Yaskawa
P1150,000160000169,Dimensional Measurement Arm,CC-4682,106081.49,Comau
P1150,000160000170,Dimensional Measurement Arm,CC-4680,86838.13,Yaskawa
P1150,000160000171,Wheel Alignment Rig,CC-4682,57038.29,DMG MORI
P1150,000160000172,Assembly Torque Wrench Station,CC-4681,10134.84,DMG MORI
P1150,000160000173,Ultrasonic Welding Station,CC-4681,44075.40,KUKA
P1150,000160000174,Torque Application Unit,CC-4682,33969.98,Miller Electric
P1150,000160000175,Wheel Alignment Rig,CC-4683,49494.28,Mazak
P1150,000160000176,Stamping Press,CC-4682,821849.67,Mazak Corporation
P1150,000160000177,,CC-4681,418252.70,Yaskawa
P1150,000160000178,Adhesive Dispensing Unit,CC-4682,30874.19,KUKA AG
P1150,000160000179,Leak Test Station,CC-4680,47036.66,Mazak Corporation
P1150,000160000180,Leak Test Station,CC-4683,46472.14,KUKA
P1150,000160000181,Laser Welding Cell,CC-4681,234484.60,Schuler Group
P1150,000160000182,Palletizing Robot,CC-4681,138759.34,FANUC
P1150,000160000183,Overhead Gantry Loader,CC-4682,129903.98,Bosch Rexroth
P1150,000160000184,Automated Guided Vehicle,CC-4680,54914.88,Yaskawa Motoman
P1150,000160000185,Robotic Welding Cell,CC-4680,124569.71,ABB Robotics
P1150,000160000186,Leak Test Station,CC-4681,31267.15,ABB ROBOTICS
P1150,000160000187,Wheel Alignment Rig,CC-4683,76856.00,KUKA
P1150,000160000188,Laser Welding Cell,CC-4681,274366.16,Schneider
P1150,000160000189,Final Functional Test Bench,CC-4681,97694.07,ABB
P1150,000160000190,Robotic Welding Cell,CC-4680,151775.90,Fanuc Corporation
P1150,000160000191,Vision Inspection Station,CC-4680,45585.02,Dematic
P1150,000160000192,Conveyor System,CC-4683,81858.98,Dematic
P1150,000160000193,CNC Machining Center,,308099.04,Hexagon AB
P1150,000160000194,Robotic Welding Cell,CC-4682,237168.14,Hexagon AB
P1150,000160000195,Robotic Welding Cell,CC-4681,270365.24,Ingersoll Rand
P1150,000160000196,Palletizing Robot,CC-4680,127498.93,DMG MORI
P1150,000160000197,CNC Machining Center,CC-4683,341841.71,Mazak Corporation
P1150,000160000198,Hydraulic Press,CC-4683,121559.66,DMG MORI
P1150,000160000199,Hydraulic Press,CC-4681,379086.86,Comau
P1150,000160000200,Final Functional Test Bench,,92120.46,Yaskawa Motoman
P1150,000160000201,,CC-4681,37030.44,KUKA AG
P1150,000160000202,,CC-4683,51764.38,Fives Group
P1150,000160000203,Battery Pack Assembly Cell,CC-4682,511894.63,KUKA
P1150,000160000204,Adhesive Dispensing Unit,CC-4683,68272.25,ABB Robotics
P1150,000160000205,Final Functional Test Bench,,127303.68,Haas Automation
P1150,000160000206,Robotic Welding Cell,CC-4683,176532.64,Haas Automation
P1150,000160000207,Automated Guided Vehicle,CC-4682,87880.66,KUKA AG
P1150,000160000208,Adhesive Dispensing Unit,CC-4680,38859.18,Eisenmann
P1150,000160000209,Palletizing Robot,CC-4680,73738.37,DMG MORI
P1150,000160000210,Injection Molding Machine,CC-4680,236620.21,Schneider Electric
P1150,000160000211,Induction Heating Unit,CC-4682,54030.90,Siemens Ag
P1150,000160000212,Robotic Welding Cell,CC-4682,249686.54,KUKA AG
P1150,000160000213,CNC Machining Center,CC-4682,239984.57,Ingersoll Rand
P1150,000160000214,Overhead Gantry Loader,CC-4681,105231.07,kuka ag
P1150,000160000215,Final Functional Test Bench,CC-4680,76770.26,Rockwell Automation
P1150,000160000216,Conveyor System,CC-4683,68742.39,Mazak Corporation
P1150,000160000217,Automated Guided Vehicle,CC-4681,114412.07,KUKA
P1150,000160000218,Overhead Gantry Loader,CC-4683,165798.38,KUKA
P1150,000160000219,Screw Fastening Station,CC-4682,12068.34,Bosch Rexroth
P1150,000160000220,Screw Fastening Station,CC-4680,21122.47,Schuler Group
P1150,000160000221,Paint Application Robot,CC-4682,150873.76,ABB Robotics
P1150,000160000222,Overhead Gantry Loader,CC-4682,94051.23,ABB Robotics
P1150,000160000223,Overhead Gantry Loader,CC-4681,166028.68,ABB Robotics
P1150,000160000224,Paint Application Robot,CC-4681,208802.21,Yaskawa Motoman
P1150,000160000225,Overhead Gantry Loader,CC-4681,145318.93,Yaskawa Motoman
P1150,000160000226,Automated Guided Vehicle,CC-4682,46903.70,FANUC
P1150,000160000227,Ultrasonic Welding Station,CC-4682,63996.69,Haas Automation
P1150,000160000228,Riveting Station,CC-4683,69212.52,Fanuc Corporation
P1150,000160000229,Laser Welding Cell,CC-4682,186590.78,KUKA AG
P1150,000160000230,Automated Guided Vehicle,CC-4680,62864.86,KUKA AG
P1150,000160000231,Laser Welding Cell,CC-4681,388877.39,Atlas Copco
P1150,000160000232,Automated Guided Vehicle,CC-4680,103666.21,KUKA AG
P1150,000160000233,Induction Heating Unit,CC-4681,75349.43,Schneider
P1150,000160000234,Robotic Welding Cell,CC-4681,250094.42,KUKA
P1150,000160000235,Riveting Station,CC-4682,37500.26,FANUC Corporation
P1150,000160000236,Ultrasonic Welding Station,CC-4681,62896.04,KUKA
P1150,000160000237,Coil Winding Machine,CC-4680,195643.86,atlas copco
P1150,000160000238,Assembly Torque Wrench Station,CC-4680,23281.10,Yaskawa Motoman
P1150,000160000239,CNC Machining Center,CC-4682,390747.09,Kuka Ag
P1150,000160000240,Coil Winding Machine,CC-4681,121279.28,FANUC Corporation
P1150,000160000241,,CC-4681,164568.11,Mazak
P1150,000160000242,Screw Fastening Station,CC-4683,19551.99,Atlas Copco
P1150,000160000243,Vision Inspection Station,CC-4682,66411.04,KUKA
P1150,000160000244,Dimensional Measurement Arm,CC-4683,144538.77,ABB Robotics
P1150,000160000245,Overhead Gantry Loader,CC-4682,95430.61,ABB Robotics
P1150,000160000246,Paint Application Robot,CC-4681,184848.98,Yaskawa Motoman
P1150,000160000247,Induction Heating Unit,CC-4680,45389.95,ABB Robotics
P1150,000160000248,Induction Heating Unit,CC-4683,81852.16,FANUC
P1150,000160000249,Battery Pack Assembly Cell,CC-4680,477388.84,ABB Robotics
P1150,000160000250,Stamping Press,CC-4681,1040873.76,ABB Robotics
P1150,000160000251,Dimensional Measurement Arm,CC-4683,92369.82,KUKA AG
P1150,000160000252,Wheel Alignment Rig,CC-4681,34154.22,KUKA AG
P1150,000160000253,Assembly Torque Wrench Station,CC-4681,33292.10,Mazak Corporation
P1150,000160000254,Palletizing Robot,CC-4683,90200.50,KUKA AG
P1150,000160000255,Stamping Press,CC-4683,319386.25,Mazak Corporation
P1150,000160000256,Leak Test Station,CC-4681,20578.89,Mazak
P1150,000160000257,Palletizing Robot,CC-4682,146421.69,KUKA
P1150,000160000258,Dimensional Measurement Arm,CC-4683,100054.58,KUKA AG
P1150,000160000259,Screw Fastening Station,,39955.77,Comau
P1150,000160000260,Automated Guided Vehicle,CC-4681,56304.85,Fives
P1150,000160000261,Palletizing Robot,CC-4683,143612.63,KUKA AG
P1150,000160000262,CNC Machining Center,CC-4680,258640.34,KUKA AG
P1150,000160000263,Coil Winding Machine,CC-4681,81388.90,Mazak
P1150,000160000264,Injection Molding Machine,CC-4680,266163.65,haas automation
P1150,000160000265,Coil Winding Machine,CC-4682,169112.53,KUKA AG
P1150,000160000266,Conveyor System,CC-4681,114774.76,Schneider Electric
P1150,000160000267,Stamping Press,CC-4681,1016610.41,Fives Group
P1150,000160000268,Conveyor System,CC-4680,85063.86,Mazak Corporation
P1150,000160000269,Robotic Welding Cell,CC-4682,166999.44,KUKA AG
P1150,000160000270,Robotic Welding Cell,CC-4680,188948.91,KUKA
P1150,000160000271,Overhead Gantry Loader,CC-4683,117424.15,Mazak
P1150,000160000272,Overhead Gantry Loader,CC-4681,62328.40,KUKA AG
P1150,000160000273,Final Functional Test Bench,CC-4680,95162.07,DMG MORI
P1150,000160000274,Final Functional Test Bench,CC-4682,87442.32,KUKA AG
P1150,000160000275,Battery Pack Assembly Cell,CC-4683,568951.75,ABB Robotics
P1150,000160000276,Induction Heating Unit,CC-4683,70812.92,Miller Electric
P1150,000160000277,Injection Molding Machine,CC-4682,355237.48,KUKA AG
P1150,000160000278,Paint Application Robot,CC-4682,255507.43,KUKA AG
P1150,000160000279,Dimensional Measurement Arm,CC-4683,123339.48,ABB Robotics
P1150,000160000280,Robotic Welding Cell,CC-4682,265901.92,Fives
P1150,000160000281,Leak Test Station,CC-4680,61328.44,HEXAGON AB
P1150,000160000282,Overhead Gantry Loader,CC-4681,124374.94,DMG MORI
P1150,000160000283,Coil Winding Machine,CC-4683,117563.51,Lincoln Electric
P1150,000160000284,Overhead Gantry Loader,CC-4683,139803.70,KUKA AG
P1150,000160000285,Screw Fastening Station,CC-4682,34792.62,ABB ROBOTICS
P1150,000160000286,Adhesive Dispensing Unit,CC-4681,79659.56,FANUC
P1150,000160000287,Overhead Gantry Loader,CC-4681,149539.97,ABB
P1150,000160000288,,CC-4680,13190.51,KUKA AG
P1150,000160000289,Battery Pack Assembly Cell,CC-4682,586782.55,KUKA
P1150,000160000290,Dimensional Measurement Arm,CC-4680,81125.22,ABB Robotics
P1150,000160000291,Final Functional Test Bench,CC-4680,163104.78,Haas Automation
P1150,000160000292,Induction Heating Unit,CC-4682,78031.70,Siemens AG
P1150,000160000293,Conveyor System,CC-4680,76599.44,DMG MORI
P1150,000160000294,Robotic Welding Cell,CC-4683,270913.57,KUKA AG
P1150,000160000295,Palletizing Robot,CC-4683,124960.03,KUKA AG
P1150,000160000296,Induction Heating Unit,CC-4681,63957.70,KUKA AG
P1150,000160000297,CNC Machining Center,CC-4683,351114.76,KUKA AG
P1150,000160000298,Riveting Station,CC-4682,61821.27,Yaskawa
P1150,000160000299,Vision Inspection Station,CC-4683,62164.04,KUKA
P1150,000160000300,Riveting Station,CC-4682,50647.64,Dematic
P1150,000160000301,Robotic Welding Cell,CC-4680,279239.84,Miller Electric
P1150,000160000302,Hydraulic Press,CC-4683,326632.23,FANUC
P1150,000160000303,Robotic Welding Cell,CC-4681,249776.36,Carl Zeiss Industrial Metrology
P1150,000160000304,Coil Winding Machine,CC-4682,205294.79,FANUC
P1150,000160000305,Dimensional Measurement Arm,CC-4683,87961.11,Atlas
P1150,000160000306,Induction Heating Unit,CC-4683,64911.48,Bosch Rexroth
P1150,000160000307,Stamping Press,CC-4683,1003004.86,Schuler Group
P1150,000160000308,,CC-4681,63879.15,Ingersoll Rand
P1150,000160000309,Assembly Torque Wrench Station,CC-4683,24611.37,kuka ag
P1150,000160000310,Battery Pack Assembly Cell,CC-4683,274937.28,Schuler Group
P1150,000160000311,,CC-4681,296612.68,Schuler
P1150,000160000312,CNC Machining Center,CC-4683,209536.62,KUKA AG
P1150,000160000313,Riveting Station,CC-4683,41711.99,ABB Robotics
P1150,000160000314,,CC-4680,141873.89,Rockwell Automation
P1150,000160000315,Automated Guided Vehicle,CC-4681,66143.59,FANUC Corporation
P1150,000160000316,Laser Welding Cell,CC-4680,277813.66,carl zeiss industrial metrology
P1150,000160000317,Automated Guided Vehicle,CC-4682,95466.45,Dematic
P1150,000160000318,Leak Test Station,CC-4680,56034.57,Miller Electric
P1150,000160000319,Stamping Press,,788924.57,Schuler Group
P1150,000160000320,Screw Fastening Station,CC-4683,16232.15,Eisenmann Se
P1150,000160000321,Torque Application Unit,CC-4682,40325.81,Bosch
P1150,000160000322,Torque Application Unit,CC-4683,31680.65,FANUC Corporation
P1150,000160000323,Overhead Gantry Loader,CC-4683,134618.89,Fanuc Corporation
P1150,000160000324,Adhesive Dispensing Unit,CC-4681,56915.79,Haas Automation
P1150,000160000325,Automated Guided Vehicle,CC-4680,114591.63,DMG MORI
P1150,000160000326,Battery Pack Assembly Cell,CC-4683,292174.15,KUKA
P1150,000160000327,Laser Welding Cell,CC-4681,304828.23,Miller Electric
P1150,000160000328,Leak Test Station,,34614.02,KUKA AG
P1150,000160000329,Screw Fastening Station,CC-4681,25224.91,Ingersoll Rand
P1150,000160000330,Hydraulic Press,CC-4682,358996.81,AIDA Engineering
P1150,000160000331,Final Functional Test Bench,CC-4681,182004.92,DMG MORI
P1150,000160000332,Vision Inspection Station,CC-4680,85861.66,Mazak Corporation
P1150,000160000333,Screw Fastening Station,CC-4683,20048.78,LINCOLN ELECTRIC
P1150,000160000334,CNC Machining Center,CC-4683,423074.62,Carl Zeiss Industrial Metrology
P1150,000160000335,Induction Heating Unit,CC-4682,49987.98,FANUC Corporation
P1150,000160000336,Final Functional Test Bench,CC-4683,114355.76,miller electric
P1150,000160000337,Palletizing Robot,CC-4681,139679.96,Siemens AG
P1150,000160000338,CNC Machining Center,CC-4680,186744.05,Schuler Group
P1150,000160000339,Assembly Torque Wrench Station,CC-4680,32756.48,Ingersoll Rand
P1150,000160000340,Dimensional Measurement Arm,CC-4681,84330.79,Bosch Rexroth
P1150,000160000341,Ultrasonic Welding Station,CC-4680,31981.49,AIDA Engineering
P1150,000160000342,Leak Test Station,CC-4681,40688.15,FANUC Corporation
P1150,000160000343,Torque Application Unit,CC-4681,19079.02,Bosch Rexroth
P1150,000160000344,Automated Guided Vehicle,CC-4680,44337.67,Mazak Corporation
P1150,000160000345,Coil Winding Machine,,213159.43,Schneider Electric
P1150,000160000346,Dimensional Measurement Arm,CC-4680,106860.64,Yaskawa Motoman
P1150,000160000347,Palletizing Robot,CC-4682,142829.61,KUKA AG
P1150,000160000348,Torque Application Unit,CC-4681,29299.74,Mazak Corporation
P1150,000160000349,Induction Heating Unit,CC-4680,48179.14,KUKA
P1150,000160000350,Conveyor System,CC-4681,80764.62,Yaskawa Motoman
P1150,000160000351,Injection Molding Machine,CC-4683,423020.17,Carl Zeiss Industrial Metrology
P1150,000160000352,,CC-4683,63401.46,KUKA
P1150,000160000353,CNC Machining Center,CC-4680,388692.17,KUKA
P1150,000160000354,Induction Heating Unit,CC-4680,68198.22,FANUC
P1150,000160000355,Paint Application Robot,CC-4681,331932.42,Hexagon AB
P1150,000160000356,Ultrasonic Welding Station,CC-4681,44723.77,KUKA AG
P1150,000160000357,Vision Inspection Station,CC-4680,53517.85,Atlas Copco
P1150,000160000358,Overhead Gantry Loader,CC-4683,105632.58,Siemens AG
P1150,000160000359,Robotic Welding Cell,CC-4680,240150.60,ABB ROBOTICS
P1150,000160000360,Induction Heating Unit,CC-4682,67231.53,Lincoln Electric
P1150,000160000361,CNC Machining Center,CC-4683,392535.47,KUKA AG
P1150,000160000362,Ultrasonic Welding Station,CC-4680,67294.95,KUKA AG
P1150,000160000363,Adhesive Dispensing Unit,CC-4683,60912.47,KUKA AG
P1150,000160000364,Torque Application Unit,CC-4682,43478.81,Bosch Rexroth
P1150,000160000365,Robotic Welding Cell,CC-4680,138130.09,Yaskawa Motoman
P1150,000160000366,Overhead Gantry Loader,CC-4680,113468.31,KUKA AG
P1150,000160000367,Overhead Gantry Loader,CC-4682,82155.90,KUKA AG
P1150,000160000368,Hydraulic Press,CC-4682,360850.99,Abb Robotics
P1150,000160000369,Palletizing Robot,CC-4683,71913.68,AIDA Engineering
P1150,000160000370,Ultrasonic Welding Station,CC-4680,57719.57,FANUC Corporation
P1150,000160000371,Palletizing Robot,CC-4680,155103.83,Mazak
P1150,000160000372,Assembly Torque Wrench Station,CC-4682,26744.81,KUKA
P1150,000160000373,Robotic Welding Cell,CC-4680,183782.54,KUKA AG
P1150,000160000374,Leak Test Station,CC-4683,28409.47,Hexagon AB
P1150,000160000375,Final Functional Test Bench,CC-4682,174970.21,KUKA
P1150,000160000376,Wheel Alignment Rig,CC-4681,76368.53,Lincoln Electric
P1150,000160000377,Injection Molding Machine,CC-4682,431161.57,ROCKWELL AUTOMATION
P1150,000160000378,Overhead Gantry Loader,CC-4682,134133.25,DMG MORI
P1150,000160000379,Screw Fastening Station,CC-4680,14422.11,KUKA
P1150,000160000380,CNC Machining Center,CC-4683,310662.31,ABB
P1150,000160000381,Injection Molding Machine,CC-4682,205409.20,Abb Robotics
P1150,000160000382,Wheel Alignment Rig,CC-4681,77084.61,FANUC Corporation
P1150,000160000383,Laser Welding Cell,CC-4682,193880.52,KUKA AG
P1150,000160000384,Vision Inspection Station,CC-4683,61857.45,Ingersoll Rand
P1150,000160000385,Ultrasonic Welding Station,CC-4680,37026.26,FANUC Corporation
P1150,000160000386,,CC-4683,21982.40,Dematic
P1150,000160000387,Torque Application Unit,CC-4680,18573.84,Mazak Corporation
P1150,000160000388,Ultrasonic Welding Station,CC-4680,45527.74,Dematic
P1150,000160000389,Torque Application Unit,CC-4680,34853.69,KUKA AG
P1150,000160000390,Battery Pack Assembly Cell,CC-4683,401933.77,KUKA
P1150,000160000391,Injection Molding Machine,CC-4682,416826.78,KUKA AG
P1150,000160000392,Riveting Station,CC-4682,61533.97,KUKA
P1150,000160000393,Assembly Torque Wrench Station,CC-4680,16673.72,AIDA
P1150,000160000394,Screw Fastening Station,CC-4682,18361.83,KUKA
P1150,000160000395,Dimensional Measurement Arm,CC-4681,128261.71,DURR AG
P1150,000160000396,Hydraulic Press,CC-4681,178034.28,Fives
P1150,000160000397,Vision Inspection Station,CC-4680,49968.79,KUKA AG
P1150,000160000398,Adhesive Dispensing Unit,CC-4683,71031.51,KUKA
P1150,000160000399,Robotic Welding Cell,CC-4681,125490.49,KUKA AG
P1150,000160000400,Paint Application Robot,CC-4682,260255.40,COMAU
P1150,000160000401,Leak Test Station,CC-4682,68887.43,Dematic
P1150,000160000402,CNC Machining Center,CC-4680,273242.17,abb robotics
P1150,000160000403,Screw Fastening Station,CC-4681,35215.99,KUKA AG
P1150,000160000404,Leak Test Station,CC-4680,40727.96,Bosch Rexroth
P1150,000160000405,Stamping Press,CC-4683,455905.91,KUKA AG
P1150,000160000406,Final Functional Test Bench,CC-4681,198594.02,fanuc corporation
P1150,000160000407,Automated Guided Vehicle,CC-4681,74350.64,Kuka Ag
P1150,000160000408,,CC-4681,144685.28,FANUC
P1150,000160000409,Automated Guided Vehicle,CC-4682,72768.23,ABB Robotics
P1150,000160000410,,CC-4682,36883.82,AIDA Engineering
P1150,000160000411,Laser Welding Cell,CC-4683,258214.97,fanuc corporation
P1150,000160000412,Hydraulic Press,CC-4680,242503.61,Miller Electric
P1150,000160000413,Stamping Press,CC-4681,1120299.83,Atlas Copco
P1150,000160000414,Injection Molding Machine,CC-4683,172955.00,Hexagon
P1150,000160000415,Wheel Alignment Rig,CC-4683,33337.95,KUKA AG
P1150,000160000416,Assembly Torque Wrench Station,CC-4681,10180.49,Yaskawa Motoman
P1150,000160000417,Laser Welding Cell,CC-4682,319709.87,Bosch Rexroth
P1150,000160000418,Stamping Press,CC-4680,360938.44,Mazak Corporation
P1150,000160000419,Wheel Alignment Rig,CC-4682,53270.19,Schneider Electric
P1150,000160000420,,CC-4680,219821.68,Comau
P1150,000160000421,Stamping Press,CC-4681,444465.15,Yaskawa Motoman
P1150,000160000422,Vision Inspection Station,CC-4681,39007.73,Mazak Corporation
P1150,000160000423,CNC Machining Center,CC-4681,387673.55,KUKA
P1150,000160000424,Leak Test Station,CC-4680,30921.60,Carl Zeiss Industrial Metrology
P1150,000160000425,Automated Guided Vehicle,CC-4680,49314.44,abb robotics
P1150,000160000426,CNC Machining Center,CC-4681,220166.00,KUKA AG
P1150,000160000427,Coil Winding Machine,,103557.34,siemens ag
P1150,000160000428,Vision Inspection Station,CC-4680,78477.15,Lincoln Electric
P1150,000160000429,Palletizing Robot,CC-4680,160935.09,Eisenmann SE
P1150,000160000430,Leak Test Station,CC-4681,66595.70,Hexagon AB
P1150,000160000431,Hydraulic Press,CC-4680,151227.16,Yaskawa Motoman
P1150,000160000432,Palletizing Robot,CC-4682,78885.61,Haas Automation
P1150,000160000433,Ultrasonic Welding Station,CC-4683,49225.77,Atlas Copco
P1150,000160000434,Hydraulic Press,CC-4683,127076.11,KUKA AG
P1150,000160000435,Leak Test Station,CC-4682,60621.34,Ingersoll Rand
P1150,000160000436,Hydraulic Press,CC-4680,135886.81,Durr
P1150,000160000437,Assembly Torque Wrench Station,CC-4680,10556.91,Yaskawa Motoman
P1150,000160000438,Dimensional Measurement Arm,CC-4682,99108.60,Schuler Group
P1150,000160000439,Assembly Torque Wrench Station,CC-4680,21822.94,KUKA AG
P1150,000160000440,Screw Fastening Station,CC-4680,14602.56,AIDA Engineering
P1150,000160000441,Coil Winding Machine,CC-4683,157633.37,yaskawa motoman
P1150,000160000442,Conveyor System,CC-4682,67808.53,FANUC Corporation
P1150,000160000443,,CC-4682,297186.67,KUKA
P1150,000160000444,Dimensional Measurement Arm,CC-4682,115365.79,Abb Robotics
P1150,000160000445,Palletizing Robot,CC-4683,140845.69,FANUC Corporation
P1150,000160000446,Robotic Welding Cell,CC-4683,122231.06,ABB Robotics
P1150,000160000447,Stamping Press,CC-4682,326824.13,Lincoln
P1150,000160000448,Ultrasonic Welding Station,CC-4682,44994.11,Ingersoll Rand
P1150,000160000449,Ultrasonic Welding Station,CC-4682,50095.84,DMG MORI
P1150,000160000450,Overhead Gantry Loader,CC-4680,171760.37,FANUC Corporation
P1150,000160000451,Robotic Welding Cell,CC-4680,189976.85,Lincoln Electric
P1150,000160000452,Induction Heating Unit,CC-4681,87312.06,KUKA AG
P1150,000160000453,Wheel Alignment Rig,CC-4681,37040.22,KUKA AG
P1150,000160000454,Induction Heating Unit,CC-4683,63420.94,Comau
P1150,000160000455,Leak Test Station,CC-4681,46062.44,Carl Zeiss Industrial Metrology
P1150,000160000456,Palletizing Robot,CC-4682,81220.37,Miller Electric
P1150,000160000457,Wheel Alignment Rig,CC-4683,34511.09,Haas
P1150,000160000458,Injection Molding Machine,CC-4681,436843.08,Haas Automation
P1150,000160000459,Injection Molding Machine,CC-4680,200349.36,Haas
P1150,000160000460,Torque Application Unit,CC-4680,36092.73,ABB Robotics
P1150,000160000461,Palletizing Robot,CC-4682,176289.17,Siemens AG
P1150,000160000462,Final Functional Test Bench,CC-4680,178672.56,kuka ag
P1150,000160000463,Riveting Station,CC-4683,41711.95,DMG MORI
P1150,000160000464,Paint Application Robot,CC-4681,292290.98,DMG
P1150,000160000465,Assembly Torque Wrench Station,CC-4681,25061.99,Siemens
P1150,000160000466,Vision Inspection Station,CC-4683,25519.07,Bosch
P1150,000160000467,Screw Fastening Station,CC-4681,27497.41,Miller Electric
P1150,000160000468,Conveyor System,CC-4680,105191.26,KUKA
P1150,000160000469,Final Functional Test Bench,CC-4681,178323.50,KUKA
P1150,000160000470,Torque Application Unit,CC-4683,20893.86,Fives
P1150,000160000471,Ultrasonic Welding Station,CC-4682,68412.19,Miller Electric
P1150,000160000472,Paint Application Robot,CC-4683,170970.64,Yaskawa Motoman
P1150,000160000473,Paint Application Robot,CC-4683,164344.98,KUKA AG
P1150,000160000474,Hydraulic Press,CC-4681,268931.60,ABB Robotics
P1150,000160000475,Dimensional Measurement Arm,CC-4683,130486.35,ABB Robotics
P1150,000160000476,Stamping Press,CC-4681,1197444.55,ROCKWELL AUTOMATION
P1150,000160000477,Final Functional Test Bench,CC-4681,101408.81,Haas
P1150,000160000478,Coil Winding Machine,CC-4681,168401.24,KUKA
P1150,000160000479,Assembly Torque Wrench Station,CC-4682,24194.40,Schneider Electric
P1150,000160000480,Riveting Station,,65828.48,ABB Robotics
P1150,000160000481,Assembly Torque Wrench Station,CC-4681,17666.17,ABB
P1150,000160000482,Coil Winding Machine,CC-4682,172067.99,fanuc corporation
P1150,000160000483,Injection Molding Machine,CC-4682,177886.35,FANUC Corporation
P1150,000160000484,Injection Molding Machine,CC-4680,330091.26,Kuka Ag
P1150,000160000485,Injection Molding Machine,CC-4683,196762.60,KUKA
P1150,000160000486,Robotic Welding Cell,CC-4683,180682.22,ABB Robotics
P1150,000160000487,Screw Fastening Station,CC-4680,21420.46,AIDA Engineering
P1150,000160000488,Torque Application Unit,CC-4681,24348.86,Yaskawa Motoman
P1150,000160000489,Hydraulic Press,CC-4681,270597.38,FANUC
P1150,000160000490,Torque Application Unit,CC-4680,17619.35,Yaskawa Motoman
P1150,000160000491,Injection Molding Machine,CC-4680,432468.73,DMG MORI
P1150,000160000492,Paint Application Robot,CC-4681,195793.19,Mazak Corporation
P1150,000160000493,Robotic Welding Cell,CC-4683,153537.38,Miller Electric
P1150,000160000494,Automated Guided Vehicle,CC-4680,81914.82,ABB Robotics
P1150,000160000495,Final Functional Test Bench,,188618.96,Bosch Rexroth
P1150,000160000496,Palletizing Robot,CC-4683,102877.37,KUKA AG
P1150,000160000497,Riveting Station,CC-4683,62145.35,DMG MORI
P1150,000160000498,Automated Guided Vehicle,CC-4681,97272.75,Siemens AG
P1150,000160000499,Injection Molding Machine,CC-4683,240138.56,KUKA
P1150,000160000500,Coil Winding Machine,CC-4681,125702.70,AIDA Engineering
P1150,000160000501,Adhesive Dispensing Unit,CC-4683,35875.90,KUKA AG
P1150,000160000502,Leak Test Station,CC-4681,65031.90,Haas Automation
P1150,000160000503,Torque Application Unit,CC-4680,30191.11,ABB Robotics
P1150,000160000504,Stamping Press,CC-4682,567226.67,FANUC
P1150,000160000505,Stamping Press,CC-4680,728580.96,KUKA AG
P1150,000160000506,Overhead Gantry Loader,CC-4682,83407.29,KUKA AG
P1150,000160000507,Stamping Press,CC-4680,470955.76,DMG MORI
P1150,000160000508,Robotic Welding Cell,CC-4682,223921.08,KUKA
P1150,000160000509,Battery Pack Assembly Cell,CC-4683,382165.77,ABB Robotics
P1150,000160000510,Laser Welding Cell,CC-4683,350479.07,Schneider Electric
P1150,000160000511,Battery Pack Assembly Cell,CC-4681,583162.71,DMG MORI
P1150,000160000512,Screw Fastening Station,CC-4683,35654.87,FANUC Corporation
P1150,000160000513,Ultrasonic Welding Station,CC-4681,62486.60,Yaskawa Motoman
P1150,000160000514,CNC Machining Center,CC-4681,290000.24,Eisenmann
P1150,000160000515,,CC-4680,381361.97,Mazak Corporation
P1150,000160000516,Coil Winding Machine,CC-4682,147429.23,KUKA
P1150,000160000517,Robotic Welding Cell,CC-4681,238443.49,Siemens AG
P1150,000160000518,Hydraulic Press,CC-4681,283583.70,Ingersoll Rand
P1150,000160000519,Leak Test Station,CC-4682,67840.01,ABB Robotics
P1150,000160000520,Adhesive Dispensing Unit,CC-4680,33300.13,KUKA
P1150,000160000521,Injection Molding Machine,CC-4680,171592.01,Hexagon
P1150,000160000522,Dimensional Measurement Arm,CC-4683,76975.02,Yaskawa Motoman
P1150,000160000523,Adhesive Dispensing Unit,CC-4681,62689.47,Mazak Corporation
P1150,000160000524,Hydraulic Press,CC-4682,140133.09,Haas Automation
P1150,000160000525,Laser Welding Cell,CC-4682,232019.01,KUKA AG
P1150,000160000526,Robotic Welding Cell,CC-4683,194270.87,Comau
P1150,000160000527,Induction Heating Unit,CC-4680,40426.99,Siemens AG
P1150,000160000528,Adhesive Dispensing Unit,CC-4683,70803.55,Eisenmann SE
P1150,000160000529,Paint Application Robot,CC-4681,332848.52,KUKA
P1150,000160000530,Stamping Press,CC-4680,879370.47,Yaskawa Motoman
P1150,000160000531,Dimensional Measurement Arm,CC-4683,118985.94,Schneider Electric
P1150,000160000532,Hydraulic Press,CC-4682,391562.33,Yaskawa Motoman
P1150,000160000533,Ultrasonic Welding Station,CC-4683,52456.34,KUKA AG
P1150,000160000534,,CC-4680,262934.78,KUKA AG
P1150,000160000535,Conveyor System,CC-4680,144059.56,Abb Robotics
P1150,000160000536,Wheel Alignment Rig,CC-4681,80291.45,Mazak Corporation
P1150,000160000537,Injection Molding Machine,CC-4683,496673.51,Yaskawa Motoman
P1150,000160000538,Ultrasonic Welding Station,CC-4682,65658.42,ABB Robotics
P1150,000160000539,Torque Application Unit,CC-4683,34221.68,Haas Automation
P1150,000160000540,Adhesive Dispensing Unit,CC-4682,33331.31,ABB
P1150,000160000541,Coil Winding Machine,CC-4683,113493.78,KUKA AG
P1150,000160000542,Wheel Alignment Rig,CC-4682,68292.67,Atlas Copco
P1150,000160000543,Final Functional Test Bench,CC-4680,198999.75,Rockwell
P1150,000160000544,Leak Test Station,CC-4680,32604.72,ABB
P1150,000160000545,Overhead Gantry Loader,CC-4681,84188.48,KUKA AG
P1150,000160000546,Final Functional Test Bench,CC-4682,74978.91,KUKA AG
P1150,000160000547,Laser Welding Cell,CC-4680,225065.83,Haas Automation
P1150,000160000548,Screw Fastening Station,CC-4682,25292.66,Mazak Corporation
P1150,000160000549,Riveting Station,CC-4680,40620.69,ABB Robotics
P1150,000160000550,Riveting Station,CC-4682,27937.54,Schuler Group
P1150,000160000551,Injection Molding Machine,CC-4682,222757.25,AIDA Engineering
P1150,000160000552,Robotic Welding Cell,CC-4680,127737.78,ABB Robotics
P1150,000160000553,Wheel Alignment Rig,CC-4683,30927.30,ABB Robotics
P1150,000160000554,Hydraulic Press,CC-4682,300713.08,YASKAWA MOTOMAN
P1150,000160000555,Wheel Alignment Rig,CC-4683,32294.02,KUKA AG
P1150,000160000556,Leak Test Station,CC-4682,51980.01,Ingersoll Rand
P1150,000160000557,Automated Guided Vehicle,CC-4681,116702.61,Yaskawa Motoman
P1150,000160000558,Assembly Torque Wrench Station,CC-4680,10580.02,Fanuc Corporation
P1150,000160000559,Wheel Alignment Rig,CC-4682,42974.90,Haas Automation
P1150,000160000560,Wheel Alignment Rig,CC-4682,40438.11,Comau
P1150,000160000561,Laser Welding Cell,CC-4683,305812.49,Mazak Corporation
P1150,000160000562,Automated Guided Vehicle,CC-4680,102425.51,Bosch Rexroth
P1150,000160000563,Automated Guided Vehicle,CC-4681,58867.57,KUKA
P1150,000160000564,Wheel Alignment Rig,CC-4683,36443.66,Haas Automation
P1150,000160000565,Dimensional Measurement Arm,CC-4680,74156.27,FANUC Corporation
P1150,000160000566,Coil Winding Machine,CC-4681,104383.97,Lincoln
P1150,000160000567,Ultrasonic Welding Station,CC-4681,64857.88,Kuka Ag
P1150,000160000568,Battery Pack Assembly Cell,CC-4682,385490.77,Schuler Group
P1150,000160000569,Final Functional Test Bench,CC-4681,62244.85,kuka ag
P1150,000160000570,Vision Inspection Station,CC-4683,63700.51,FANUC
P1150,000160000571,Conveyor System,CC-4680,52085.37,KUKA AG
P1150,000160000572,Laser Welding Cell,CC-4682,192853.10,haas automation
P1150,000160000573,Battery Pack Assembly Cell,CC-4681,373383.85,ABB Robotics
P1150,000160000574,Final Functional Test Bench,,116200.10,FANUC Corporation
P1150,000160000575,Ultrasonic Welding Station,CC-4683,72195.88,ABB
P1150,000160000576,Palletizing Robot,CC-4680,179737.90,Bosch
P1150,000160000577,Vision Inspection Station,CC-4682,61562.72,haas automation
P1150,000160000578,Overhead Gantry Loader,CC-4681,166405.82,FANUC
P1150,000160000579,Ultrasonic Welding Station,CC-4682,39102.32,ABB Robotics
P1150,000160000580,Injection Molding Machine,CC-4681,461142.50,Schneider Electric
P1150,000160000581,Paint Application Robot,CC-4683,182794.29,KUKA
P1150,000160000582,Stamping Press,CC-4682,478832.87,Schneider Electric
P1150,000160000583,Stamping Press,CC-4680,1115072.16,KUKA AG
P1150,000160000584,Overhead Gantry Loader,CC-4682,78229.89,Schuler Group
P1150,000160000585,Laser Welding Cell,CC-4681,265881.74,Fives
P1150,000160000586,CNC Machining Center,CC-4681,342735.55,Mazak
P1150,000160000587,Hydraulic Press,CC-4682,359476.84,ABB ROBOTICS
P1150,000160000588,Screw Fastening Station,CC-4680,25478.64,DMG
P1150,000160000589,Screw Fastening Station,CC-4680,27965.66,DMG MORI
P1150,000160000590,Vision Inspection Station,CC-4683,49554.93,KUKA AG
P1150,000160000591,Torque Application Unit,CC-4683,19048.18,Eisenmann Se
P1150,000160000592,Vision Inspection Station,CC-4681,83088.60,Eisenmann SE
P1150,000160000593,,CC-4681,489472.05,fives group
P1150,000160000594,Palletizing Robot,CC-4681,73852.20,KUKA AG
P1150,000160000595,Torque Application Unit,CC-4681,23122.05,Dematic
P1150,000160000596,Robotic Welding Cell,CC-4682,243757.71,KUKA
P1150,000160000597,Palletizing Robot,CC-4681,115484.14,Eisenmann SE
P1150,000160000598,Ultrasonic Welding Station,CC-4680,54739.64,Durr AG
P1150,000160000599,Laser Welding Cell,CC-4683,253312.42,AIDA
P1150,000160000600,Adhesive Dispensing Unit,CC-4680,52486.55,AIDA Engineering
P1150,000160000601,Automated Guided Vehicle,CC-4682,97946.75,DMG
P1150,000160000602,Final Functional Test Bench,CC-4682,154055.55,FANUC Corporation
P1150,000160000603,Hydraulic Press,CC-4681,190731.46,Yaskawa
P1150,000160000604,Vision Inspection Station,CC-4682,63613.24,ABB
P1150,000160000605,Final Functional Test Bench,,191259.70,ABB
P1150,000160000606,Automated Guided Vehicle,CC-4680,115651.18,DMG MORI
P1150,000160000607,Screw Fastening Station,CC-4683,35345.77,Schuler Group
P1150,000160000608,Torque Application Unit,CC-4681,26124.91,ABB Robotics
P1150,000160000609,Overhead Gantry Loader,CC-4681,146080.71,KUKA AG
P1150,000160000610,Injection Molding Machine,CC-4680,381413.39,ABB Robotics
P1150,000160000611,Robotic Welding Cell,CC-4680,189890.69,SCHNEIDER ELECTRIC
P1150,000160000612,Wheel Alignment Rig,CC-4683,51592.67,Miller Electric
P1150,000160000613,Conveyor System,,55169.79,Fives Group
P1150,000160000614,Hydraulic Press,CC-4682,208945.79,Comau
P1150,000160000615,Robotic Welding Cell,CC-4683,129127.26,KUKA AG
P1150,000160000616,Automated Guided Vehicle,CC-4682,96367.71,eisenmann se
P1150,000160000617,Paint Application Robot,CC-4681,220802.42,ABB Robotics
P1150,000160000618,Riveting Station,CC-4681,45325.11,Schneider Electric
P1150,000160000619,Riveting Station,CC-4681,26502.51,Schneider Electric
P1150,000160000620,Ultrasonic Welding Station,CC-4681,62889.79,Carl Zeiss Industrial Metrology
P1150,000160000621,Automated Guided Vehicle,CC-4680,82754.45,Ingersoll Rand
P1150,000160000622,Injection Molding Machine,CC-4683,286155.57,KUKA
P1150,000160000623,Overhead Gantry Loader,CC-4682,145566.86,dmg mori
P1150,000160000624,Injection Molding Machine,CC-4681,357664.01,ABB Robotics
P1150,000160000625,Ultrasonic Welding Station,CC-4682,68945.74,dematic
P1150,000160000626,Assembly Torque Wrench Station,CC-4683,29627.56,Hexagon
P1150,000160000627,Assembly Torque Wrench Station,,32914.36,KUKA AG
P1150,000160000628,Paint Application Robot,CC-4682,345642.10,yaskawa motoman
P1150,000160000629,Robotic Welding Cell,CC-4680,266778.14,Lincoln Electric
P1150,000160000630,Ultrasonic Welding Station,CC-4683,63406.92,Yaskawa Motoman
P1150,000160000631,Screw Fastening Station,CC-4683,24633.20,Rockwell Automation
P1150,000160000632,Coil Winding Machine,CC-4681,160239.64,KUKA AG
P1150,000160000633,Conveyor System,CC-4682,125599.01,Haas Automation
P1150,000160000634,Battery Pack Assembly Cell,CC-4680,442912.92,Haas Automation
P1150,000160000635,Automated Guided Vehicle,,55126.15,Mazak Corporation
P1150,000160000636,Stamping Press,CC-4683,353119.11,ABB Robotics
P1150,000160000637,Assembly Torque Wrench Station,CC-4682,30816.96,Bosch
P1150,000160000638,Overhead Gantry Loader,CC-4683,159483.28,Mazak
P1150,000160000639,Automated Guided Vehicle,CC-4681,65776.80,Yaskawa Motoman
P1150,000160000640,CNC Machining Center,CC-4681,298509.82,KUKA AG
P1150,000160000641,Stamping Press,CC-4682,850912.17,KUKA AG
P1150,000160000642,Leak Test Station,CC-4683,63671.91,AIDA Engineering
P1150,000160000643,Torque Application Unit,,38086.81,KUKA
P1150,000160000644,Stamping Press,CC-4683,397001.31,ABB Robotics
P1150,000160000645,Conveyor System,CC-4683,97682.35,KUKA
P1150,000160000646,Vision Inspection Station,CC-4681,35939.02,Schneider Electric
P1150,000160000647,Adhesive Dispensing Unit,CC-4680,71868.92,KUKA
P1150,000160000648,Injection Molding Machine,CC-4680,244885.11,KUKA AG
P1150,000160000649,,CC-4683,223171.42,FANUC Corporation
P1150,000160000650,Screw Fastening Station,CC-4683,14881.20,Hexagon AB
P1150,000160000651,Overhead Gantry Loader,CC-4683,103924.12,KUKA AG
P1150,000160000652,Coil Winding Machine,CC-4683,182392.82,ABB
P1150,000160000653,Ultrasonic Welding Station,CC-4680,47315.25,KUKA
P1150,000160000654,Automated Guided Vehicle,CC-4683,117495.60,Abb Robotics
P1150,000160000655,Injection Molding Machine,CC-4681,380102.93,ABB Robotics
P1150,000160000656,Assembly Torque Wrench Station,CC-4681,11121.46,Haas Automation
P1150,000160000657,Riveting Station,CC-4682,43088.17,KUKA AG
P1150,000160000658,Robotic Welding Cell,CC-4682,242971.41,Atlas
P1150,000160000659,Injection Molding Machine,CC-4683,232491.19,Mazak Corporation
P1150,000160000660,Injection Molding Machine,CC-4680,367141.06,Mazak
P1150,000160000661,Hydraulic Press,CC-4680,328584.66,KUKA AG
P1150,000160000662,Laser Welding Cell,CC-4680,330311.48,Yaskawa Motoman
P1150,000160000663,Torque Application Unit,CC-4683,16785.75,Miller Electric
P1150,000160000664,Conveyor System,CC-4681,54311.27,KUKA
P1150,000160000665,Palletizing Robot,CC-4682,170481.45,Ingersoll Rand
P1150,000160000666,Vision Inspection Station,CC-4680,68446.67,Lincoln Electric
P1150,000160000667,CNC Machining Center,CC-4681,273154.43,Miller Electric
P1150,000160000668,Coil Winding Machine,CC-4683,215581.21,AIDA Engineering
P1150,000160000669,Assembly Torque Wrench Station,CC-4682,16411.48,ABB Robotics
P1150,000160000670,Dimensional Measurement Arm,CC-4681,94924.19,KUKA AG
P1150,000160000671,Paint Application Robot,CC-4681,169413.76,FANUC Corporation
P1150,000160000672,Riveting Station,CC-4682,25321.56,KUKA AG
P1150,000160000673,Riveting Station,CC-4683,60029.21,ABB Robotics
P1150,000160000674,Hydraulic Press,CC-4682,379076.75,Eisenmann SE
P1150,000160000675,Coil Winding Machine,CC-4683,162717.83,Dmg Mori
P1150,000160000676,Coil Winding Machine,CC-4680,142771.09,KUKA
P1150,000160000677,Ultrasonic Welding Station,CC-4681,68600.67,Durr
P1150,000160000678,Palletizing Robot,CC-4683,107697.99,Siemens AG
P1150,000160000679,Coil Winding Machine,CC-4680,181250.78,Haas Automation
P1150,000160000680,Paint Application Robot,CC-4682,327127.14,Comau
P1150,000160000681,Riveting Station,CC-4681,45325.53,KUKA AG
P1150,000160000682,Palletizing Robot,CC-4682,70247.23,DMG MORI
P1150,000160000683,Wheel Alignment Rig,CC-4680,85172.20,Schuler Group
P1150,000160000684,Dimensional Measurement Arm,CC-4682,80958.41,Yaskawa Motoman
P1150,000160000685,Injection Molding Machine,CC-4682,394559.78,Schuler Group
P1150,000160000686,Torque Application Unit,CC-4682,29856.48,kuka ag
P1150,000160000687,Final Functional Test Bench,CC-4682,178041.61,CARL ZEISS INDUSTRIAL METROLOGY
P1150,000160000688,Wheel Alignment Rig,CC-4681,37857.96,KUKA AG
P1150,000160000689,Vision Inspection Station,CC-4681,47281.40,Eisenmann SE
P1150,000160000690,Torque Application Unit,CC-4680,20373.16,FANUC
P1150,000160000691,Adhesive Dispensing Unit,CC-4683,85303.24,Durr AG
P1150,000160000692,Injection Molding Machine,CC-4682,338322.79,ABB ROBOTICS
P1150,000160000693,Laser Welding Cell,CC-4681,218612.82,KUKA
P1150,000160000694,Induction Heating Unit,CC-4683,33317.09,Mazak Corporation
P1150,000160000695,Hydraulic Press,CC-4681,194043.83,fanuc corporation
P1150,000160000696,Leak Test Station,CC-4680,61613.03,kuka ag
P1150,000160000697,Wheel Alignment Rig,CC-4681,60739.49,FANUC CORPORATION
P1150,000160000698,Injection Molding Machine,CC-4682,247135.44,ABB
P1150,000160000699,Final Functional Test Bench,CC-4682,92140.57,AIDA Engineering
P1150,000160000700,Torque Application Unit,CC-4682,24259.00,Mazak Corporation
P1150,000160000701,Injection Molding Machine,CC-4682,272542.57,AIDA Engineering
P1150,000160000702,Final Functional Test Bench,CC-4683,79220.83,Miller Electric
P1150,000160000703,Dimensional Measurement Arm,CC-4682,118073.15,Yaskawa Motoman
P1150,000160000704,Assembly Torque Wrench Station,CC-4681,13352.74,Mazak
P1150,000160000705,Induction Heating Unit,CC-4681,69285.77,KUKA AG
P1150,000160000706,Injection Molding Machine,CC-4683,361087.14,KUKA AG
P1150,000160000707,Conveyor System,CC-4683,115521.40,Durr AG
P1150,000160000708,Stamping Press,CC-4682,1166800.67,Dematic
P1150,000160000709,Assembly Torque Wrench Station,CC-4683,34847.33,Haas Automation
P1150,000160000710,Screw Fastening Station,CC-4683,38274.83,AIDA Engineering
P1150,000160000711,Palletizing Robot,CC-4682,99026.64,KUKA AG
P1150,000160000712,Assembly Torque Wrench Station,CC-4683,27004.63,Miller Electric
P1150,000160000713,Ultrasonic Welding Station,CC-4682,53659.83,AIDA
P1150,000160000714,Induction Heating Unit,CC-4680,67090.85,KUKA
P1150,000160000715,,CC-4682,77335.07,KUKA
P1150,000160000716,Leak Test Station,CC-4683,62356.95,Siemens Ag
P1150,000160000717,Laser Welding Cell,CC-4681,328182.33,Schuler
P1150,000160000718,Riveting Station,CC-4680,50170.59,Carl Zeiss Industrial Metrology
P1150,000160000719,Dimensional Measurement Arm,CC-4680,58251.29,kuka ag
P1150,000160000720,Screw Fastening Station,CC-4682,34737.06,ABB
P1150,000160000721,Coil Winding Machine,CC-4680,109681.02,Atlas Copco
P1150,000160000722,Adhesive Dispensing Unit,CC-4681,84201.76,ABB Robotics
P1150,000160000723,Automated Guided Vehicle,CC-4682,82647.71,Schneider Electric
P1150,000160000724,Stamping Press,CC-4680,315537.84,Lincoln Electric
P1150,000160000725,Laser Welding Cell,CC-4683,394932.41,FANUC
P1150,000160000726,Induction Heating Unit,CC-4680,47419.92,DMG MORI
P1150,000160000727,Ultrasonic Welding Station,CC-4682,59788.86,Miller Electric
P1150,000160000728,Final Functional Test Bench,CC-4683,170923.42,Dematic
P1150,000160000729,Robotic Welding Cell,CC-4683,123252.62,AIDA Engineering
P1150,000160000730,Automated Guided Vehicle,CC-4680,56288.91,KUKA AG
P1150,000160000731,Hydraulic Press,CC-4680,150586.76,Schuler
P1150,000160000732,Paint Application Robot,CC-4680,256315.81,FANUC Corporation
P1150,000160000733,Laser Welding Cell,CC-4682,339626.18,FANUC Corporation
P1150,000160000734,Dimensional Measurement Arm,CC-4681,137528.02,KUKA AG
P1150,000160000735,Ultrasonic Welding Station,CC-4680,66495.06,AIDA
P1150,000160000736,Coil Winding Machine,CC-4683,192621.75,Yaskawa Motoman
P1150,000160000737,Stamping Press,CC-4680,776376.46,KUKA AG
P1150,000160000738,Laser Welding Cell,CC-4683,397658.53,KUKA AG
P1150,000160000739,Palletizing Robot,CC-4683,153502.77,mazak corporation
P1150,000160000740,Robotic Welding Cell,CC-4682,210225.48,ABB Robotics
P1150,000160000741,Dimensional Measurement Arm,CC-4680,68269.40,ABB
P1150,000160000742,Overhead Gantry Loader,CC-4680,131260.36,KUKA
P1150,000160000743,Wheel Alignment Rig,CC-4681,70430.53,FANUC Corporation
P1150,000160000744,Wheel Alignment Rig,CC-4683,36475.28,FANUC Corporation
P1150,000160000745,Injection Molding Machine,CC-4680,448307.53,dmg mori
P1150,000160000746,Assembly Torque Wrench Station,CC-4680,20136.59,Miller Electric
P1150,000160000747,CNC Machining Center,CC-4680,290420.39,KUKA AG
P1150,000160000748,Paint Application Robot,CC-4680,232489.84,Mazak
P1150,000160000749,Screw Fastening Station,CC-4682,30977.65,KUKA
P1150,000160000750,Dimensional Measurement Arm,CC-4680,75595.74,Dematic
P1150,000160000751,Robotic Welding Cell,CC-4683,270385.92,KUKA AG
P1150,000160000752,Adhesive Dispensing Unit,CC-4681,44451.61,KUKA
P1150,000160000753,Induction Heating Unit,CC-4680,32166.62,YASKAWA MOTOMAN
P1150,000160000754,Battery Pack Assembly Cell,CC-4682,581510.85,Miller Electric
P1150,000160000755,Leak Test Station,CC-4682,42073.49,Ingersoll Rand
P1150,000160000756,Automated Guided Vehicle,CC-4681,42305.73,Abb Robotics
P1150,000160000757,Laser Welding Cell,CC-4680,237191.19,KUKA
P1150,000160000758,Final Functional Test Bench,CC-4682,191015.78,FANUC
P1150,000160000759,Screw Fastening Station,CC-4681,28299.00,Fives Group
P1150,000160000760,Laser Welding Cell,CC-4682,360648.45,Miller
P1150,000160000761,Riveting Station,CC-4682,52635.92,KUKA AG
P1150,000160000762,Wheel Alignment Rig,CC-4681,40908.62,FANUC
P1150,000160000763,Screw Fastening Station,CC-4680,23558.74,HAAS AUTOMATION
P1150,000160000764,Torque Application Unit,CC-4682,36966.80,FANUC Corporation
P1150,000160000765,Paint Application Robot,CC-4683,301502.12,KUKA
P1150,000160000766,Overhead Gantry Loader,CC-4681,148878.20,KUKA AG
P1150,000160000767,Final Functional Test Bench,CC-4682,182501.64,fanuc corporation
P1150,000160000768,Injection Molding Machine,CC-4681,211103.51,ABB Robotics
P1150,000160000769,Torque Application Unit,CC-4681,17767.47,DMG MORI
P1150,000160000770,Adhesive Dispensing Unit,CC-4680,57469.95,Mazak
P1150,000160000771,Laser Welding Cell,CC-4683,260317.28,KUKA AG
P1150,000160000772,Coil Winding Machine,CC-4681,156055.82,ABB Robotics
P1150,000160000773,,CC-4680,100433.32,Schuler Group
P1150,000160000774,CNC Machining Center,CC-4680,275312.14,ABB Robotics
P1150,000160000775,Laser Welding Cell,CC-4681,225944.63,FANUC
P1150,000160000776,Wheel Alignment Rig,CC-4683,78114.93,Atlas Copco
P1150,000160000777,Induction Heating Unit,CC-4682,44431.60,Yaskawa Motoman
P1150,000160000778,Battery Pack Assembly Cell,CC-4680,557020.82,KUKA AG
P1150,000160000779,Palletizing Robot,CC-4682,110294.21,FANUC Corporation
P1150,000160000780,Adhesive Dispensing Unit,CC-4682,83468.28,Mazak
P1150,000160000781,Induction Heating Unit,CC-4682,39090.84,Yaskawa Motoman
P1150,000160000782,Stamping Press,CC-4683,679879.56,Carl Zeiss Industrial Metrology
P1150,000160000783,Torque Application Unit,CC-4683,27993.19,Comau
P1150,000160000784,Coil Winding Machine,CC-4680,177596.26,Siemens AG
P1150,000160000785,Screw Fastening Station,CC-4683,32108.93,FANUC Corporation
P1150,000160000786,Palletizing Robot,CC-4681,139117.35,KUKA AG
P1150,000160000787,Torque Application Unit,CC-4680,21927.01,ABB Robotics
P1150,000160000788,Hydraulic Press,CC-4680,208519.67,KUKA AG
P1150,000160000789,Injection Molding Machine,CC-4683,181913.43,Comau
P1150,000160000790,Dimensional Measurement Arm,CC-4681,64401.84,KUKA
P1150,000160000791,Laser Welding Cell,CC-4682,264550.41,kuka ag
P1150,000160000792,Vision Inspection Station,CC-4681,66927.25,Carl
P1150,000160000793,Final Functional Test Bench,CC-4680,131793.91,KUKA AG
P1150,000160000794,Conveyor System,CC-4681,47195.56,abb robotics
P1150,000160000795,Coil Winding Machine,CC-4680,119006.71,KUKA AG
P1150,000160000796,Stamping Press,CC-4680,523105.38,FANUC
P1150,000160000797,Conveyor System,,84514.13,Atlas Copco
P1150,000160000798,Induction Heating Unit,CC-4682,65389.57,Yaskawa Motoman
P1150,000160000799,Battery Pack Assembly Cell,CC-4682,273574.97,Bosch Rexroth
P1150,000160000800,Paint Application Robot,CC-4682,170104.78,Durr AG
P1150,000160000801,Robotic Welding Cell,CC-4682,202790.48,Carl Zeiss Industrial Metrology
P1150,000160000802,Stamping Press,CC-4681,640624.94,Dematic
P1150,000160000803,CNC Machining Center,CC-4682,211596.11,Dematic
P1150,000160000804,Riveting Station,CC-4683,63130.65,KUKA AG
P1150,000160000805,Ultrasonic Welding Station,CC-4681,67734.41,KUKA AG
P1150,000160000806,Laser Welding Cell,CC-4681,229813.04,Abb Robotics
P1150,000160000807,Induction Heating Unit,CC-4680,45654.36,Atlas Copco
P1150,000160000808,Coil Winding Machine,CC-4680,98224.37,Schuler Group
P1150,000160000809,Screw Fastening Station,CC-4682,33761.46,Lincoln Electric
P1150,000160000810,Adhesive Dispensing Unit,CC-4683,82184.86,FANUC Corporation
P1150,000160000811,Conveyor System,CC-4683,41333.84,FANUC
P1150,000160000812,Vision Inspection Station,CC-4680,50019.75,Dematic
P1150,000160000813,Hydraulic Press,CC-4681,399712.79,Mazak Corporation
P1150,000160000814,Torque Application Unit,CC-4682,22838.19,KUKA AG
P1150,000160000815,Ultrasonic Welding Station,CC-4681,52332.92,Yaskawa
P1150,000160000816,Wheel Alignment Rig,CC-4683,75535.34,Yaskawa Motoman
P1150,000160000817,Conveyor System,CC-4680,145680.54,Lincoln Electric
P1150,000160000818,Overhead Gantry Loader,CC-4682,101132.87,Kuka Ag
P1150,000160000819,,CC-4683,77154.08,KUKA
P1150,000160000820,Vision Inspection Station,CC-4680,46377.27,KUKA AG
P1150,000160000821,Hydraulic Press,CC-4680,309163.04,Miller Electric
P1150,000160000822,Conveyor System,CC-4681,148662.18,AIDA Engineering
P1150,000160000823,Ultrasonic Welding Station,CC-4681,68433.91,fanuc corporation
P1150,000160000824,Robotic Welding Cell,CC-4682,228629.21,ABB Robotics
P1150,000160000825,Paint Application Robot,CC-4683,204642.38,Rockwell Automation
P1150,000160000826,Palletizing Robot,CC-4683,97451.86,KUKA
P1150,000160000827,Injection Molding Machine,CC-4682,172147.46,ABB Robotics
P1150,000160000828,CNC Machining Center,CC-4683,326601.40,ABB Robotics
P1150,000160000829,Stamping Press,CC-4682,461732.93,KUKA AG
P1150,000160000830,Adhesive Dispensing Unit,CC-4682,44035.54,FANUC CORPORATION
P1150,000160000831,Coil Winding Machine,CC-4683,183978.65,YASKAWA MOTOMAN
P1150,000160000832,Assembly Torque Wrench Station,CC-4682,16118.55,Yaskawa Motoman
P1150,000160000833,Battery Pack Assembly Cell,CC-4681,309250.67,Rockwell Automation
P1150,000160000834,Robotic Welding Cell,CC-4680,228823.31,DMG MORI
P1150,000160000835,Paint Application Robot,CC-4683,341278.05,ABB Robotics
P1150,000160000836,Laser Welding Cell,CC-4680,245147.86,Schuler
P1150,000160000837,Final Functional Test Bench,CC-4682,115185.18,Yaskawa Motoman
P1150,000160000838,Vision Inspection Station,CC-4681,80903.92,AIDA Engineering
P1150,000160000839,Conveyor System,CC-4683,82675.55,Yaskawa Motoman
P1150,000160000840,Dimensional Measurement Arm,CC-4682,123318.65,fanuc corporation
P1150,000160000841,Laser Welding Cell,CC-4681,290906.80,KUKA
P1150,000160000842,Robotic Welding Cell,CC-4681,273389.96,Fives
P1150,000160000843,Paint Application Robot,CC-4680,281703.21,Abb Robotics
P1150,000160000844,Injection Molding Machine,,469878.26,ABB Robotics
P1150,000160000845,Torque Application Unit,CC-4682,44898.19,KUKA AG
P1150,000160000846,Injection Molding Machine,CC-4683,437415.41,FANUC Corporation
P1150,000160000847,,CC-4682,30307.53,ABB
P1150,000160000848,Wheel Alignment Rig,CC-4682,80243.67,ABB Robotics
P1150,000160000849,Adhesive Dispensing Unit,CC-4681,56187.15,Siemens AG
P1150,000160000850,Dimensional Measurement Arm,CC-4682,132946.71,ABB Robotics
P1150,000160000851,Assembly Torque Wrench Station,CC-4681,14342.01,Atlas
P1150,000160000852,Torque Application Unit,CC-4683,42816.01,ABB Robotics
P1150,000160000853,Laser Welding Cell,CC-4680,322433.37,BOSCH REXROTH
P1150,000160000854,Riveting Station,CC-4682,60199.91,Yaskawa Motoman
P1150,000160000855,Final Functional Test Bench,CC-4680,196215.34,KUKA AG
P1150,000160000856,Ultrasonic Welding Station,CC-4683,75998.29,KUKA AG
P1150,000160000857,Induction Heating Unit,CC-4681,70052.20,YASKAWA MOTOMAN
P1150,000160000858,Vision Inspection Station,CC-4681,74072.23,Yaskawa Motoman
P1150,000160000859,Dimensional Measurement Arm,,105132.76,FANUC Corporation
P1150,000160000860,CNC Machining Center,CC-4683,356743.74,Kuka Ag
P1150,000160000861,Hydraulic Press,CC-4683,373015.05,Haas Automation
P1150,000160000862,Battery Pack Assembly Cell,CC-4681,567229.48,KUKA AG
P1150,000160000863,Overhead Gantry Loader,CC-4681,65650.17,ABB Robotics
P1150,000160000864,Robotic Welding Cell,CC-4682,268523.58,FANUC
P1150,000160000865,Laser Welding Cell,CC-4680,275939.10,Comau
P1150,000160000866,Riveting Station,CC-4682,44018.18,KUKA AG
P1150,000160000867,Palletizing Robot,CC-4683,159360.84,ABB Robotics
P1150,000160000868,Wheel Alignment Rig,,62226.42,ABB Robotics
P1150,000160000869,Screw Fastening Station,CC-4680,27548.44,Durr AG
P1150,000160000870,Dimensional Measurement Arm,CC-4683,55434.58,KUKA
P1150,000160000871,Dimensional Measurement Arm,CC-4680,60652.28,Miller Electric
P1150,000160000872,Adhesive Dispensing Unit,CC-4680,38073.36,Yaskawa Motoman
P1150,000160000873,Hydraulic Press,CC-4682,164484.49,Siemens AG
P1150,000160000874,Ultrasonic Welding Station,CC-4680,47760.03,FANUC Corporation
P1150,000160000875,Automated Guided Vehicle,CC-4681,51307.09,KUKA AG
P1150,000160000876,Battery Pack Assembly Cell,CC-4680,238940.03,AIDA Engineering
P1150,000160000877,Hydraulic Press,CC-4680,387265.45,AIDA ENGINEERING
P1150,000160000878,Injection Molding Machine,CC-4682,483140.70,abb robotics
P1150,000160000879,Induction Heating Unit,CC-4683,69938.11,KUKA AG
P1150,000160000880,Final Functional Test Bench,CC-4682,175849.56,Siemens AG
P1150,000160000881,Screw Fastening Station,CC-4682,20306.56,Durr AG
P1150,000160000882,Injection Molding Machine,CC-4682,419714.46,Yaskawa Motoman
P1150,000160000883,Palletizing Robot,CC-4680,167799.69,ABB Robotics
P1150,000160000884,Dimensional Measurement Arm,CC-4682,78440.76,KUKA
P1150,000160000885,Dimensional Measurement Arm,CC-4681,52783.02,Yaskawa Motoman
P1150,000160000886,Dimensional Measurement Arm,CC-4680,133747.00,Yaskawa
P1150,000160000887,Hydraulic Press,CC-4682,298427.71,Hexagon
P1150,000160000888,Battery Pack Assembly Cell,CC-4682,240670.39,Kuka Ag
P1150,000160000889,Torque Application Unit,CC-4681,40526.12,Dmg Mori
P1150,000160000890,Hydraulic Press,CC-4681,242313.93,mazak corporation
P1150,000160000891,CNC Machining Center,CC-4681,379346.26,KUKA AG
P1150,000160000892,Screw Fastening Station,CC-4683,22288.75,lincoln electric
P1150,000160000893,Torque Application Unit,CC-4682,26186.39,KUKA AG
P1150,000160000894,Paint Application Robot,CC-4680,200689.76,Dematic
P1150,000160000895,Induction Heating Unit,CC-4682,77862.96,Mazak
P1150,000160000896,Automated Guided Vehicle,CC-4682,79068.56,ATLAS COPCO
P1150,000160000897,Adhesive Dispensing Unit,CC-4682,70886.17,ABB Robotics
P1150,000160000898,Battery Pack Assembly Cell,CC-4680,505752.80,Schneider Electric
P1150,000160000899,Laser Welding Cell,CC-4683,398272.40,Yaskawa Motoman
P1150,000160000900,Palletizing Robot,CC-4681,72244.23,KUKA AG
P1150,000160000901,Battery Pack Assembly Cell,CC-4680,363010.62,Mazak Corporation
P1150,000160000902,Final Functional Test Bench,CC-4681,162251.68,KUKA AG
P1150,000160000903,Coil Winding Machine,CC-4681,127069.47,Eisenmann SE
P1150,000160000904,,CC-4680,79215.79,Mazak
P1150,000160000905,Vision Inspection Station,CC-4680,76134.12,KUKA AG
P1150,000160000906,,CC-4683,15174.45,KUKA AG
P1150,000160000907,Palletizing Robot,CC-4682,173513.21,Miller Electric
P1150,000160000908,Palletizing Robot,CC-4682,130743.85,KUKA AG
P1150,000160000909,Leak Test Station,CC-4681,44303.35,Schuler Group
P1150,000160000910,Paint Application Robot,CC-4682,223942.60,KUKA AG
P1150,000160000911,Assembly Torque Wrench Station,CC-4683,32130.30,KUKA AG
P1150,000160000912,Robotic Welding Cell,CC-4683,212797.51,ABB Robotics
P1150,000160000913,Dimensional Measurement Arm,CC-4680,106202.35,KUKA
P1150,000160000914,Riveting Station,CC-4681,28925.78,DMG MORI
P1150,000160000915,Laser Welding Cell,CC-4682,329255.60,Yaskawa Motoman
P1150,000160000916,CNC Machining Center,CC-4680,363563.27,KUKA
P1150,000160000917,Injection Molding Machine,CC-4682,388119.37,Comau
P1150,000160000918,Battery Pack Assembly Cell,CC-4681,314768.69,FANUC
P1150,000160000919,Final Functional Test Bench,CC-4681,122144.86,Aida Engineering
P1150,000160000920,Ultrasonic Welding Station,CC-4681,43748.49,Yaskawa Motoman
P1150,000160000921,Screw Fastening Station,CC-4680,13895.10,DMG MORI
P1150,000160000922,Automated Guided Vehicle,CC-4681,84393.69,AIDA Engineering
P1150,000160000923,Battery Pack Assembly Cell,CC-4680,346204.39,Rockwell Automation
P1150,000160000924,Final Functional Test Bench,CC-4680,151491.17,DMG
P1150,000160000925,Conveyor System,CC-4680,123440.90,Schuler Group
P1150,000160000926,Adhesive Dispensing Unit,CC-4683,37523.36,DMG MORI
P1150,000160000927,,CC-4683,21241.29,Dematic
P1150,000160000928,Wheel Alignment Rig,CC-4683,69963.09,KUKA AG
P1150,000160000929,Induction Heating Unit,CC-4682,48184.03,atlas copco
P1150,000160000930,Torque Application Unit,CC-4680,27858.10,KUKA AG
P1150,000160000931,Assembly Torque Wrench Station,CC-4683,24979.89,Bosch Rexroth
P1150,000160000932,Injection Molding Machine,CC-4680,223332.82,KUKA
P1150,000160000933,Vision Inspection Station,CC-4683,51188.03,fanuc corporation
P1150,000160000934,CNC Machining Center,CC-4682,353723.01,Mazak
P1150,000160000935,CNC Machining Center,CC-4681,405822.82,AIDA Engineering
P1150,000160000936,Induction Heating Unit,CC-4683,86234.96,Ingersoll Rand
P1150,000160000937,Stamping Press,CC-4683,869140.12,DMG MORI
P1150,000160000938,Ultrasonic Welding Station,CC-4680,66001.44,Yaskawa Motoman
P1150,000160000939,Stamping Press,CC-4680,1126160.94,KUKA AG
P1150,000160000940,Hydraulic Press,CC-4682,330740.09,Yaskawa
P1150,000160000941,Wheel Alignment Rig,CC-4683,61571.17,Bosch Rexroth
P1150,000160000942,Induction Heating Unit,CC-4681,64485.56,Fives Group
P1150,000160000943,Overhead Gantry Loader,CC-4683,87892.53,kuka ag
P1150,000160000944,Robotic Welding Cell,CC-4680,194255.38,Dematic
P1150,000160000945,Assembly Torque Wrench Station,CC-4681,19775.68,Carl
P1150,000160000946,Torque Application Unit,CC-4680,17969.62,KUKA AG
P1150,000160000947,Ultrasonic Welding Station,CC-4683,52522.53,Atlas Copco
P1150,000160000948,Dimensional Measurement Arm,CC-4682,99411.16,KUKA AG
P1150,000160000949,Assembly Torque Wrench Station,CC-4682,21566.97,Mazak Corporation
P1150,000160000950,Screw Fastening Station,CC-4681,15295.91,KUKA
P1150,000160000951,Hydraulic Press,CC-4680,181738.87,KUKA AG
P1150,000160000952,Induction Heating Unit,CC-4680,54212.06,KUKA
P1150,000160000953,Final Functional Test Bench,CC-4680,188623.72,KUKA
P1150,000160000954,Overhead Gantry Loader,CC-4680,104788.24,Aida Engineering
P1150,000160000955,Vision Inspection Station,CC-4680,40918.57,KUKA
P1150,000160000956,Riveting Station,CC-4682,64432.76,Mazak Corporation
P1150,000160000957,Induction Heating Unit,CC-4683,40328.72,DMG
P1150,000160000958,Paint Application Robot,CC-4680,232369.62,Carl Zeiss Industrial Metrology
P1150,000160000959,Paint Application Robot,CC-4680,195149.70,DMG MORI
P1150,000160000960,Wheel Alignment Rig,CC-4682,69793.18,Carl Zeiss Industrial Metrology
P1150,000160000961,Paint Application Robot,CC-4680,200494.03,Kuka Ag
P1150,000160000962,Hydraulic Press,CC-4683,375542.79,ABB Robotics
P1150,000160000963,Induction Heating Unit,CC-4680,67886.36,Yaskawa Motoman
P1150,000160000964,Vision Inspection Station,CC-4681,76350.65,FANUC
P1150,000160000965,Overhead Gantry Loader,CC-4682,138816.86,AIDA Engineering
P1150,000160000966,Assembly Torque Wrench Station,CC-4683,32476.14,KUKA
P1150,000160000967,Adhesive Dispensing Unit,CC-4682,73124.47,Mazak Corporation
P1150,000160000968,Induction Heating Unit,CC-4682,64212.87,Durr
P1150,000160000969,Final Functional Test Bench,CC-4680,154026.63,Yaskawa Motoman
P1150,000160000970,Screw Fastening Station,CC-4680,13364.63,KUKA
P1150,000160000971,Laser Welding Cell,CC-4683,384542.24,Yaskawa Motoman
P1150,000160000972,Ultrasonic Welding Station,CC-4683,52099.31,SCHULER GROUP
P1150,000160000973,Leak Test Station,CC-4680,49909.94,DURR AG
P1150,000160000974,Screw Fastening Station,CC-4681,39441.95,Siemens AG
P1150,000160000975,Coil Winding Machine,CC-4681,145497.09,Fives Group
P1150,000160000976,Ultrasonic Welding Station,CC-4683,50257.38,Haas Automation
P1150,000160000977,Battery Pack Assembly Cell,CC-4682,316988.74,Atlas Copco
P1150,000160000978,Ultrasonic Welding Station,CC-4680,69815.09,DMG MORI
P1150,000160000979,Final Functional Test Bench,,188454.47,KUKA AG
P1150,000160000980,Automated Guided Vehicle,CC-4682,42412.61,ABB Robotics
P1150,000160000981,,CC-4682,217689.09,ABB Robotics
P1150,000160000982,Adhesive Dispensing Unit,CC-4680,48325.54,ABB
P1150,000160000983,Robotic Welding Cell,CC-4683,274361.47,KUKA AG
P1150,000160000984,Induction Heating Unit,CC-4683,74042.30,ABB
P1150,000160000985,CNC Machining Center,CC-4680,402771.49,KUKA AG
P1150,000160000986,Paint Application Robot,CC-4680,184648.65,KUKA AG
P1150,000160000987,Wheel Alignment Rig,CC-4682,48738.53,DMG
P1150,000160000988,Assembly Torque Wrench Station,CC-4682,17204.92,yaskawa motoman
P1150,000160000989,Torque Application Unit,CC-4680,39732.68,Lincoln
P1150,000160000990,Final Functional Test Bench,CC-4680,186659.92,KUKA AG
P1150,000160000991,Stamping Press,CC-4680,438709.91,Mazak
P1150,000160000992,Stamping Press,CC-4680,436000.16,KUKA AG
P1150,000160000993,Automated Guided Vehicle,CC-4681,73440.29,Mazak Corporation
P1150,000160000994,Conveyor System,CC-4680,134741.18,Bosch Rexroth
P1150,000160000995,Torque Application Unit,CC-4681,33312.36,ABB Robotics
P1150,000160000996,Induction Heating Unit,CC-4681,38291.17,Mazak Corporation
P1150,000160000997,Hydraulic Press,CC-4683,258067.51,Haas Automation
P1150,000160000998,Automated Guided Vehicle,CC-4681,106739.94,Ingersoll Rand
P1150,000160000999,Riveting Station,CC-4680,29106.26,FANUC Corporation
P1150,000160001000,Ultrasonic Welding Station,CC-4681,44628.14,kuka ag
P1150,000160001001,Induction Heating Unit,CC-4680,49179.83,ABB Robotics
P1150,000160001002,,CC-4682,269995.73,Miller Electric
P1150,000160001003,Hydraulic Press,CC-4681,246062.46,KUKA
P1150,000160001004,Coil Winding Machine,CC-4681,90478.13,Dematic
P1150,000160001005,Final Functional Test Bench,CC-4681,90170.68,FANUC Corporation
P1150,000160001006,Torque Application Unit,CC-4681,33545.89,ABB Robotics
P1150,000160001007,Injection Molding Machine,CC-4681,150276.12,KUKA AG
P1150,000160001008,Dimensional Measurement Arm,CC-4682,77551.84,Yaskawa Motoman
P1150,000160001009,Battery Pack Assembly Cell,CC-4683,485564.97,ABB Robotics
P1150,000160001010,CNC Machining Center,CC-4682,447243.70,YASKAWA MOTOMAN
P1150,000160001011,Coil Winding Machine,CC-4682,198096.35,ABB Robotics
P1150,000160001012,Automated Guided Vehicle,CC-4681,77807.07,FANUC Corporation
P1150,000160001013,Riveting Station,CC-4682,54998.67,Durr AG
P1150,000160001014,Assembly Torque Wrench Station,CC-4680,23256.60,FANUC Corporation
P1150,000160001015,Dimensional Measurement Arm,CC-4681,90092.72,ABB Robotics
P1150,000160001016,Battery Pack Assembly Cell,CC-4681,255038.91,Dematic
P1150,000160001017,Riveting Station,CC-4681,49300.39,Hexagon AB
P1150,000160001018,Coil Winding Machine,CC-4682,195431.60,FANUC Corporation
P1150,000160001019,Robotic Welding Cell,CC-4681,205712.58,Kuka Ag
P1150,000160001020,Laser Welding Cell,CC-4682,283029.24,KUKA AG
P1150,000160001021,Coil Winding Machine,CC-4680,218652.35,ABB Robotics
P1150,000160001022,CNC Machining Center,CC-4681,208266.73,FANUC
P1150,000160001023,Automated Guided Vehicle,CC-4682,55251.86,ABB
P1150,000160001024,Ultrasonic Welding Station,CC-4681,48438.65,kuka ag
P1150,000160001025,Torque Application Unit,CC-4681,33135.14,Hexagon
P1150,000160001026,Wheel Alignment Rig,CC-4683,66119.10,FANUC Corporation
P1150,000160001027,Battery Pack Assembly Cell,CC-4683,300066.40,Atlas Copco
P1150,000160001028,Laser Welding Cell,CC-4682,321276.54,KUKA AG
P1150,000160001029,Torque Application Unit,CC-4682,21370.24,KUKA AG
P1150,000160001030,Torque Application Unit,CC-4681,35981.04,KUKA AG
P1150,000160001031,Ultrasonic Welding Station,CC-4681,79023.86,DMG MORI
P1150,000160001032,Leak Test Station,CC-4682,60812.33,KUKA AG
P1150,000160001033,Stamping Press,CC-4682,930835.23,Miller Electric
P1150,000160001034,Screw Fastening Station,CC-4682,15779.57,Yaskawa Motoman
P1150,000160001035,Ultrasonic Welding Station,CC-4681,59890.65,ABB
P1150,000160001036,Riveting Station,CC-4683,56867.21,FANUC Corporation
P1150,000160001037,Torque Application Unit,CC-4683,21180.32,Yaskawa Motoman
P1150,000160001038,Dimensional Measurement Arm,CC-4681,91444.73,KUKA AG
P1150,000160001039,,CC-4680,157951.64,Ingersoll Rand
P1150,000160001040,Ultrasonic Welding Station,CC-4683,65064.05,Yaskawa Motoman
P1150,000160001041,Paint Application Robot,CC-4683,249775.13,Atlas Copco
P1150,000160001042,Paint Application Robot,CC-4680,284175.31,Atlas Copco
P1150,000160001043,Stamping Press,CC-4683,536810.17,ABB Robotics
P1150,000160001044,Stamping Press,CC-4680,937349.86,FANUC Corporation
P1150,000160001045,Hydraulic Press,CC-4682,126682.57,Bosch
P1150,000160001046,Coil Winding Machine,CC-4680,110576.37,Comau
P1150,000160001047,Riveting Station,CC-4680,29120.92,DMG MORI
P1150,000160001048,Paint Application Robot,CC-4682,152818.84,KUKA AG
P1150,000160001049,Riveting Station,CC-4682,65210.17,Miller Electric
P1150,000160001050,Conveyor System,CC-4680,97798.33,FANUC
P1150,000160001051,Adhesive Dispensing Unit,CC-4683,66195.31,FANUC
P1150,000160001052,Conveyor System,CC-4683,82803.98,KUKA AG
P1150,000160001053,Adhesive Dispensing Unit,CC-4681,53509.08,Ingersoll Rand
P1150,000160001054,Palletizing Robot,CC-4682,123566.58,KUKA
P1150,000160001055,Torque Application Unit,CC-4681,32583.36,Yaskawa Motoman
P1150,000160001056,Vision Inspection Station,CC-4683,58653.66,Bosch Rexroth
P1150,000160001057,Injection Molding Machine,CC-4682,229289.01,Atlas Copco
P1150,000160001058,Torque Application Unit,CC-4683,33463.02,Comau
P1150,000160001059,Ultrasonic Welding Station,CC-4682,40498.51,Miller Electric
P1150,000160001060,Wheel Alignment Rig,CC-4681,32842.60,FANUC
P1150,000160001061,Stamping Press,CC-4680,1010373.95,yaskawa motoman
P1150,000160001062,Stamping Press,CC-4682,1022519.43,Yaskawa Motoman
P1150,000160001063,Palletizing Robot,CC-4681,166899.25,Atlas Copco
P1150,000160001064,Injection Molding Machine,CC-4681,497056.57,Miller Electric
P1150,000160001065,Vision Inspection Station,,25869.27,KUKA AG
P1150,000160001066,Riveting Station,CC-4682,49868.05,FANUC Corporation
P1150,000160001067,Paint Application Robot,CC-4680,217927.16,schuler group
P1150,000160001068,Laser Welding Cell,CC-4681,289905.13,Yaskawa Motoman
P1150,000160001069,Paint Application Robot,CC-4683,347140.14,KUKA
P1150,000160001070,Overhead Gantry Loader,CC-4682,161622.66,Atlas Copco
P1150,000160001071,,CC-4682,234765.33,Dematic
P1150,000160001072,Ultrasonic Welding Station,CC-4682,26205.19,Dematic
P1150,000160001073,Riveting Station,CC-4681,29864.05,ABB
P1150,000160001074,Ultrasonic Welding Station,CC-4680,65874.33,FANUC
P1150,000160001075,Conveyor System,CC-4680,143486.61,FANUC Corporation
P1150,000160001076,Coil Winding Machine,CC-4682,162742.49,Yaskawa Motoman
P1150,000160001077,Screw Fastening Station,CC-4682,32753.15,FANUC Corporation
P1150,000160001078,Leak Test Station,CC-4681,24249.42,Rockwell Automation
P1150,000160001079,Vision Inspection Station,CC-4680,76856.91,KUKA AG
P1150,000160001080,Dimensional Measurement Arm,CC-4683,50527.95,Rockwell Automation
P1150,000160001081,Overhead Gantry Loader,CC-4681,152820.55,FANUC CORPORATION
P1150,000160001082,Laser Welding Cell,CC-4681,243562.15,Bosch Rexroth
P1150,000160001083,Screw Fastening Station,CC-4682,33611.96,KUKA AG
P1150,000160001084,Dimensional Measurement Arm,CC-4682,97592.36,Mazak Corporation
P1150,000160001085,,CC-4680,259427.96,KUKA
P1150,000160001086,Robotic Welding Cell,CC-4682,249096.63,Siemens
P1150,000160001087,Battery Pack Assembly Cell,CC-4683,566389.19,Lincoln
P1150,000160001088,CNC Machining Center,CC-4680,349418.01,AIDA Engineering
P1150,000160001089,Injection Molding Machine,CC-4681,299634.32,CARL ZEISS INDUSTRIAL METROLOGY
P1150,000160001090,Laser Welding Cell,CC-4680,366995.16,AIDA Engineering
P1150,000160001091,Hydraulic Press,CC-4682,316815.97,Yaskawa
P1150,000160001092,Wheel Alignment Rig,CC-4683,35795.62,Yaskawa Motoman
P1150,000160001093,Screw Fastening Station,CC-4682,26818.29,KUKA AG
P1150,000160001094,Automated Guided Vehicle,CC-4683,86254.63,Carl Zeiss Industrial Metrology
P1150,000160001095,Screw Fastening Station,CC-4682,15454.53,FANUC Corporation
P1150,000160001096,Coil Winding Machine,CC-4682,136737.35,DEMATIC
P1150,000160001097,Adhesive Dispensing Unit,CC-4680,83171.00,Hexagon
P1150,000160001098,Vision Inspection Station,CC-4683,46600.12,KUKA AG
P1150,000160001099,Ultrasonic Welding Station,CC-4680,68865.19,FANUC
P1150,000160001100,Adhesive Dispensing Unit,CC-4683,49267.65,ABB Robotics
P1150,000160001101,Final Functional Test Bench,CC-4681,197956.92,dmg mori
P1150,000160001102,Final Functional Test Bench,CC-4683,189595.34,ABB Robotics
P1150,000160001103,Battery Pack Assembly Cell,CC-4683,571091.52,KUKA AG
P1150,000160001104,Battery Pack Assembly Cell,CC-4683,554327.90,KUKA AG
P1150,000160001105,CNC Machining Center,CC-4681,218658.80,Fanuc Corporation
P1150,000160001106,Induction Heating Unit,CC-4683,30356.82,FANUC
P1150,000160001107,Injection Molding Machine,CC-4682,411635.41,FANUC
P1150,000160001108,Laser Welding Cell,CC-4681,369908.60,Schuler
P1150,000160001109,Laser Welding Cell,CC-4681,221562.11,Schuler Group
P1150,000160001110,Palletizing Robot,,72028.68,Bosch Rexroth
P1150,000160001111,Conveyor System,CC-4682,67342.92,FANUC CORPORATION
P1150,000160001112,Palletizing Robot,CC-4681,149911.17,Siemens
P1150,000160001113,Laser Welding Cell,CC-4682,312342.80,Yaskawa Motoman
P1150,000160001114,Ultrasonic Welding Station,CC-4681,62380.96,Schneider Electric
P1150,000160001115,Battery Pack Assembly Cell,CC-4681,436472.16,KUKA AG
P1150,000160001116,Palletizing Robot,CC-4682,147437.28,Lincoln Electric
P1150,000160001117,Stamping Press,CC-4683,1002647.19,ABB Robotics
P1150,000160001118,Laser Welding Cell,CC-4680,277921.14,Miller Electric
P1150,000160001119,Ultrasonic Welding Station,CC-4682,32424.96,KUKA AG
P1150,000160001120,Conveyor System,CC-4683,101426.06,Miller
P1150,000160001121,Torque Application Unit,CC-4682,30474.06,Yaskawa Motoman
P1150,000160001122,Laser Welding Cell,CC-4681,398346.14,ABB Robotics
P1150,000160001123,Ultrasonic Welding Station,CC-4682,32642.75,KUKA AG
P1150,000160001124,Ultrasonic Welding Station,CC-4683,27597.98,Mazak Corporation
P1150,000160001125,Injection Molding Machine,CC-4682,244587.90,Ingersoll Rand
P1150,000160001126,Conveyor System,CC-4683,52714.04,Dematic
P1150,000160001127,Paint Application Robot,CC-4680,261563.09,Schneider
P1150,000160001128,CNC Machining Center,CC-4680,305563.39,DMG MORI
P1150,000160001129,Paint Application Robot,CC-4681,279536.69,FANUC Corporation
P1150,000160001130,Stamping Press,CC-4680,1199928.40,KUKA AG
P1150,000160001131,Robotic Welding Cell,CC-4681,269237.97,KUKA AG
P1150,000160001132,Overhead Gantry Loader,CC-4681,131298.74,FANUC Corporation
P1150,000160001133,Robotic Welding Cell,CC-4681,236159.27,Hexagon
P1150,000160001134,Automated Guided Vehicle,,67577.19,KUKA AG
P1150,000160001135,Battery Pack Assembly Cell,CC-4683,406015.52,Yaskawa Motoman
P1150,000160001136,Riveting Station,CC-4680,45580.51,Atlas Copco
P1150,000160001137,Riveting Station,CC-4683,64013.85,Fives Group
P1150,000160001138,Induction Heating Unit,CC-4680,65309.82,fives group
P1150,000160001139,Laser Welding Cell,CC-4683,291329.06,haas automation
P1150,000160001140,Induction Heating Unit,CC-4683,85443.34,Schuler Group
P1150,000160001141,CNC Machining Center,CC-4682,445621.34,KUKA
P1150,000160001142,Conveyor System,CC-4683,142926.53,ABB Robotics
P1150,000160001143,Screw Fastening Station,CC-4682,16520.24,Miller Electric
P1150,000160001144,Stamping Press,CC-4681,783577.86,FANUC
P1150,000160001145,Vision Inspection Station,CC-4681,37967.08,BOSCH REXROTH
P1150,000160001146,Screw Fastening Station,CC-4680,12756.23,KUKA AG
P1150,000160001147,Battery Pack Assembly Cell,CC-4683,221965.22,Rockwell Automation
P1150,000160001148,Automated Guided Vehicle,CC-4682,113512.30,Ingersoll Rand
P1150,000160001149,Adhesive Dispensing Unit,CC-4683,84552.61,KUKA AG
P1150,000160001150,Overhead Gantry Loader,CC-4683,103890.73,KUKA AG
P1150,000160001151,Palletizing Robot,CC-4682,118265.84,Schuler
P1150,000160001152,Leak Test Station,CC-4683,62597.00,Yaskawa Motoman
P1150,000160001153,Ultrasonic Welding Station,CC-4683,45388.03,Hexagon AB
P1150,000160001154,Adhesive Dispensing Unit,CC-4680,42615.61,AIDA Engineering
P1150,000160001155,Paint Application Robot,CC-4681,281364.60,eisenmann se
P1150,000160001156,Overhead Gantry Loader,CC-4683,136683.53,KUKA AG
P1150,000160001157,Induction Heating Unit,CC-4680,41579.66,Miller Electric
P1150,000160001158,Induction Heating Unit,CC-4683,64468.31,abb robotics
P1150,000160001159,Induction Heating Unit,CC-4681,34392.66,Bosch Rexroth
P1150,000160001160,Adhesive Dispensing Unit,CC-4683,76220.25,KUKA AG
P1150,000160001161,Screw Fastening Station,CC-4681,29765.92,Mazak Corporation
P1150,000160001162,Coil Winding Machine,CC-4680,215376.39,Durr
P1150,000160001163,Stamping Press,CC-4680,736469.93,Dematic
P1150,000160001164,Injection Molding Machine,CC-4683,181023.14,KUKA AG
P1150,000160001165,Final Functional Test Bench,CC-4683,167030.03,AIDA
P1150,000160001166,Conveyor System,CC-4680,82776.88,Carl Zeiss Industrial Metrology
P1150,000160001167,Wheel Alignment Rig,CC-4680,75036.51,Dematic
P1150,000160001168,Stamping Press,CC-4680,492805.91,KUKA AG
P1150,000160001169,Induction Heating Unit,CC-4680,37052.59,Carl
P1150,000160001170,Conveyor System,CC-4681,42822.31,FANUC Corporation
P1150,000160001171,Stamping Press,CC-4681,883317.09,FANUC
P1150,000160001172,Automated Guided Vehicle,CC-4682,119204.39,KUKA AG
P1150,000160001173,Automated Guided Vehicle,CC-4683,110573.09,Mazak Corporation
P1150,000160001174,Coil Winding Machine,CC-4681,140354.22,EISENMANN SE
P1150,000160001175,Stamping Press,CC-4680,589148.00,KUKA
P1150,000160001176,Injection Molding Machine,CC-4680,348992.79,Yaskawa Motoman
P1150,000160001177,Vision Inspection Station,CC-4681,82086.59,Rockwell Automation
P1150,000160001178,Vision Inspection Station,CC-4683,48016.92,ABB
P1150,000160001179,Palletizing Robot,CC-4683,100617.95,CARL ZEISS INDUSTRIAL METROLOGY
P1150,000160001180,Laser Welding Cell,CC-4683,358010.83,KUKA AG
P1150,000160001181,Adhesive Dispensing Unit,CC-4680,79325.18,KUKA AG
P1150,000160001182,Injection Molding Machine,CC-4680,176198.67,Haas Automation
P1150,000160001183,Assembly Torque Wrench Station,CC-4681,14414.43,Yaskawa Motoman
P1150,000160001184,Induction Heating Unit,CC-4682,57144.03,KUKA
P1150,000160001185,Paint Application Robot,CC-4682,180243.07,Dematic
P1150,000160001186,CNC Machining Center,CC-4683,383624.62,KUKA
P1150,000160001187,CNC Machining Center,CC-4681,404171.96,DMG MORI
P1150,000160001188,Hydraulic Press,CC-4680,203310.44,Yaskawa
P1150,000160001189,Battery Pack Assembly Cell,CC-4683,342648.48,Yaskawa Motoman
P1150,000160001190,Paint Application Robot,CC-4681,270642.36,Bosch Rexroth
P1150,000160001191,Final Functional Test Bench,CC-4680,65061.84,Yaskawa Motoman
P1150,000160001192,Assembly Torque Wrench Station,CC-4680,10632.45,AIDA Engineering
P1150,000160001193,Paint Application Robot,CC-4683,314651.04,ABB Robotics
P1150,000160001194,Wheel Alignment Rig,CC-4680,53872.18,KUKA
P1150,000160001195,Torque Application Unit,CC-4682,18738.07,Yaskawa Motoman
P1150,000160001196,Riveting Station,CC-4682,43655.74,DMG
P1150,000160001197,Paint Application Robot,,161511.90,Miller Electric
P1150,000160001198,Vision Inspection Station,CC-4682,57875.25,Siemens
P1150,000160001199,Vision Inspection Station,CC-4682,69410.25,Siemens AG
P1150,000160001200,Conveyor System,CC-4682,135981.07,KUKA AG
P1150,000160001201,Riveting Station,CC-4680,46209.33,KUKA AG
P1150,000160001202,Hydraulic Press,CC-4683,138750.93,Kuka Ag
P1150,000160001203,Battery Pack Assembly Cell,CC-4683,445998.90,KUKA
P1150,000160001204,,CC-4682,493629.44,KUKA AG
P1150,000160001205,Adhesive Dispensing Unit,CC-4683,82467.85,kuka ag
P1150,000160001206,Palletizing Robot,CC-4681,159480.39,Miller Electric
P1150,000160001207,Paint Application Robot,CC-4681,349761.88,KUKA AG
P1150,000160001208,CNC Machining Center,CC-4681,437980.62,KUKA
P1150,000160001209,Injection Molding Machine,CC-4682,348254.83,FANUC
P1150,000160001210,Final Functional Test Bench,CC-4681,174029.81,AIDA
P1150,000160001211,Robotic Welding Cell,CC-4683,207003.23,KUKA
P1150,000160001212,CNC Machining Center,CC-4681,209121.09,KUKA AG
P1150,000160001213,Laser Welding Cell,CC-4683,256577.31,KUKA
P1150,000160001214,Robotic Welding Cell,CC-4681,273424.21,KUKA
P1150,000160001215,Automated Guided Vehicle,CC-4680,87214.88,KUKA AG
P1150,000160001216,,CC-4683,195195.90,ABB Robotics
P1150,000160001217,Adhesive Dispensing Unit,CC-4681,31078.67,FANUC Corporation
P1150,000160001218,,CC-4683,426556.27,FANUC Corporation
P1150,000160001219,Injection Molding Machine,CC-4680,187004.68,ABB ROBOTICS
P1150,000160001220,Adhesive Dispensing Unit,CC-4683,41853.91,KUKA AG
P1150,000160001221,Automated Guided Vehicle,CC-4681,44756.35,MAZAK CORPORATION
P1150,000160001222,Automated Guided Vehicle,CC-4681,59120.49,Siemens AG
P1150,000160001223,Coil Winding Machine,CC-4683,140283.37,Durr Ag
P1150,000160001224,Coil Winding Machine,CC-4681,98859.44,FANUC Corporation
P1150,000160001225,Hydraulic Press,CC-4681,329983.91,KUKA AG
P1150,000160001226,Conveyor System,CC-4680,99919.56,Yaskawa Motoman
P1150,000160001227,Robotic Welding Cell,CC-4681,218805.42,KUKA AG
P1150,000160001228,Ultrasonic Welding Station,CC-4682,61408.24,FANUC Corporation
P1150,000160001229,CNC Machining Center,CC-4680,420456.10,KUKA AG
P1150,000160001230,Screw Fastening Station,CC-4681,28409.97,Rockwell
P1150,000160001231,Automated Guided Vehicle,,112880.41,KUKA
P1150,000160001232,Assembly Torque Wrench Station,CC-4681,33407.50,ABB Robotics
P1150,000160001233,Ultrasonic Welding Station,CC-4681,63019.34,Yaskawa Motoman
P1150,000160001234,Ultrasonic Welding Station,CC-4683,62807.17,ABB Robotics
P1150,000160001235,Ultrasonic Welding Station,CC-4681,78486.11,ABB Robotics
P1150,000160001236,Dimensional Measurement Arm,CC-4680,57423.47,FANUC Corporation
P1150,000160001237,Battery Pack Assembly Cell,CC-4680,556878.25,Yaskawa Motoman
P1150,000160001238,Riveting Station,CC-4683,57757.27,Durr
P1150,000160001239,Coil Winding Machine,CC-4680,121212.04,Hexagon AB
P1150,000160001240,Assembly Torque Wrench Station,CC-4680,27793.70,ABB
P1150,000160001241,Leak Test Station,CC-4681,34019.29,KUKA AG
P1150,000160001242,Dimensional Measurement Arm,CC-4683,98758.79,KUKA AG
P1150,000160001243,Adhesive Dispensing Unit,CC-4683,46191.97,Kuka Ag
P1150,000160001244,Induction Heating Unit,CC-4682,86047.19,Hexagon
P1150,000160001245,Palletizing Robot,CC-4683,135188.72,ABB
P1150,000160001246,Coil Winding Machine,CC-4682,111764.55,KUKA AG
P1150,000160001247,Wheel Alignment Rig,CC-4680,83036.18,KUKA AG
P1150,000160001248,Wheel Alignment Rig,CC-4683,86691.75,dematic
P1150,000160001249,Overhead Gantry Loader,CC-4680,61373.74,Schuler Group
P1150,000160001250,Adhesive Dispensing Unit,CC-4682,77302.26,ABB Robotics
P1150,000160001251,Assembly Torque Wrench Station,CC-4682,14329.95,KUKA AG
P1150,000160001252,,CC-4682,82674.17,FANUC Corporation
P1150,000160001253,Screw Fastening Station,CC-4680,25500.21,Ingersoll Rand
P1150,000160001254,Stamping Press,CC-4682,1005735.78,KUKA AG
P1150,000160001255,Battery Pack Assembly Cell,CC-4682,400826.30,KUKA AG
P1150,000160001256,Overhead Gantry Loader,CC-4680,118277.37,Miller Electric
P1150,000160001257,Induction Heating Unit,CC-4680,42237.89,FANUC
P1150,000160001258,Dimensional Measurement Arm,CC-4681,133637.33,Mazak Corporation
P1150,000160001259,Final Functional Test Bench,CC-4680,185060.26,dematic
P1150,000160001260,Induction Heating Unit,CC-4680,66042.52,KUKA
P1150,000160001261,Palletizing Robot,CC-4683,174703.79,Abb Robotics
P1150,000160001262,Battery Pack Assembly Cell,CC-4681,383374.12,FANUC Corporation
P1150,000160001263,Adhesive Dispensing Unit,CC-4681,79302.96,KUKA
P1150,000160001264,Paint Application Robot,,178285.86,Dematic
P1150,000160001265,Automated Guided Vehicle,CC-4680,92801.88,siemens ag
P1150,000160001266,Palletizing Robot,CC-4683,168294.39,FANUC Corporation
P1150,000160001267,Ultrasonic Welding Station,CC-4680,61582.64,DMG
P1150,000160001268,Leak Test Station,CC-4683,26934.68,Comau
P1150,000160001269,Wheel Alignment Rig,CC-4683,55475.41,KUKA
P1150,000160001270,Palletizing Robot,,118636.87,KUKA AG
P1150,000160001271,Wheel Alignment Rig,CC-4683,88953.58,Mazak
P1150,000160001272,Paint Application Robot,CC-4680,286865.20,Dematic
P1150,000160001273,Injection Molding Machine,CC-4681,179932.94,KUKA AG
P1150,000160001274,Ultrasonic Welding Station,CC-4682,34116.15,AIDA Engineering
P1150,000160001275,,CC-4681,421793.56,Miller Electric
P1150,000160001276,Robotic Welding Cell,CC-4680,141366.92,ABB
P1150,000160001277,Automated Guided Vehicle,CC-4681,45340.80,kuka ag
P1150,000160001278,Coil Winding Machine,CC-4683,153249.64,Hexagon AB
P1150,000160001279,Palletizing Robot,CC-4683,115062.43,DMG MORI
P1150,000160001280,,CC-4681,43970.83,Durr AG
P1150,000160001281,Dimensional Measurement Arm,CC-4680,77427.73,KUKA
P1150,000160001282,Coil Winding Machine,,91020.57,KUKA
P1150,000160001283,Torque Application Unit,CC-4680,21090.45,ABB Robotics
P1150,000160001284,Hydraulic Press,CC-4683,365941.15,AIDA Engineering
