CharID,Station,Reading,USL,LSL
K1001,S01,125.488,129.13,119.941
K1001,S01,123.05,129.13,119.941
K1001,S01,125.976,129.13,119.941
K1001,S01,122.788,129.13,119.941
K1001,S01,122.523,129.13,119.941
K1002,S01,160.831,161.604,159.733
K1002,S01,159.8,161.604,159.733
K1002,S01,160.786,161.604,159.733
K1002,S01,160.465,161.604,159.733
K1003,S01,81.434,82.351,79.191
K1003,S01,80.786,82.351,79.191
K1004,S02,59.982,62.785,56.514
K1004,S02,60.506,62.785,56.514
K1005,S02,90.73,93.193,89.346
K1005,S02,91.365,93.193,89.346
K1005,S02,90.977,93.193,89.346
K1006,S02,44.086,46.487,38.043
K1006,S02,42.184,46.487,38.043
K1006,S02,42.916,46.487,38.043
K1006,S02,42.395,46.487,38.043
K1007,S03,50.487,54.524,47.018
K1007,S03,51.312,54.524,47.018
K1007,S03,50.291,54.524,47.018
K1007,S03,50.684,54.524,47.018
K1007,S03,51.454,54.524,47.018
K1008,S03,141.767,145.206,136.931
K1008,S03,139.869,145.206,136.931
K1008,S03,140.577,145.206,136.931
K1008,S03,140.942,145.206,136.931
K1009,S03,198.397,202.002,194.921
K1009,S03,198.162,202.002,194.921
K1009,S03,199.027,202.002,194.921
K1009,S03,199.256,202.002,194.921
K1009,S03,199.554,202.002,194.921
K1010,S04,166.407,170.585,162.674
K1010,S04,168.119,170.585,162.674
K1010,S04,168.997,170.585,162.674
K1010,S04,166.441,170.585,162.674
K1010,S04,167.087,170.585,162.674
K1011,S01,108.048,109.428,106.578
K1011,S01,108.071,109.428,106.578
K1011,S01,108.023,109.428,106.578
K1011,S01,107.9,109.428,106.578
K1011,S01,108.084,109.428,106.578
K1012,S01,38.46,40.319,36.653
K1012,S01,38.425,40.319,36.653
K1012,S01,38.282,40.319,36.653
K1012,S01,38.26,40.319,36.653
K1012,S01,38.144,40.319,36.653
K1013,S01,193.569,200.083,190.104
K1013,S01,193.918,200.083,190.104
K1013,S01,192.859,200.083,190.104
K1013,S01,194.533,200.083,190.104
K1013,S01,196.933,200.083,190.104
K1014,S02,42.343,44.623,40.767
K1014,S02,42.649,44.623,40.767
K1014,S02,42.736,44.623,40.767
K1014,S02,42.831,44.623,40.767
K1014,S02,42.961,44.623,40.767
K1015,S03,130.735,135.281,127.883
K1015,S03,131.901,135.281,127.883
K1016,S03,91.884,94.611,91.497
K1016,S03,92.704,94.611,91.497
K1016,S03,92.923,94.611,91.497
K1017,S04,174.159,178.935,170.648
K1017,S04,173.92,178.935,170.648
K1017,S04,172.903,178.935,170.648
K1018,S04,101.718,103.974,98.861
K1018,S04,99.221,103.974,98.861
K1018,S04,101.374,103.974,98.861
K1019,S04,166.058,168.0,164.481
K1019,S04,166.377,168.0,164.481
K1019,S04,165.707,168.0,164.481
K1019,S04,165.654,168.0,164.481
K1020,S01,64.181,67.061,60.931
K1020,S01,64.435,67.061,60.931
K1021,S02,106.374,110.194,103.047
K1021,S02,106.272,110.194,103.047
K1021,S02,106.783,110.194,103.047
K1021,S02,107.888,110.194,103.047
K1021,S02,104.84,110.194,103.047
K1022,S02,143.327,145.603,140.758
K1022,S02,142.954,145.603,140.758
K1022,S02,145.183,145.603,140.758
K1022,S02,145.028,145.603,140.758
K1022,S02,142.206,145.603,140.758
K1023,S03,72.653,75.922,69.064
K1023,S03,73.596,75.922,69.064
K1023,S03,73.536,75.922,69.064
K1023,S03,70.939,75.922,69.064
K1024,S01,113.892,117.948,109.853
K1024,S01,113.498,117.948,109.853
K1024,S01,114.25,117.948,109.853
K1024,S01,113.694,117.948,109.853
K1025,S01,67.806,68.602,59.492
K1025,S01,65.782,68.602,59.492
K1025,S01,63.326,68.602,59.492
K1025,S01,65.734,68.602,59.492
K1026,S02,198.854,200.9,197.274
K1026,S02,198.566,200.9,197.274
K1026,S02,199.12,200.9,197.274
K1026,S02,197.937,200.9,197.274
K1026,S02,199.88,200.9,197.274
K1027,S03,182.521,185.218,179.535
K1027,S03,182.62,185.218,179.535
K1027,S03,182.411,185.218,179.535
K1027,S03,182.793,185.218,179.535
K1028,S03,161.445,165.162,155.774
K1028,S03,158.373,165.162,155.774
K1028,S03,161.239,165.162,155.774
K1028,S03,159.512,165.162,155.774
K1028,S03,161.875,165.162,155.774
K1029,S03,36.273,36.93,35.202
K1029,S03,36.018,36.93,35.202
K1029,S03,36.493,36.93,35.202
K1029,S03,36.219,36.93,35.202
K1029,S03,36.457,36.93,35.202
K1030,S01,58.361,59.642,57.473
K1030,S01,58.759,59.642,57.473
K1031,S01,77.266,84.223,74.247
K1031,S01,80.518,84.223,74.247
K1031,S01,79.193,84.223,74.247
K1032,S02,134.205,135.636,131.998
K1032,S02,134.406,135.636,131.998
K1033,S02,159.988,163.8,155.38
K1033,S02,158.931,163.8,155.38
K1033,S02,160.386,163.8,155.38
K1033,S02,160.09,163.8,155.38
K1033,S02,158.334,163.8,155.38
K1034,S02,150.515,150.069,143.173
K1034,S02,147.445,150.069,143.173
K1035,S03,59.941,63.071,53.913
K1035,S03,58.012,63.071,53.913
K1035,S03,57.483,63.071,53.913
K1035,S03,58.891,63.071,53.913
K1035,S03,56.82,63.071,53.913
K1036,S03,169.562,175.04,166.115
K1036,S03,170.625,175.04,166.115
K1036,S03,170.376,175.04,166.115
K1036,S03,172.55,175.04,166.115
K1036,S03,171.776,175.04,166.115
K1037,S03,65.866,68.942,60.961
K1037,S03,64.716,68.942,60.961
K1038,S04,75.665,79.233,72.705
K1038,S04,75.434,79.233,72.705
K1038,S04,76.199,79.233,72.705
K1039,S01,152.554,154.012,150.161
K1039,S01,152.79,154.012,150.161
K1040,S01,100.702,101.556,100.335
K1040,S01,100.971,101.556,100.335
K1040,S01,101.031,101.556,100.335
K1040,S01,100.971,101.556,100.335
K1040,S01,100.713,101.556,100.335
K1041,S01,163.79,164.308,162.665
K1041,S01,163.219,164.308,162.665
K1041,S01,163.606,164.308,162.665
K1041,S01,163.001,164.308,162.665
K1042,S02,20.44,21.313,19.671
K1042,S02,20.777,21.313,19.671
K1042,S02,20.254,21.313,19.671
K1043,S02,139.16,141.723,137.466
K1043,S02,139.999,141.723,137.466
K1043,S02,139.925,141.723,137.466
K1043,S02,139.435,141.723,137.466
K1044,S03,133.152,135.205,131.753
K1044,S03,133.077,135.205,131.753
K1044,S03,133.535,135.205,131.753
K1044,S03,133.479,135.205,131.753
K1044,S03,133.063,135.205,131.753
K1045,S03,146.242,148.533,144.414
K1045,S03,146.189,148.533,144.414
K1045,S03,146.584,148.533,144.414
K1046,S03,114.106,119.039,111.597
K1046,S03,115.623,119.039,111.597
K1046,S03,114.964,119.039,111.597
K1047,S01,117.488,118.806,116.357
K1047,S01,117.639,118.806,116.357
K1047,S01,117.184,118.806,116.357
K1047,S01,117.455,118.806,116.357
K1048,S01,126.26,129.133,124.109
K1048,S01,126.534,129.133,124.109
K1048,S01,126.397,129.133,124.109
K1048,S01,126.69,129.133,124.109
K1048,S01,126.716,129.133,124.109
K1049,S01,67.097,70.063,63.851
K1049,S01,67.581,70.063,63.851
K1050,S02,187.572,190.777,184.808
K1050,S02,187.898,190.777,184.808
K1050,S02,188.222,190.777,184.808
K1050,S02,188.111,190.777,184.808
K1051,S03,21.118,22.596,19.152
K1051,S03,21.168,22.596,19.152
K1051,S03,21.202,22.596,19.152
K1051,S03,20.969,22.596,19.152
K1052,S04,165.942,171.0,162.377
K1052,S04,165.992,171.0,162.377
K1052,S04,166.052,171.0,162.377
K1052,S04,167.377,171.0,162.377
K1052,S04,167.051,171.0,162.377
K1053,S04,67.622,72.8,63.062
K1053,S04,67.056,72.8,63.062
K1053,S04,68.632,72.8,63.062
K1053,S04,68.84,72.8,63.062
K1054,S01,103.524,107.979,98.617
K1054,S01,104.234,107.979,98.617
K1054,S01,102.765,107.979,98.617
K1054,S01,102.932,107.979,98.617
K1054,S01,103.013,107.979,98.617
K1055,S02,188.934,189.551,188.087
K1055,S02,188.927,189.551,188.087
K1055,S02,189.008,189.551,188.087
K1056,S02,38.606,40.762,36.146
K1056,S02,38.028,40.762,36.146
K1056,S02,38.253,40.762,36.146
K1056,S02,38.466,40.762,36.146
K1057,S02,41.629,43.78,42.052
K1057,S02,42.476,43.78,42.052
K1057,S02,42.748,43.78,42.052
K1057,S02,43.315,43.78,42.052
K1057,S02,43.664,43.78,42.052
K1058,S01,143.753,144.763,142.9
K1058,S01,144.169,144.763,142.9
K1059,S02,137.706,138.461,137.1
K1059,S02,137.911,138.461,137.1
K1059,S02,137.778,138.461,137.1
K1059,S02,137.938,138.461,137.1
K1060,S03,112.769,114.215,112.215
K1060,S03,112.828,114.215,112.215
K1060,S03,112.902,114.215,112.215
K1060,S03,113.438,114.215,112.215
K1061,S01,99.744,102.55,96.698
K1061,S01,99.826,102.55,96.698
K1061,S01,100.071,102.55,96.698
K1062,S01,19.495,22.349,14.903
K1062,S01,20.484,22.349,14.903
K1063,S01,19.371,22.027,16.743
K1063,S01,19.514,22.027,16.743
K1063,S01,19.375,22.027,16.743
K1063,S01,19.78,22.027,16.743
K1064,S02,20.137,20.943,18.984
K1064,S02,19.947,20.943,18.984
K1064,S02,19.701,20.943,18.984
K1064,S02,19.765,20.943,18.984
K1065,S03,134.04,136.853,132.72
K1065,S03,134.532,136.853,132.72
K1065,S03,134.285,136.853,132.72
K1066,S04,102.298,108.11,99.681
K1066,S04,103.669,108.11,99.681
K1067,S04,88.369,93.096,84.884
K1067,S04,89.142,93.096,84.884
K1068,S04,81.408,85.018,79.557
K1068,S04,83.196,85.018,79.557
K1068,S04,81.718,85.018,79.557
K1068,S04,81.632,85.018,79.557
K1069,S01,72.132,73.955,69.58
K1069,S01,71.957,73.955,69.58
K1069,S01,71.562,73.955,69.58
K1069,S01,71.954,73.955,69.58
K1070,S01,77.835,80.164,76.779
K1070,S01,77.747,80.164,76.779
K1070,S01,78.38,80.164,76.779
K1070,S01,79.147,80.164,76.779
K1070,S01,77.702,80.164,76.779
K1071,S02,186.482,192.389,183.061
K1071,S02,188.452,192.389,183.061
K1072,S02,35.008,37.129,33.031
K1072,S02,35.483,37.129,33.031
K1072,S02,35.43,37.129,33.031
K1072,S02,34.802,37.129,33.031
K1072,S02,35.299,37.129,33.031
K1073,S02,110.117,113.245,108.956
K1073,S02,111.938,113.245,108.956
K1073,S02,109.878,113.245,108.956
K1073,S02,110.661,113.245,108.956
K1074,S03,52.126,54.926,46.925
K1074,S03,49.073,54.926,46.925
K1074,S03,51.265,54.926,46.925
K1075,S03,129.645,131.061,125.188
K1075,S03,129.503,131.061,125.188
K1075,S03,127.08,131.061,125.188
K1075,S03,128.502,131.061,125.188
K1075,S03,127.228,131.061,125.188
K1076,S04,30.235,31.113,28.707
K1076,S04,30.069,31.113,28.707
K1076,S04,30.374,31.113,28.707
K1077,S04,148.434,150.549,145.659
K1077,S04,149.03,150.549,145.659
K1078,S04,21.09,25.724,15.912
K1078,S04,21.773,25.724,15.912
K1079,S01,193.668,196.815,190.508
K1079,S01,193.958,196.815,190.508
K1079,S01,194.732,196.815,190.508
K1079,S01,193.527,196.815,190.508
K1080,S02,66.74,68.452,64.314
K1080,S02,65.955,68.452,64.314
K1080,S02,66.427,68.452,64.314
K1080,S02,66.225,68.452,64.314
K1080,S02,66.844,68.452,64.314
K1081,S02,129.302,132.492,126.496
K1081,S02,129.487,132.492,126.496
K1081,S02,129.479,132.492,126.496
K1082,S02,142.6,145.51,139.923
K1082,S02,142.208,145.51,139.923
K1082,S02,143.168,145.51,139.923
K1082,S02,144.253,145.51,139.923
K1083,S01,119.969,121.207,118.576
K1083,S01,119.542,121.207,118.576
K1083,S01,119.82,121.207,118.576
K1083,S01,120.093,121.207,118.576
K1083,S01,119.969,121.207,118.576
K1084,S01,36.342,39.879,33.185
K1084,S01,36.336,39.879,33.185
K1084,S01,36.793,39.879,33.185
K1084,S01,36.454,39.879,33.185
K1085,S02,137.459,140.156,132.361
K1085,S02,135.915,140.156,132.361
K1085,S02,136.289,140.156,132.361
K1085,S02,136.555,140.156,132.361
K1086,S02,28.67,34.87,27.249
K1086,S02,30.88,34.87,27.249
K1087,S01,75.754,79.663,74.986
K1087,S01,77.648,79.663,74.986
K1088,S01,32.411,34.615,30.689
K1088,S01,32.528,34.615,30.689
K1088,S01,32.122,34.615,30.689
K1089,S02,40.471,42.113,39.568
K1089,S02,40.9,42.113,39.568
K1089,S02,40.613,42.113,39.568
K1090,S03,17.992,22.618,14.391
K1090,S03,17.433,22.618,14.391
K1090,S03,18.584,22.618,14.391
K1090,S03,18.255,22.618,14.391
K1091,S03,21.523,23.115,19.564
K1091,S03,21.057,23.115,19.564
K1091,S03,21.569,23.115,19.564
K1092,S01,197.503,200.76,195.525
K1092,S01,197.692,200.76,195.525
K1092,S01,197.987,200.76,195.525
K1092,S01,197.636,200.76,195.525
K1092,S01,198.533,200.76,195.525
K1093,S01,118.068,122.356,114.328
K1093,S01,118.031,122.356,114.328
K1093,S01,115.971,122.356,114.328
K1093,S01,119.062,122.356,114.328
K1093,S01,120.188,122.356,114.328
K1094,S02,33.439,35.698,32.495
K1094,S02,34.374,35.698,32.495
K1095,S02,161.962,164.675,158.757
K1095,S02,160.9,164.675,158.757
K1095,S02,160.604,164.675,158.757
K1095,S02,162.725,164.675,158.757
K1095,S02,161.511,164.675,158.757
K1096,S03,102.367,106.931,98.603
K1096,S03,101.286,106.931,98.603
K1097,S03,134.171,137.252,127.894
K1097,S03,130.875,137.252,127.894
K1098,S03,89.98,92.339,87.76
K1098,S03,91.087,92.339,87.76
K1099,S04,42.752,43.904,40.939
K1099,S04,42.35,43.904,40.939
K1100,S04,50.451,52.768,45.797
K1100,S04,48.553,52.768,45.797
K1100,S04,50.844,52.768,45.797
K1101,S01,134.794,137.346,133.489
K1101,S01,135.73,137.346,133.489
K1101,S01,137.451,137.346,133.489
K1102,S01,83.47,86.078,79.291
K1102,S01,82.711,86.078,79.291
K1102,S01,85.024,86.078,79.291
K1103,S02,24.822,26.373,23.651
K1103,S02,24.713,26.373,23.651
K1104,S02,53.733,55.688,51.593
K1104,S02,53.199,55.688,51.593
K1105,S01,45.382,46.653,43.771
K1105,S01,44.57,46.653,43.771
K1105,S01,45.61,46.653,43.771
K1105,S01,45.298,46.653,43.771
K1105,S01,45.461,46.653,43.771
K1106,S01,169.934,173.137,164.251
K1106,S01,170.033,173.137,164.251
K1106,S01,168.976,173.137,164.251
K1107,S02,117.234,117.667,116.061
K1107,S02,116.965,117.667,116.061
K1108,S02,125.457,127.723,121.571
K1108,S02,124.335,127.723,121.571
K1108,S02,125.77,127.723,121.571
K1108,S02,124.852,127.723,121.571
K1108,S02,124.09,127.723,121.571
K1109,S02,130.4,131.968,129.594
K1109,S02,130.57,131.968,129.594
K1109,S02,131.076,131.968,129.594
K1109,S02,130.544,131.968,129.594
K1109,S02,130.753,131.968,129.594
K1110,S03,176.832,178.449,174.946
K1110,S03,175.125,178.449,174.946
K1110,S03,177.277,178.449,174.946
K1111,S03,70.906,72.779,68.987
K1111,S03,70.918,72.779,68.987
K1111,S03,71.069,72.779,68.987
K1111,S03,70.334,72.779,68.987
K1111,S03,70.655,72.779,68.987
K1112,S01,102.99,105.428,101.541
K1112,S01,102.878,105.428,101.541
K1113,S02,20.047,21.044,19.017
K1113,S02,20.397,21.044,19.017
K1113,S02,20.047,21.044,19.017
K1114,S02,72.93,75.062,70.879
K1114,S02,72.659,75.062,70.879
K1114,S02,72.847,75.062,70.879
K1114,S02,73.078,75.062,70.879
K1114,S02,72.116,75.062,70.879
K1115,S02,13.511,18.133,9.129
K1115,S02,15.758,18.133,9.129
K1116,S01,145.573,147.765,143.673
K1116,S01,146.011,147.765,143.673
K1116,S01,145.662,147.765,143.673
K1116,S01,146.259,147.765,143.673
K1116,S01,145.558,147.765,143.673
K1117,S01,100.222,102.666,98.953
K1117,S01,101.45,102.666,98.953
K1117,S01,101.462,102.666,98.953
K1117,S01,101.093,102.666,98.953
K1118,S02,195.34,202.048,192.402
K1118,S02,195.048,202.048,192.402
K1118,S02,197.932,202.048,192.402
K1119,S02,77.262,77.641,74.959
K1119,S02,76.405,77.641,74.959
K1120,S01,77.675,81.776,74.164
K1120,S01,76.358,81.776,74.164
K1120,S01,77.094,81.776,74.164
K1120,S01,76.505,81.776,74.164
K1121,S02,47.897,52.012,42.636
K1121,S02,46.378,52.012,42.636
K1121,S02,46.087,52.012,42.636
K1121,S02,48.176,52.012,42.636
K1122,S01,121.279,126.069,116.32
K1122,S01,121.686,126.069,116.32
K1122,S01,121.831,126.069,116.32
K1122,S01,120.858,126.069,116.32
K1123,S01,12.427,13.182,11.898
K1123,S01,12.398,13.182,11.898
K1124,S01,80.826,82.968,76.243
K1124,S01,79.382,82.968,76.243
K1124,S01,79.724,82.968,76.243
K1125,S02,90.165,92.785,88.974
K1125,S02,90.661,92.785,88.974
K1126,S02,190.598,191.703,186.451
K1126,S02,189.143,191.703,186.451
K1126,S02,189.373,191.703,186.451
K1126,S02,189.337,191.703,186.451
K1127,S02,53.319,55.601,51.73
K1127,S02,53.191,55.601,51.73
K1128,S01,184.878,185.496,184.137
K1128,S01,185.084,185.496,184.137
K1128,S01,184.957,185.496,184.137
K1129,S02,196.591,200.152,194.133
K1129,S02,196.771,200.152,194.133
K1129,S02,197.031,200.152,194.133
K1129,S02,197.023,200.152,194.133
K1130,S02,150.524,154.602,148.374
K1130,S02,152.36,154.602,148.374
K1130,S02,152.119,154.602,148.374
K1131,S03,23.875,26.458,22.264
K1131,S03,25.022,26.458,22.264
K1131,S03,24.741,26.458,22.264
K1131,S03,24.7,26.458,22.264
K1131,S03,23.942,26.458,22.264
K1132,S03,192.302,195.086,186.217
K1132,S03,189.911,195.086,186.217
K1132,S03,190.902,195.086,186.217
K1132,S03,192.637,195.086,186.217
K1133,S04,169.189,172.067,166.844
K1133,S04,169.36,172.067,166.844
K1134,S04,176.8,178.163,173.885
K1134,S04,175.24,178.163,173.885
K1134,S04,175.909,178.163,173.885
K1135,S01,92.879,93.447,92.31
K1135,S01,92.88,93.447,92.31
K1135,S01,92.86,93.447,92.31
K1135,S01,92.847,93.447,92.31
K1135,S01,92.848,93.447,92.31
K1136,S02,95.056,98.09,92.477
K1136,S02,95.707,98.09,92.477
K1136,S02,95.77,98.09,92.477
K1137,S02,81.634,83.533,78.219
K1137,S02,81.476,83.533,78.219
K1137,S02,81.258,83.533,78.219
K1138,S03,65.319,68.674,62.183
K1138,S03,65.075,68.674,62.183
K1138,S03,65.895,68.674,62.183
K1138,S03,65.496,68.674,62.183
K1139,S03,164.822,166.533,161.245
K1139,S03,164.436,166.533,161.245
K1139,S03,163.457,166.533,161.245
K1139,S03,163.874,166.533,161.245
K1139,S03,164.448,166.533,161.245
K1140,S03,82.526,84.302,79.468
K1140,S03,82.609,84.302,79.468
K1141,S01,46.48,47.66,45.311
K1141,S01,46.6,47.66,45.311
K1141,S01,46.532,47.66,45.311
K1141,S01,46.636,47.66,45.311
K1141,S01,46.68,47.66,45.311
K1142,S01,170.664,174.824,167.108
K1142,S01,170.88,174.824,167.108
K1142,S01,171.185,174.824,167.108
K1142,S01,170.209,174.824,167.108
K1143,S01,144.091,145.156,143.415
K1143,S01,144.213,145.156,143.415
K1144,S02,159.799,160.913,157.702
K1144,S02,158.898,160.913,157.702
K1144,S02,158.766,160.913,157.702
K1144,S02,159.715,160.913,157.702
K1144,S02,159.476,160.913,157.702
K1145,S01,163.747,166.438,161.877
K1145,S01,163.368,166.438,161.877
K1145,S01,163.695,166.438,161.877
K1145,S01,163.934,166.438,161.877
K1146,S01,64.036,66.578,57.627
K1146,S01,61.406,66.578,57.627
K1147,S02,26.898,29.961,25.243
K1147,S02,26.767,29.961,25.243
K1147,S02,27.801,29.961,25.243
K1148,S02,131.335,138.618,129.731
K1148,S02,133.304,138.618,129.731
K1148,S02,136.219,138.618,129.731
K1149,S03,130.121,133.562,126.546
K1149,S03,130.263,133.562,126.546
K1149,S03,129.749,133.562,126.546
K1150,S01,108.097,113.06,103.417
K1150,S01,108.5,113.06,103.417
K1150,S01,108.4,113.06,103.417
K1150,S01,108.231,113.06,103.417
K1151,S02,197.455,202.262,193.509
K1151,S02,197.777,202.262,193.509
K1151,S02,198.742,202.262,193.509
K1152,S03,197.32,199.519,192.157
K1152,S03,194.227,199.519,192.157
K1152,S03,194.448,199.519,192.157
K1152,S03,195.669,199.519,192.157
K1153,S01,189.044,192.2,185.846
K1153,S01,188.632,192.2,185.846
K1153,S01,188.509,192.2,185.846
K1154,S02,133.531,138.71,129.924
K1154,S02,132.446,138.71,129.924
K1155,S02,38.115,40.591,36.42
K1155,S02,38.73,40.591,36.42
K1156,S02,160.07,163.876,156.158
K1156,S02,159.501,163.876,156.158
K1156,S02,160.337,163.876,156.158
K1157,S01,9.55,14.726,6.273
K1157,S01,10.052,14.726,6.273
K1158,S01,46.848,49.784,41.765
K1158,S01,45.309,49.784,41.765
K1158,S01,46.33,49.784,41.765
K1159,S02,67.278,68.72,63.781
K1159,S02,65.76,68.72,63.781
K1160,S03,96.839,101.199,91.905
K1160,S03,97.717,101.199,91.905
K1161,S03,95.85,100.693,93.079
K1161,S03,97.137,100.693,93.079
K1161,S03,96.32,100.693,93.079
K1161,S03,97.663,100.693,93.079
K1161,S03,97.354,100.693,93.079
K1162,S01,72.965,75.329,69.227
K1162,S01,72.986,75.329,69.227
K1162,S01,71.953,75.329,69.227
K1162,S01,73.018,75.329,69.227
K1162,S01,70.847,75.329,69.227
K1163,S01,32.796,34.314,31.498
K1163,S01,32.712,34.314,31.498
K1163,S01,33.229,34.314,31.498
K1164,S02,60.551,64.768,54.892
K1164,S02,60.15,64.768,54.892
K1164,S02,59.592,64.768,54.892
K1164,S02,59.097,64.768,54.892
K1164,S02,58.964,64.768,54.892
K1165,S02,17.812,20.1,15.238
K1165,S02,18.136,20.1,15.238
K1165,S02,18.454,20.1,15.238
K1166,S02,191.244,193.945,186.971
K1166,S02,189.477,193.945,186.971
K1167,S01,15.481,17.593,14.516
K1167,S01,15.678,17.593,14.516
K1167,S01,15.908,17.593,14.516
K1167,S01,16.266,17.593,14.516
K1168,S01,165.844,168.469,161.5
K1168,S01,165.499,168.469,161.5
K1168,S01,164.586,168.469,161.5
K1168,S01,164.338,168.469,161.5
K1169,S01,111.463,115.187,109.669
K1169,S01,110.067,115.187,109.669
K1169,S01,112.375,115.187,109.669
K1170,S02,86.511,87.684,83.308
K1170,S02,85.858,87.684,83.308
K1170,S02,84.179,87.684,83.308
K1170,S02,86.829,87.684,83.308
K1171,S03,17.801,18.818,16.242
K1171,S03,17.02,18.818,16.242
K1172,S01,198.146,201.204,194.791
K1172,S01,197.143,201.204,194.791
K1172,S01,198.617,201.204,194.791
K1172,S01,199.02,201.204,194.791
K1172,S01,198.012,201.204,194.791
K1173,S01,82.684,85.376,79.443
K1173,S01,82.789,85.376,79.443
K1174,S01,25.581,27.818,22.694
K1174,S01,25.26,27.818,22.694
K1174,S01,25.48,27.818,22.694
K1175,S02,125.558,127.337,123.183
K1175,S02,124.912,127.337,123.183
K1175,S02,125.624,127.337,123.183
K1176,S03,139.898,143.459,137.456
K1176,S03,141.443,143.459,137.456
K1176,S03,139.527,143.459,137.456
K1176,S03,141.887,143.459,137.456
K1176,S03,139.226,143.459,137.456
K1177,S03,62.117,63.764,60.526
K1177,S03,62.668,63.764,60.526
K1177,S03,62.47,63.764,60.526
K1177,S03,62.419,63.764,60.526
K1178,S01,143.878,144.829,142.707
K1178,S01,144.226,144.829,142.707
K1178,S01,143.795,144.829,142.707
K1178,S01,143.854,144.829,142.707
K1178,S01,143.742,144.829,142.707
K1179,S02,46.23,48.132,44.226
K1179,S02,46.301,48.132,44.226
K1179,S02,45.624,48.132,44.226
K1180,S01,85.135,85.336,83.874
K1180,S01,84.423,85.336,83.874
K1180,S01,84.038,85.336,83.874
K1180,S01,84.882,85.336,83.874
K1181,S02,52.323,57.061,47.295
K1181,S02,51.998,57.061,47.295
K1181,S02,52.829,57.061,47.295
K1182,S02,199.142,201.61,195.19
K1182,S02,198.305,201.61,195.19
K1182,S02,197.096,201.61,195.19
K1183,S02,152.462,156.777,148.287
K1183,S02,151.217,156.777,148.287
K1183,S02,152.965,156.777,148.287
K1184,S03,46.877,51.523,43.242
K1184,S03,48.388,51.523,43.242
K1184,S03,47.409,51.523,43.242
K1184,S03,47.73,51.523,43.242
K1184,S03,48.112,51.523,43.242
K1185,S03,186.756,190.169,185.542
K1185,S03,187.986,190.169,185.542
K1185,S03,187.7,190.169,185.542
K1185,S03,187.779,190.169,185.542
K1186,S03,50.42,50.824,49.819
K1186,S03,50.301,50.824,49.819
K1186,S03,50.284,50.824,49.819
K1186,S03,50.212,50.824,49.819
K1186,S03,50.104,50.824,49.819
K1187,S01,89.636,93.593,85.378
K1187,S01,89.489,93.593,85.378
K1187,S01,90.656,93.593,85.378
K1187,S01,89.938,93.593,85.378
K1188,S01,107.134,111.421,102.785
K1188,S01,106.99,111.421,102.785
K1188,S01,106.941,111.421,102.785
K1189,S02,12.115,16.338,7.425
K1189,S02,9.309,16.338,7.425
K1189,S02,12.466,16.338,7.425
K1189,S02,13.838,16.338,7.425
K1189,S02,13.425,16.338,7.425
K1190,S03,122.743,127.824,118.64
K1190,S03,124.616,127.824,118.64
K1190,S03,122.775,127.824,118.64
K1191,S03,162.555,164.482,162.134
K1191,S03,162.782,164.482,162.134
K1191,S03,163.071,164.482,162.134
K1192,S04,89.17,95.693,87.452
K1192,S04,90.578,95.693,87.452
K1192,S04,92.164,95.693,87.452
K1192,S04,93.729,95.693,87.452
K1193,S04,99.424,102.538,95.768
K1193,S04,99.024,102.538,95.768
K1193,S04,98.851,102.538,95.768
K1194,S04,119.545,123.939,116.902
K1194,S04,121.052,123.939,116.902
K1195,S01,59.544,63.617,54.49
K1195,S01,58.696,63.617,54.49
K1196,S01,151.487,153.23,147.704
K1196,S01,149.963,153.23,147.704
K1196,S01,150.892,153.23,147.704
K1197,S02,71.545,72.391,71.315
K1197,S02,71.626,72.391,71.315
K1197,S02,71.41,72.391,71.315
K1198,S02,163.716,167.048,161.07
K1198,S02,163.921,167.048,161.07
K1198,S02,164.51,167.048,161.07
K1199,S02,166.796,167.635,165.65
K1199,S02,167.171,167.635,165.65
K1199,S02,166.753,167.635,165.65
K1199,S02,166.287,167.635,165.65
K1200,S01,116.243,121.142,112.875
K1200,S01,117.049,121.142,112.875
K1200,S01,117.2,121.142,112.875
K1200,S01,117.437,121.142,112.875
K1200,S01,116.024,121.142,112.875
K1201,S02,110.283,113.96,105.288
K1201,S02,108.876,113.96,105.288
K1201,S02,110.236,113.96,105.288
K1201,S02,109.234,113.96,105.288
K1201,S02,110.326,113.96,105.288
K1202,S02,82.564,86.445,80.288
K1202,S02,83.084,86.445,80.288
K1203,S03,97.261,98.89,95.727
K1203,S03,97.513,98.89,95.727
K1203,S03,97.373,98.89,95.727
K1204,S01,42.524,44.757,38.971
K1204,S01,40.989,44.757,38.971
K1204,S01,41.537,44.757,38.971
K1205,S02,174.105,177.396,171.386
K1205,S02,174.031,177.396,171.386
K1206,S02,120.077,121.335,117.638
K1206,S02,119.73,121.335,117.638
K1206,S02,119.624,121.335,117.638
K1206,S02,119.229,121.335,117.638
K1207,S02,185.264,186.309,184.004
K1207,S02,185.428,186.309,184.004
K1207,S02,185.23,186.309,184.004
K1207,S02,184.732,186.309,184.004
K1208,S03,19.129,24.678,16.009
K1208,S03,19.704,24.678,16.009
K1208,S03,21.741,24.678,16.009
K1208,S03,20.84,24.678,16.009
K1209,S04,37.488,44.008,35.426
K1209,S04,40.463,44.008,35.426
K1209,S04,40.073,44.008,35.426
K1209,S04,39.767,44.008,35.426
K1210,S04,157.297,161.451,153.114
K1210,S04,159.158,161.451,153.114
K1210,S04,157.439,161.451,153.114
K1210,S04,156.469,161.451,153.114
K1210,S04,157.105,161.451,153.114
K1211,S01,14.252,15.007,12.679
K1211,S01,13.763,15.007,12.679
K1211,S01,13.814,15.007,12.679
K1212,S01,200.173,201.919,197.714
K1212,S01,199.291,201.919,197.714
K1213,S02,25.893,26.99,24.723
K1213,S02,25.788,26.99,24.723
K1213,S02,25.867,26.99,24.723
K1213,S02,25.641,26.99,24.723
K1213,S02,25.613,26.99,24.723
K1214,S03,79.852,83.685,76.004
K1214,S03,80.004,83.685,76.004
K1214,S03,79.831,83.685,76.004
K1214,S03,80.488,83.685,76.004
K1214,S03,79.859,83.685,76.004
K1215,S04,64.275,65.029,63.13
K1215,S04,64.035,65.029,63.13
K1215,S04,64.154,65.029,63.13
K1215,S04,64.027,65.029,63.13
K1215,S04,64.088,65.029,63.13
K1216,S04,162.713,166.457,157.934
K1216,S04,161.952,166.457,157.934
K1216,S04,162.187,166.457,157.934
K1216,S04,161.097,166.457,157.934
K1217,S01,90.825,93.531,89.019
K1217,S01,91.454,93.531,89.019
K1217,S01,92.052,93.531,89.019
K1218,S02,93.13,99.126,89.691
K1218,S02,94.348,99.126,89.691
K1218,S02,94.233,99.126,89.691
K1219,S02,159.999,163.575,157.5
K1219,S02,160.915,163.575,157.5
K1220,S02,196.937,199.312,193.18
K1220,S02,196.054,199.312,193.18
K1220,S02,195.838,199.312,193.18
K1220,S02,195.24,199.312,193.18
K1220,S02,194.857,199.312,193.18
K1221,S03,116.15,117.155,114.409
K1221,S03,115.594,117.155,114.409
K1222,S01,9.867,15.092,6.22
K1222,S01,7.211,15.092,6.22
K1222,S01,10.492,15.092,6.22
K1222,S01,7.998,15.092,6.22
K1223,S01,178.651,181.665,175.029
K1223,S01,177.166,181.665,175.029
K1223,S01,178.077,181.665,175.029
K1223,S01,179.272,181.665,175.029
K1223,S01,178.192,181.665,175.029
K1224,S02,10.376,15.478,6.442
K1224,S02,9.58,15.478,6.442
K1224,S02,9.308,15.478,6.442
K1225,S02,110.829,114.06,105.239
K1225,S02,110.797,114.06,105.239
K1226,S03,134.243,136.993,130.884
K1226,S03,133.531,136.993,130.884
K1226,S03,133.648,136.993,130.884
K1227,S04,78.822,80.25,77.654
K1227,S04,79.627,80.25,77.654
K1227,S04,80.471,80.25,77.654
K1228,S04,128.214,129.622,127.199
K1228,S04,128.661,129.622,127.199
K1228,S04,128.64,129.622,127.199
K1228,S04,128.508,129.622,127.199
K1228,S04,128.282,129.622,127.199
K1229,S01,132.424,136.018,128.722
K1229,S01,131.949,136.018,128.722
K1229,S01,131.108,136.018,128.722
K1229,S01,133.098,136.018,128.722
K1229,S01,132.295,136.018,128.722
K1230,S01,91.417,95.201,89.34
K1230,S01,92.259,95.201,89.34
K1230,S01,92.062,95.201,89.34
K1231,S02,115.773,120.175,111.701
K1231,S02,115.559,120.175,111.701
K1231,S02,115.198,120.175,111.701
K1232,S03,88.31,88.917,87.66
K1232,S03,88.245,88.917,87.66
K1232,S03,88.305,88.917,87.66
K1233,S04,82.742,87.857,79.38
K1233,S04,81.035,87.857,79.38
K1233,S04,82.982,87.857,79.38
K1234,S01,34.484,35.275,34.035
K1234,S01,34.795,35.275,34.035
K1235,S01,121.25,125.664,119.199
K1235,S01,123.719,125.664,119.199
K1235,S01,123.795,125.664,119.199
K1235,S01,121.428,125.664,119.199
K1235,S01,123.68,125.664,119.199
K1236,S02,33.315,33.798,32.704
K1236,S02,33.182,33.798,32.704
K1236,S02,33.344,33.798,32.704
K1236,S02,33.082,33.798,32.704
K1236,S02,32.972,33.798,32.704
K1237,S02,28.103,29.851,26.25
K1237,S02,27.645,29.851,26.25
K1237,S02,27.354,29.851,26.25
K1237,S02,27.606,29.851,26.25
K1237,S02,27.345,29.851,26.25
K1238,S03,182.095,183.532,180.405
K1238,S03,182.253,183.532,180.405
K1238,S03,182.347,183.532,180.405
K1238,S03,181.586,183.532,180.405
K1238,S03,181.514,183.532,180.405
K1239,S03,103.826,109.232,99.53
K1239,S03,104.394,109.232,99.53
K1240,S01,96.349,98.466,93.585
K1240,S01,97.3,98.466,93.585
K1241,S01,92.704,93.625,91.556
K1241,S01,92.489,93.625,91.556
K1241,S01,92.634,93.625,91.556
K1242,S01,124.621,125.598,123.562
K1242,S01,124.666,125.598,123.562
K1242,S01,124.088,125.598,123.562
K1243,S02,35.757,40.175,30.977
K1243,S02,34.723,40.175,30.977
K1243,S02,35.659,40.175,30.977
K1244,S01,75.036,76.54,72.964
K1244,S01,74.721,76.54,72.964
K1244,S01,74.742,76.54,72.964
K1244,S01,74.383,76.54,72.964
K1245,S01,152.4,155.323,146.475
K1245,S01,146.413,155.323,146.475
K1246,S01,87.658,90.259,82.718
K1246,S01,86.306,90.259,82.718
K1247,S02,180.939,182.068,179.749
K1247,S02,181.101,182.068,179.749
K1248,S02,57.278,63.172,53.707
K1248,S02,58.102,63.172,53.707
K1248,S02,59.237,63.172,53.707
K1248,S02,59.531,63.172,53.707
K1248,S02,59.605,63.172,53.707
K1249,S02,87.953,90.473,82.771
K1249,S02,87.825,90.473,82.771
K1249,S02,86.222,90.473,82.771
K1250,S01,124.175,125.737,122.014
K1250,S01,124.454,125.737,122.014
K1251,S02,121.579,126.707,117.542
K1251,S02,121.638,126.707,117.542
K1251,S02,120.856,126.707,117.542
K1251,S02,121.343,126.707,117.542
K1252,S02,92.642,94.178,91.047
K1252,S02,92.458,94.178,91.047
K1253,S01,176.637,180.427,174.127
K1253,S01,177.335,180.427,174.127
K1253,S01,177.068,180.427,174.127
K1254,S01,108.086,108.617,106.674
K1254,S01,107.204,108.617,106.674
K1254,S01,107.901,108.617,106.674
K1254,S01,107.179,108.617,106.674
K1255,S01,175.724,177.166,174.787
K1255,S01,175.661,177.166,174.787
K1255,S01,175.914,177.166,174.787
K1255,S01,175.872,177.166,174.787
K1256,S02,74.202,76.214,72.003
K1256,S02,75.01,76.214,72.003
K1256,S02,73.933,76.214,72.003
K1257,S02,27.813,34.555,25.711
K1257,S02,31.563,34.555,25.711
K1257,S02,31.57,34.555,25.711
K1257,S02,29.324,34.555,25.711
K1258,S02,18.31,23.5,14.331
K1258,S02,17.908,23.5,14.331
K1258,S02,20.057,23.5,14.331
K1258,S02,20.236,23.5,14.331
K1259,S03,108.903,111.11,107.035
K1259,S03,108.895,111.11,107.035
K1259,S03,108.401,111.11,107.035
K1259,S03,109.512,111.11,107.035
K1260,S04,169.844,173.997,165.494
K1260,S04,171.202,173.997,165.494
K1260,S04,169.933,173.997,165.494
K1260,S04,170.352,173.997,165.494
K1260,S04,170.376,173.997,165.494
K1261,S04,154.502,155.273,153.13
K1261,S04,154.416,155.273,153.13
K1261,S04,154.329,155.273,153.13
K1261,S04,154.422,155.273,153.13
K1262,S04,101.571,104.87,96.303
K1262,S04,99.842,104.87,96.303
K1262,S04,101.01,104.87,96.303
K1262,S04,99.671,104.87,96.303
K1263,S01,157.222,159.5,153.512
K1263,S01,156.793,159.5,153.512
K1264,S02,46.911,50.303,46.666
K1264,S02,48.646,50.303,46.666
K1264,S02,47.793,50.303,46.666
K1264,S02,49.134,50.303,46.666
K1265,S02,197.397,200.696,192.582
K1265,S02,195.728,200.696,192.582
K1266,S02,168.776,173.763,164.154
K1266,S02,170.271,173.763,164.154
K1267,S03,121.542,124.566,118.906
K1267,S03,121.425,124.566,118.906
K1268,S03,108.855,109.428,107.721
K1268,S03,108.587,109.428,107.721
K1269,S01,185.791,187.073,184.074
K1269,S01,185.292,187.073,184.074
K1270,S02,193.926,196.997,189.89
K1270,S02,193.923,196.997,189.89
K1270,S02,193.822,196.997,189.89
K1271,S02,139.355,139.925,138.663
K1271,S02,139.525,139.925,138.663
K1271,S02,139.362,139.925,138.663
K1272,S03,83.707,85.366,81.529
K1272,S03,83.843,85.366,81.529
K1273,S03,25.461,29.694,20.661
K1273,S03,25.702,29.694,20.661
K1274,S04,99.956,102.127,97.423
K1274,S04,99.951,102.127,97.423
K1275,S04,64.471,66.848,62.722
K1275,S04,65.041,66.848,62.722
K1275,S04,63.512,66.848,62.722
K1275,S04,66.347,66.848,62.722
K1275,S04,64.174,66.848,62.722
K1276,S04,191.457,196.166,186.405
K1276,S04,191.257,196.166,186.405
K1276,S04,191.63,196.166,186.405
K1276,S04,190.717,196.166,186.405
K1277,S01,29.663,31.842,28.295
K1277,S01,29.786,31.842,28.295
K1277,S01,29.3,31.842,28.295
K1277,S01,28.99,31.842,28.295
K1278,S02,40.137,42.265,37.988
K1278,S02,39.885,42.265,37.988
K1278,S02,39.751,42.265,37.988
K1278,S02,41.269,42.265,37.988
K1279,S01,26.914,28.736,21.547
K1279,S01,25.422,28.736,21.547
K1279,S01,24.662,28.736,21.547
K1279,S01,25.943,28.736,21.547
K1279,S01,26.658,28.736,21.547
K1280,S02,50.123,51.129,48.682
K1280,S02,50.276,51.129,48.682
K1280,S02,49.534,51.129,48.682
K1280,S02,49.995,51.129,48.682
K1280,S02,49.774,51.129,48.682
K1281,S03,60.344,63.157,57.876
K1281,S03,60.778,63.157,57.876
K1281,S03,60.506,63.157,57.876
K1281,S03,60.675,63.157,57.876
K1282,S03,32.067,34.158,29.988
K1282,S03,31.173,34.158,29.988
K1282,S03,32.294,34.158,29.988
K1283,S03,117.264,119.771,116.798
K1283,S03,118.727,119.771,116.798
K1284,S04,19.578,21.859,16.735
K1284,S04,20.976,21.859,16.735
K1285,S01,25.976,30.784,23.448
K1285,S01,28.159,30.784,23.448
K1285,S01,27.128,30.784,23.448
K1285,S01,26.778,30.784,23.448
K1285,S01,27.229,30.784,23.448
K1286,S02,30.464,34.563,29.979
K1286,S02,32.599,34.563,29.979
K1286,S02,33.636,34.563,29.979
K1286,S02,32.319,34.563,29.979
K1287,S03,194.418,195.633,190.895
K1287,S03,192.777,195.633,190.895
K1287,S03,193.23,195.633,190.895
K1287,S03,193.551,195.633,190.895
K1287,S03,193.151,195.633,190.895
K1288,S03,12.965,20.046,12.438
K1288,S03,18.093,20.046,12.438
K1289,S03,39.472,40.102,37.482
K1289,S03,38.81,40.102,37.482
K1289,S03,38.864,40.102,37.482
K1289,S03,38.46,40.102,37.482
K1289,S03,38.505,40.102,37.482
K1290,S01,153.165,157.678,147.76
K1290,S01,152.68,157.678,147.76
K1290,S01,153.906,157.678,147.76
K1290,S01,152.777,157.678,147.76
K1291,S02,146.716,150.284,143.574
K1291,S02,146.082,150.284,143.574
K1291,S02,146.892,150.284,143.574
K1291,S02,146.092,150.284,143.574
K1291,S02,145.231,150.284,143.574
K1292,S02,95.504,97.772,93.469
K1292,S02,96.04,97.772,93.469
K1292,S02,95.654,97.772,93.469
K1292,S02,95.218,97.772,93.469
K1292,S02,95.29,97.772,93.469
K1293,S02,142.479,147.298,138.172
K1293,S02,142.469,147.298,138.172
K1293,S02,143.041,147.298,138.172
K1293,S02,142.617,147.298,138.172
K1293,S02,143.614,147.298,138.172
K1294,S03,49.019,51.539,45.684
K1294,S03,49.048,51.539,45.684
K1294,S03,48.781,51.539,45.684
K1294,S03,48.79,51.539,45.684
K1295,S03,110.545,113.756,106.723
K1295,S03,111.015,113.756,106.723
K1295,S03,110.754,113.756,106.723
K1295,S03,109.993,113.756,106.723
K1295,S03,110.093,113.756,106.723
K1296,S03,15.876,20.356,10.478
K1296,S03,15.403,20.356,10.478
K1296,S03,12.996,20.356,10.478
K1297,S04,110.143,111.953,107.746
K1297,S04,109.457,111.953,107.746
K1298,S04,19.38,20.837,14.961
K1298,S04,17.946,20.837,14.961
K1298,S04,19.043,20.837,14.961
K1298,S04,17.917,20.837,14.961
K1299,S01,136.489,138.27,130.745
K1299,S01,135.819,138.27,130.745
K1299,S01,135.982,138.27,130.745
K1299,S01,136.165,138.27,130.745
K1299,S01,135.356,138.27,130.745
K1300,S02,115.603,117.201,112.303
K1300,S02,114.949,117.201,112.303
K1301,S02,102.728,105.319,101.351
K1301,S02,103.165,105.319,101.351
K1301,S02,103.404,105.319,101.351
K1302,S01,145.971,147.898,143.178
K1302,S01,145.552,147.898,143.178
K1303,S01,161.572,166.901,156.904
K1303,S01,162.818,166.901,156.904
K1304,S02,180.245,183.762,177.779
K1304,S02,180.719,183.762,177.779
K1304,S02,180.301,183.762,177.779
K1304,S02,181.443,183.762,177.779
K1305,S03,71.024,73.695,67.207
K1305,S03,70.658,73.695,67.207
K1305,S03,69.302,73.695,67.207
K1305,S03,69.88,73.695,67.207
K1306,S01,24.163,26.182,23.866
K1306,S01,25.167,26.182,23.866
K1306,S01,25.459,26.182,23.866
K1306,S01,25.069,26.182,23.866
K1307,S01,186.979,191.315,184.109
K1307,S01,186.099,191.315,184.109
K1307,S01,191.036,191.315,184.109
K1307,S01,186.714,191.315,184.109
K1308,S02,47.418,48.877,45.063
K1308,S02,47.12,48.877,45.063
K1308,S02,46.817,48.877,45.063
K1308,S02,47.729,48.877,45.063
K1309,S02,143.79,146.582,141.302
K1309,S02,144.429,146.582,141.302
K1309,S02,144.068,146.582,141.302
K1309,S02,145.365,146.582,141.302
K1310,S01,184.843,188.525,180.809
K1310,S01,184.682,188.525,180.809
K1311,S01,156.66,161.513,152.538
K1311,S01,158.125,161.513,152.538
K1311,S01,156.106,161.513,152.538
K1311,S01,156.058,161.513,152.538
K1312,S01,106.553,111.034,103.7
K1312,S01,107.474,111.034,103.7
K1312,S01,107.346,111.034,103.7
K1312,S01,108.0,111.034,103.7
K1312,S01,107.377,111.034,103.7
K1313,S02,196.822,199.153,192.974
K1313,S02,196.595,199.153,192.974
K1313,S02,197.47,199.153,192.974
K1313,S02,195.378,199.153,192.974
K1313,S02,195.826,199.153,192.974
K1314,S03,89.435,91.794,85.393
K1314,S03,87.99,91.794,85.393
K1314,S03,88.588,91.794,85.393
K1314,S03,88.533,91.794,85.393
K1314,S03,89.255,91.794,85.393
K1315,S01,125.683,128.127,123.355
K1315,S01,125.863,128.127,123.355
K1315,S01,125.572,128.127,123.355
K1315,S01,125.717,128.127,123.355
K1316,S01,16.393,18.795,13.763
K1316,S01,17.393,18.795,13.763
K1317,S02,168.717,170.998,168.354
K1317,S02,169.899,170.998,168.354
K1317,S02,169.814,170.998,168.354
K1317,S02,170.434,170.998,168.354
K1318,S03,158.526,161.064,155.977
K1318,S03,158.609,161.064,155.977
K1318,S03,158.329,161.064,155.977
K1318,S03,157.821,161.064,155.977
K1318,S03,158.806,161.064,155.977
K1319,S04,25.304,26.305,22.514
K1319,S04,24.023,26.305,22.514
K1319,S04,24.776,26.305,22.514
K1319,S04,24.049,26.305,22.514
K1319,S04,25.875,26.305,22.514
K1320,S04,23.341,24.627,21.649
K1320,S04,23.453,24.627,21.649
K1320,S04,23.064,24.627,21.649
K1320,S04,23.056,24.627,21.649
K1320,S04,23.548,24.627,21.649
K1321,S01,48.845,51.837,42.885
K1321,S01,47.313,51.837,42.885
K1321,S01,47.825,51.837,42.885
K1322,S02,54.074,55.444,52.738
K1322,S02,53.808,55.444,52.738
K1322,S02,53.954,55.444,52.738
K1322,S02,53.497,55.444,52.738
K1322,S02,54.009,55.444,52.738
K1323,S03,170.306,171.557,169.035
K1323,S03,170.266,171.557,169.035
K1323,S03,170.249,171.557,169.035
K1323,S03,170.753,171.557,169.035
K1324,S03,160.916,163.472,158.046
K1324,S03,160.902,163.472,158.046
K1324,S03,161.061,163.472,158.046
K1324,S03,161.349,163.472,158.046
K1325,S01,144.513,147.783,140.885
K1325,S01,143.796,147.783,140.885
K1326,S02,27.908,28.626,19.335
K1326,S02,25.537,28.626,19.335
K1326,S02,26.739,28.626,19.335
K1327,S02,50.739,51.476,44.933
K1327,S02,47.308,51.476,44.933
K1327,S02,47.896,51.476,44.933
K1328,S02,97.851,99.479,96.585
K1328,S02,98.147,99.479,96.585
K1328,S02,98.171,99.479,96.585
K1329,S03,147.103,147.995,146.363
K1329,S03,147.076,147.995,146.363
K1329,S03,147.088,147.995,146.363
K1330,S03,181.943,182.963,180.478
K1330,S03,181.317,182.963,180.478
K1330,S03,181.608,182.963,180.478
K1330,S03,181.753,182.963,180.478
K1331,S03,19.402,21.517,16.665
K1331,S03,18.297,21.517,16.665
K1331,S03,18.576,21.517,16.665
K1331,S03,19.668,21.517,16.665
K1331,S03,20.388,21.517,16.665
K1332,S01,54.96,56.771,53.832
K1332,S01,54.861,56.771,53.832
K1332,S01,54.92,56.771,53.832
K1332,S01,55.355,56.771,53.832
K1332,S01,55.769,56.771,53.832
K1333,S01,110.589,115.877,107.121
K1333,S01,112.952,115.877,107.121
K1333,S01,112.673,115.877,107.121
K1333,S01,114.736,115.877,107.121
K1333,S01,108.185,115.877,107.121
K1334,S01,72.775,74.483,71.326
K1334,S01,73.223,74.483,71.326
K1334,S01,73.14,74.483,71.326
K1335,S02,51.444,52.497,50.673
K1335,S02,51.872,52.497,50.673
K1335,S02,51.413,52.497,50.673
K1335,S02,51.614,52.497,50.673
K1335,S02,51.464,52.497,50.673
K1336,S02,60.643,63.866,55.395
K1336,S02,60.429,63.866,55.395
K1336,S02,57.607,63.866,55.395
K1337,S02,186.011,193.15,185.829
K1337,S02,188.513,193.15,185.829
K1338,S03,151.832,154.139,148.725
K1338,S03,152.605,154.139,148.725
K1338,S03,151.803,154.139,148.725
K1338,S03,151.649,154.139,148.725
K1339,S03,108.395,110.317,105.328
K1339,S03,108.018,110.317,105.328
K1340,S01,34.451,35.648,33.425
K1340,S01,34.79,35.648,33.425
K1340,S01,34.437,35.648,33.425
K1340,S01,34.583,35.648,33.425
K1341,S02,98.96,100.19,98.045
K1341,S02,99.128,100.19,98.045
K1342,S02,133.474,135.899,131.641
K1342,S02,134.181,135.899,131.641
K1343,S01,197.438,201.84,193.571
K1343,S01,198.168,201.84,193.571
K1344,S01,21.149,22.658,20.404
K1344,S01,21.394,22.658,20.404
K1344,S01,22.204,22.658,20.404
K1345,S01,43.709,47.512,41.921
K1345,S01,42.076,47.512,41.921
K1345,S01,44.446,47.512,41.921
K1346,S02,38.308,41.433,36.827
K1346,S02,37.752,41.433,36.827
K1346,S02,38.763,41.433,36.827
K1346,S02,39.228,41.433,36.827
K1347,S02,179.156,179.689,178.614
K1347,S02,179.505,179.689,178.614
K1348,S02,96.658,101.182,92.046
K1348,S02,96.013,101.182,92.046
K1348,S02,96.61,101.182,92.046
K1348,S02,94.914,101.182,92.046
K1348,S02,96.61,101.182,92.046
K1349,S03,190.636,193.921,188.416
K1349,S03,192.83,193.921,188.416
K1350,S03,25.526,26.575,24.375
K1350,S03,25.005,26.575,24.375
K1350,S03,25.592,26.575,24.375
K1351,S03,16.56,18.351,15.833
K1351,S03,17.67,18.351,15.833
K1351,S03,17.222,18.351,15.833
K1352,S01,196.881,198.239,194.675
K1352,S01,196.288,198.239,194.675
K1352,S01,196.389,198.239,194.675
K1352,S01,196.738,198.239,194.675
K1353,S02,136.326,141.744,133.426
K1353,S02,135.737,141.744,133.426
K1353,S02,136.993,141.744,133.426
K1354,S02,102.275,104.392,99.23
K1354,S02,102.232,104.392,99.23
K1355,S02,41.592,44.072,37.163
K1355,S02,40.343,44.072,37.163
K1355,S02,40.913,44.072,37.163
K1355,S02,40.858,44.072,37.163
K1356,S01,150.861,156.568,147.187
K1356,S01,153.85,156.568,147.187
K1356,S01,151.975,156.568,147.187
K1356,S01,151.457,156.568,147.187
K1357,S02,119.535,125.23,116.856
K1357,S02,121.471,125.23,116.856
K1357,S02,121.912,125.23,116.856
K1357,S02,123.442,125.23,116.856
K1358,S02,128.127,130.165,125.281
K1358,S02,126.482,130.165,125.281
K1359,S01,165.361,169.663,164.068
K1359,S01,169.202,169.663,164.068
K1359,S01,165.373,169.663,164.068
K1360,S01,122.779,123.419,122.059
K1360,S01,122.423,123.419,122.059
K1360,S01,122.44,123.419,122.059
K1361,S02,151.484,153.413,144.595
K1361,S02,148.697,153.413,144.595
K1362,S03,170.142,171.1,169.082
K1362,S03,170.074,171.1,169.082
K1362,S03,170.335,171.1,169.082
K1362,S03,169.935,171.1,169.082
K1363,S03,140.151,141.222,138.227
K1363,S03,139.302,141.222,138.227
K1363,S03,140.042,141.222,138.227
K1363,S03,139.783,141.222,138.227
K1363,S03,139.985,141.222,138.227
K1364,S03,147.433,148.241,146.598
K1364,S03,147.342,148.241,146.598
K1364,S03,147.56,148.241,146.598
K1364,S03,147.649,148.241,146.598
K1365,S01,107.071,107.654,106.598
K1365,S01,107.285,107.654,106.598
K1366,S01,15.705,16.74,13.509
K1366,S01,14.956,16.74,13.509
K1367,S02,14.192,15.3,7.961
K1367,S02,13.994,15.3,7.961
K1367,S02,13.175,15.3,7.961
K1367,S02,5.861,15.3,7.961
K1368,S02,113.98,116.663,109.41
K1368,S02,112.717,116.663,109.41
K1368,S02,114.43,116.663,109.41
K1368,S02,113.806,116.663,109.41
K1369,S01,78.391,78.999,72.303
K1369,S01,75.853,78.999,72.303
K1369,S01,75.321,78.999,72.303
K1369,S01,72.709,78.999,72.303
K1370,S01,143.988,145.09,142.084
K1370,S01,144.074,145.09,142.084
K1371,S02,100.652,103.664,95.259
K1371,S02,98.555,103.664,95.259
K1372,S03,101.681,106.184,97.529
K1372,S03,100.698,106.184,97.529
K1372,S03,99.268,106.184,97.529
K1372,S03,101.605,106.184,97.529
K1373,S01,103.986,107.86,99.056
K1373,S01,103.395,107.86,99.056
K1373,S01,103.53,107.86,99.056
K1374,S01,150.829,152.624,149.945
K1374,S01,151.256,152.624,149.945
K1375,S01,71.496,75.933,68.07
K1375,S01,72.086,75.933,68.07
K1375,S01,70.949,75.933,68.07
K1376,S02,39.21,43.443,38.675
K1376,S02,40.87,43.443,38.675
K1377,S02,169.867,170.642,168.062
K1377,S02,169.34,170.642,168.062
K1377,S02,169.027,170.642,168.062
K1378,S03,23.511,25.268,22.793
K1378,S03,24.497,25.268,22.793
K1378,S03,23.972,25.268,22.793
K1378,S03,23.95,25.268,22.793
K1379,S03,38.386,40.743,34.738
K1379,S03,36.957,40.743,34.738
K1379,S03,38.021,40.743,34.738
K1380,S03,150.691,153.482,146.643
K1380,S03,150.088,153.482,146.643
K1380,S03,149.589,153.482,146.643
K1380,S03,149.719,153.482,146.643
K1380,S03,151.355,153.482,146.643
K1381,S01,192.946,195.949,188.745
K1381,S01,192.411,195.949,188.745
K1381,S01,191.372,195.949,188.745
K1381,S01,192.348,195.949,188.745
K1381,S01,191.247,195.949,188.745
K1382,S02,121.792,125.008,119.574
K1382,S02,121.895,125.008,119.574
K1383,S02,11.646,12.977,10.131
K1383,S02,11.473,12.977,10.131
K1383,S02,11.793,12.977,10.131
K1383,S02,11.75,12.977,10.131
K1384,S03,126.957,128.907,124.933
K1384,S03,127.019,128.907,124.933
K1384,S03,127.148,128.907,124.933
K1385,S03,17.08,21.242,14.058
K1385,S03,17.765,21.242,14.058
K1386,S03,146.795,147.784,143.422
K1386,S03,146.132,147.784,143.422
K1386,S03,144.827,147.784,143.422
K1386,S03,144.593,147.784,143.422
K1387,S04,35.449,35.929,34.925
K1387,S04,35.185,35.929,34.925
K1387,S04,35.428,35.929,34.925
K1387,S04,35.591,35.929,34.925
K1387,S04,35.516,35.929,34.925
K1388,S01,102.263,107.441,99.214
K1388,S01,103.612,107.441,99.214
K1388,S01,104.187,107.441,99.214
K1388,S01,102.989,107.441,99.214
K1389,S01,147.756,153.392,143.936
K1389,S01,148.952,153.392,143.936
K1389,S01,149.841,153.392,143.936
K1390,S02,75.901,78.201,74.061
K1390,S02,76.306,78.201,74.061
K1391,S03,9.977,14.708,7.586
K1391,S03,9.733,14.708,7.586
K1391,S03,10.909,14.708,7.586
K1391,S03,10.175,14.708,7.586
K1392,S01,119.423,121.188,118.06
K1392,S01,118.95,121.188,118.06
K1392,S01,118.841,121.188,118.06
K1393,S01,165.59,169.663,162.252
K1393,S01,167.174,169.663,162.252
K1393,S01,165.928,169.663,162.252
K1393,S01,165.684,169.663,162.252
K1394,S01,35.931,39.635,32.425
K1394,S01,35.073,39.635,32.425
K1394,S01,36.671,39.635,32.425
K1394,S01,35.352,39.635,32.425
K1395,S02,117.161,118.122,116.209
K1395,S02,117.305,118.122,116.209
K1395,S02,117.456,118.122,116.209
K1395,S02,117.319,118.122,116.209
K1395,S02,117.353,118.122,116.209
K1396,S02,30.1,30.737,29.437
K1396,S02,30.191,30.737,29.437
K1397,S02,42.895,46.295,39.983
K1397,S02,43.32,46.295,39.983
K1397,S02,42.613,46.295,39.983
K1398,S01,127.442,129.196,125.833
K1398,S01,127.322,129.196,125.833
K1398,S01,127.851,129.196,125.833
K1398,S01,127.617,129.196,125.833
K1399,S01,182.349,186.357,176.588
K1399,S01,181.695,186.357,176.588
K1399,S01,182.829,186.357,176.588
K1400,S02,30.137,33.432,27.019
K1400,S02,30.246,33.432,27.019
K1400,S02,31.546,33.432,27.019
K1401,S01,54.003,54.639,53.422
K1401,S01,53.721,54.639,53.422
K1401,S01,53.911,54.639,53.422
K1401,S01,54.262,54.639,53.422
K1401,S01,53.718,54.639,53.422
K1402,S01,17.45,21.463,15.112
K1402,S01,18.544,21.463,15.112
K1402,S01,19.302,21.463,15.112
K1402,S01,19.276,21.463,15.112
K1403,S02,88.141,90.096,86.078
K1403,S02,88.074,90.096,86.078
K1403,S02,88.167,90.096,86.078
K1404,S02,134.128,136.669,131.719
K1404,S02,133.832,136.669,131.719
K1404,S02,134.186,136.669,131.719
K1404,S02,134.338,136.669,131.719
K1405,S02,109.369,115.192,106.589
K1405,S02,110.978,115.192,106.589
K1405,S02,110.607,115.192,106.589
K1405,S02,110.252,115.192,106.589
K1405,S02,109.901,115.192,106.589
K1406,S03,77.791,82.598,73.176
K1406,S03,77.52,82.598,73.176
K1406,S03,77.854,82.598,73.176
K1406,S03,77.302,82.598,73.176
K1407,S03,188.07,191.576,184.541
K1407,S03,187.923,191.576,184.541
K1407,S03,187.282,191.576,184.541
K1407,S03,187.629,191.576,184.541
K1408,S01,68.187,70.775,65.629
K1408,S01,68.615,70.775,65.629
K1408,S01,67.817,70.775,65.629
K1408,S01,67.826,70.775,65.629
K1408,S01,67.931,70.775,65.629
K1409,S02,24.96,27.049,22.745
K1409,S02,24.337,27.049,22.745
K1409,S02,25.316,27.049,22.745
K1409,S02,25.707,27.049,22.745
K1409,S02,25.654,27.049,22.745
K1410,S02,104.885,109.292,100.805
K1410,S02,105.615,109.292,100.805
K1411,S01,156.965,161.577,153.729
K1411,S01,157.065,161.577,153.729
K1411,S01,158.441,161.577,153.729
K1411,S01,158.429,161.577,153.729
K1412,S02,125.996,127.453,124.209
K1412,S02,126.069,127.453,124.209
K1412,S02,124.686,127.453,124.209
K1413,S01,37.387,40.269,34.377
K1413,S01,36.935,40.269,34.377
K1414,S02,194.738,197.016,192.306
K1414,S02,195.493,197.016,192.306
K1415,S02,53.559,54.959,48.744
K1415,S02,52.32,54.959,48.744
K1416,S02,111.276,115.793,110.08
K1416,S02,112.048,115.793,110.08
K1416,S02,112.442,115.793,110.08
K1416,S02,113.308,115.793,110.08
K1417,S03,58.855,61.258,55.673
K1417,S03,57.142,61.258,55.673
K1417,S03,58.681,61.258,55.673
K1417,S03,58.308,61.258,55.673
K1417,S03,59.046,61.258,55.673
K1418,S03,71.745,75.345,68.563
K1418,S03,72.778,75.345,68.563
K1418,S03,72.384,75.345,68.563
K1419,S03,49.201,53.43,47.934
K1419,S03,49.343,53.43,47.934
K1420,S04,27.959,32.933,23.126
K1420,S04,28.382,32.933,23.126
K1420,S04,29.235,32.933,23.126
K1421,S04,66.148,69.911,63.969
K1421,S04,66.879,69.911,63.969
K1421,S04,67.773,69.911,63.969
K1421,S04,66.674,69.911,63.969
K1421,S04,67.492,69.911,63.969
K1422,S04,40.346,40.972,39.485
K1422,S04,40.232,40.972,39.485
K1422,S04,40.411,40.972,39.485
K1422,S04,40.102,40.972,39.485
K1422,S04,40.263,40.972,39.485
K1423,S01,62.207,65.725,58.594
K1423,S01,63.313,65.725,58.594
K1423,S01,62.113,65.725,58.594
K1423,S01,61.636,65.725,58.594
K1424,S01,185.767,188.937,185.422
K1424,S01,187.58,188.937,185.422
K1424,S01,186.163,188.937,185.422
K1424,S01,188.745,188.937,185.422
K1424,S01,188.156,188.937,185.422
K1425,S02,88.207,89.965,84.346
K1425,S02,87.766,89.965,84.346
K1425,S02,86.327,89.965,84.346
K1425,S02,85.962,89.965,84.346
K1425,S02,86.842,89.965,84.346
K1426,S01,167.882,171.647,163.069
K1426,S01,167.173,171.647,163.069
K1426,S01,166.767,171.647,163.069
K1427,S01,26.688,29.814,23.633
K1427,S01,26.723,29.814,23.633
K1427,S01,28.371,29.814,23.633
K1428,S02,36.284,37.219,31.429
K1428,S02,33.9,37.219,31.429
K1429,S02,25.509,30.652,21.867
K1429,S02,25.019,30.652,21.867
K1430,S02,53.115,57.034,47.424
K1430,S02,53.866,57.034,47.424
K1431,S03,36.122,36.896,35.219
K1431,S03,36.504,36.896,35.219
K1431,S03,36.486,36.896,35.219
K1432,S03,94.053,94.943,93.101
K1432,S03,94.013,94.943,93.101
K1432,S03,93.698,94.943,93.101
K1432,S03,93.999,94.943,93.101
K1432,S03,93.915,94.943,93.101
K1433,S03,170.648,174.445,169.382
K1433,S03,172.25,174.445,169.382
K1433,S03,170.694,174.445,169.382
K1434,S04,135.108,136.214,133.628
K1434,S04,134.532,136.214,133.628
K1434,S04,134.83,136.214,133.628
K1435,S01,193.264,195.578,190.099
K1435,S01,192.941,195.578,190.099
K1435,S01,193.045,195.578,190.099
K1435,S01,193.501,195.578,190.099
K1436,S01,47.806,49.23,44.825
K1436,S01,48.566,49.23,44.825
K1436,S01,47.433,49.23,44.825
K1436,S01,47.07,49.23,44.825
K1437,S02,9.623,15.741,7.721
K1437,S02,12.4,15.741,7.721
K1437,S02,11.251,15.741,7.721
K1437,S02,9.918,15.741,7.721
K1438,S02,18.084,20.78,16.328
K1438,S02,17.633,20.78,16.328
K1439,S03,159.842,163.093,157.187
K1439,S03,159.223,163.093,157.187
K1440,S03,43.817,48.035,40.115
K1440,S03,44.18,48.035,40.115
K1440,S03,43.667,48.035,40.115
K1441,S03,96.27,98.186,94.573
K1441,S03,96.532,98.186,94.573
K1441,S03,96.407,98.186,94.573
K1441,S03,96.355,98.186,94.573
K1442,S01,29.217,30.038,28.852
K1442,S01,29.339,30.038,28.852
K1443,S01,149.764,154.144,144.991
K1443,S01,152.054,154.144,144.991
K1444,S02,36.999,39.621,34.375
K1444,S02,37.007,39.621,34.375
K1444,S02,36.766,39.621,34.375
K1444,S02,37.088,39.621,34.375
K1445,S02,197.965,199.173,197.391
K1445,S02,198.236,199.173,197.391
K1445,S02,198.161,199.173,197.391
K1445,S02,198.142,199.173,197.391
K1445,S02,198.335,199.173,197.391
K1446,S01,181.049,184.442,178.444
K1446,S01,181.406,184.442,178.444
K1446,S01,181.583,184.442,178.444
K1446,S01,182.173,184.442,178.444
K1446,S01,181.672,184.442,178.444
K1447,S01,142.084,145.637,137.32
K1447,S01,143.278,145.637,137.32
K1447,S01,141.05,145.637,137.32
K1448,S02,115.475,116.241,114.563
K1448,S02,115.65,116.241,114.563
K1449,S01,50.671,55.201,45.301
K1449,S01,50.223,55.201,45.301
K1449,S01,49.978,55.201,45.301
K1449,S01,49.742,55.201,45.301
K1449,S01,50.953,55.201,45.301
K1450,S01,145.315,150.389,145.247
K1450,S01,146.03,150.389,145.247
K1451,S02,75.201,79.662,71.574
K1451,S02,75.661,79.662,71.574
K1452,S02,153.007,154.324,151.745
K1452,S02,153.024,154.324,151.745
K1452,S02,152.893,154.324,151.745
K1452,S02,153.172,154.324,151.745
K1453,S02,180.752,183.849,177.446
K1453,S02,180.786,183.849,177.446
K1454,S03,178.936,182.545,175.472
K1454,S03,178.632,182.545,175.472
K1455,S03,194.755,198.768,192.172
K1455,S03,195.707,198.768,192.172
K1455,S03,195.179,198.768,192.172
K1456,S04,70.9,72.713,68.448
K1456,S04,71.29,72.713,68.448
K1456,S04,70.395,72.713,68.448
K1456,S04,69.928,72.713,68.448
K1457,S04,27.489,29.383,24.493
K1457,S04,27.572,29.383,24.493
K1458,S01,141.441,142.506,138.321
K1458,S01,140.653,142.506,138.321
K1459,S01,171.296,174.464,168.819
K1459,S01,171.077,174.464,168.819
K1459,S01,172.055,174.464,168.819
K1459,S01,171.075,174.464,168.819
K1459,S01,172.566,174.464,168.819
K1460,S01,146.942,150.38,141.671
K1460,S01,145.725,150.38,141.671
K1460,S01,146.565,150.38,141.671
K1461,S02,125.061,127.989,121.33
K1461,S02,125.872,127.989,121.33
K1462,S02,89.542,94.118,85.368
K1462,S02,91.22,94.118,85.368
K1462,S02,89.974,94.118,85.368
K1462,S02,90.191,94.118,85.368
K1462,S02,89.707,94.118,85.368
K1463,S02,75.561,80.005,70.118
K1463,S02,76.018,80.005,70.118
K1463,S02,73.429,80.005,70.118
K1463,S02,75.858,80.005,70.118
K1464,S01,83.916,84.415,83.11
K1464,S01,83.643,84.415,83.11
K1464,S01,83.735,84.415,83.11
K1465,S02,60.532,62.072,59.024
K1465,S02,59.844,62.072,59.024
K1465,S02,60.873,62.072,59.024
K1466,S02,59.329,59.803,58.537
K1466,S02,58.796,59.803,58.537
K1466,S02,58.674,59.803,58.537
K1466,S02,59.637,59.803,58.537
K1467,S02,66.933,67.596,66.379
K1467,S02,66.947,67.596,66.379
K1467,S02,66.902,67.596,66.379
K1467,S02,66.823,67.596,66.379
K1467,S02,67.029,67.596,66.379
K1468,S03,71.744,77.473,68.561
K1468,S03,74.065,77.473,68.561
K1468,S03,72.231,77.473,68.561
K1468,S03,73.535,77.473,68.561
K1469,S03,175.915,178.278,172.695
K1469,S03,175.425,178.278,172.695
K1470,S03,163.545,167.569,159.766
K1470,S03,164.344,167.569,159.766
K1471,S01,98.569,100.695,95.993
K1471,S01,98.267,100.695,95.993
K1471,S01,97.632,100.695,95.993
K1471,S01,100.235,100.695,95.993
K1472,S01,117.521,118.485,112.351
K1472,S01,116.859,118.485,112.351
K1473,S01,37.629,41.537,36.57
K1473,S01,39.204,41.537,36.57
K1473,S01,37.793,41.537,36.57
K1474,S02,106.138,108.3,102.036
K1474,S02,105.396,108.3,102.036
K1475,S02,29.704,33.657,28.142
K1475,S02,31.624,33.657,28.142
K1475,S02,31.237,33.657,28.142
K1476,S02,35.42,39.464,33.221
K1476,S02,34.205,39.464,33.221
K1476,S02,33.437,39.464,33.221
K1476,S02,35.897,39.464,33.221
K1476,S02,35.663,39.464,33.221
K1477,S03,84.189,86.289,82.307
K1477,S03,84.123,86.289,82.307
K1477,S03,84.523,86.289,82.307
