MaterialNumber,StorageBin,QtyOnHand,KanbanCardID,IssuingPlant,ReceivingPlant
MAT-225394,A-27-2,3968,KANBAN-00001,Engine Plant DE,Assembly Plant IN
MAT-856927,G-22-4,3770,KANBAN-00002,Engine Plant DE,Assembly Plant IN
MAT-368168,E-22-2,1852,KANBAN-00003,Engine Plant DE,Assembly Plant IN
MAT-979862,H-10-2,1121,KANBAN-00004,Engine Plant DE,Assembly Plant IN
MAT-973185,A-27-2,1191,KANBAN-00005,Engine Plant DE,Assembly Plant IN
MAT-174758,F-14-4,4090,KANBAN-00006,Engine Plant DE,Assembly Plant IN
MAT-272333,F-27-5,190,KANBAN-00007,Engine Plant DE,Assembly Plant IN
MAT-139258,C-23-4,762,KANBAN-00008,Engine Plant DE,Assembly Plant IN
MAT-295889,F-04-4,60,KANBAN-00009,Engine Plant DE,Assembly Plant IN
MAT-474681,C-06-2,4610,KANBAN-00010,Engine Plant DE,Assembly Plant IN
MAT-828853,C-29-1,3603,KANBAN-00011,Engine Plant DE,Assembly Plant IN
MAT-206024,G-01-4,3690,KANBAN-00012,Engine Plant DE,Assembly Plant IN
MAT-632459,D-08-3,265,KANBAN-00013,Engine Plant DE,Assembly Plant IN
MAT-217103,B-22-5,1269,KANBAN-00014,Engine Plant DE,Assembly Plant IN
MAT-934753,E-23-1,1962,KANBAN-00015,Engine Plant DE,Assembly Plant IN
MAT-276988,D-02-5,1510,KANBAN-00016,Engine Plant DE,Assembly Plant IN
MAT-466921,G-18-2,2971,KANBAN-00017,Engine Plant DE,Assembly Plant IN
MAT-268505,H-05-2,2352,KANBAN-00018,Engine Plant DE,Assembly Plant IN
MAT-511575,F-07-2,3581,KANBAN-00019,Engine Plant DE,Assembly Plant IN
MAT-684127,G-02-1,644,KANBAN-00020,Engine Plant DE,Assembly Plant IN
MAT-430080,E-07-5,377,KANBAN-00021,Engine Plant DE,Assembly Plant IN
MAT-119426,C-25-2,3307,KANBAN-00022,Engine Plant DE,Assembly Plant IN
MAT-801602,G-19-1,561,KANBAN-00023,Engine Plant DE,Assembly Plant IN
MAT-634471,B-08-5,3363,KANBAN-00024,Engine Plant DE,Assembly Plant IN
MAT-746746,B-22-2,4320,KANBAN-00025,Engine Plant DE,Assembly Plant IN
MAT-970443,F-11-4,1369,KANBAN-00026,Engine Plant DE,Assembly Plant IN
MAT-938163,B-11-3,1429,KANBAN-00027,Engine Plant DE,Assembly Plant IN
MAT-980166,F-19-4,2213,KANBAN-00028,Engine Plant DE,Assembly Plant IN
MAT-874871,E-15-2,1224,KANBAN-00029,Engine Plant DE,Assembly Plant IN
MAT-126529,C-25-2,673,KANBAN-00030,Engine Plant DE,Assembly Plant IN
MAT-464922,A-15-3,4330,KANBAN-00031,Engine Plant DE,Assembly Plant IN
MAT-464118,C-15-1,838,KANBAN-00032,Engine Plant DE,Assembly Plant IN
MAT-793615,E-19-1,1527,KANBAN-00033,Engine Plant DE,Assembly Plant IN
MAT-239071,E-29-1,1180,KANBAN-00034,Engine Plant DE,Assembly Plant IN
MAT-284054,E-08-4,4748,KANBAN-00035,Engine Plant DE,Assembly Plant IN
MAT-768030,H-08-1,1250,KANBAN-00036,Engine Plant DE,Assembly Plant IN
MAT-547805,F-29-1,1915,KANBAN-00037,Engine Plant DE,Assembly Plant IN
MAT-643324,G-23-1,2036,KANBAN-00038,Engine Plant DE,Assembly Plant IN
MAT-920253,B-05-5,3537,KANBAN-00039,Engine Plant DE,Assembly Plant IN
MAT-280875,B-05-5,4061,KANBAN-00040,Engine Plant DE,Assembly Plant IN
MAT-889147,C-15-5,478,KANBAN-00041,Engine Plant DE,Assembly Plant IN
MAT-686049,G-03-4,2616,KANBAN-00042,Engine Plant DE,Assembly Plant IN
MAT-776618,B-29-3,613,KANBAN-00043,Engine Plant DE,Assembly Plant IN
MAT-918218,H-29-1,3085,KANBAN-00044,Engine Plant DE,Assembly Plant IN
MAT-575778,E-26-2,155,KANBAN-00045,Engine Plant DE,Assembly Plant IN
MAT-975489,H-05-1,1229,KANBAN-00046,Engine Plant DE,Assembly Plant IN
MAT-300056,B-01-5,1289,KANBAN-00047,Engine Plant DE,Assembly Plant IN
MAT-725928,D-28-2,2666,KANBAN-00048,Engine Plant DE,Assembly Plant IN
MAT-273929,F-24-2,1093,KANBAN-00049,Engine Plant DE,Assembly Plant IN
MAT-701800,G-23-3,4180,KANBAN-00050,Engine Plant DE,Assembly Plant IN
MAT-267369,E-14-1,3246,KANBAN-00051,Engine Plant DE,Assembly Plant IN
MAT-577883,A-12-1,860,KANBAN-00052,Engine Plant DE,Assembly Plant IN
MAT-801021,A-19-2,2546,KANBAN-00053,Engine Plant DE,Assembly Plant IN
MAT-267882,C-05-1,1054,KANBAN-00054,Engine Plant DE,Assembly Plant IN
MAT-275397,B-28-2,1632,KANBAN-00055,Engine Plant DE,Assembly Plant IN
MAT-172502,F-22-2,3054,KANBAN-00056,Engine Plant DE,Assembly Plant IN
MAT-276938,F-05-4,1092,KANBAN-00057,Engine Plant DE,Assembly Plant IN
MAT-876210,C-28-2,469,KANBAN-00058,Engine Plant DE,Assembly Plant IN
MAT-431084,B-19-1,1037,KANBAN-00059,Engine Plant DE,Assembly Plant IN
MAT-274446,D-22-3,1374,KANBAN-00060,Engine Plant DE,Assembly Plant IN
MAT-465355,E-15-4,1526,KANBAN-00061,Engine Plant DE,Assembly Plant IN
MAT-193335,F-18-1,895,KANBAN-00062,Engine Plant DE,Assembly Plant IN
MAT-236502,H-20-2,4908,KANBAN-00063,Engine Plant DE,Assembly Plant IN
MAT-694147,G-23-3,4797,KANBAN-00064,Engine Plant DE,Assembly Plant IN
MAT-898723,H-21-5,1569,KANBAN-00065,Engine Plant DE,Assembly Plant IN
MAT-362299,D-25-2,2526,KANBAN-00066,Engine Plant DE,Assembly Plant IN
MAT-522951,H-25-5,4994,KANBAN-00067,Engine Plant DE,Assembly Plant IN
MAT-347349,G-14-4,1784,KANBAN-00068,Engine Plant DE,Assembly Plant IN
MAT-326283,B-11-4,651,KANBAN-00069,Engine Plant DE,Assembly Plant IN
MAT-321954,D-15-3,1786,KANBAN-00070,Engine Plant DE,Assembly Plant IN
MAT-310866,F-20-4,3319,KANBAN-00071,Engine Plant DE,Assembly Plant IN
MAT-670424,E-16-5,4604,KANBAN-00072,Engine Plant DE,Assembly Plant IN
MAT-671235,C-29-3,3733,KANBAN-00073,Engine Plant DE,Assembly Plant IN
MAT-291147,A-24-5,3603,KANBAN-00074,Engine Plant DE,Assembly Plant IN
MAT-160818,C-04-5,2494,KANBAN-00075,Engine Plant DE,Assembly Plant IN
MAT-898765,H-05-3,3737,KANBAN-00076,Engine Plant DE,Assembly Plant IN
MAT-554100,G-19-2,3026,KANBAN-00077,Engine Plant DE,Assembly Plant IN
MAT-127116,G-08-2,4481,KANBAN-00078,Engine Plant DE,Assembly Plant IN
MAT-256397,H-02-5,2983,KANBAN-00079,Engine Plant DE,Assembly Plant IN
MAT-669125,H-24-1,3837,KANBAN-00080,Engine Plant DE,Assembly Plant IN
MAT-782672,E-18-2,1670,KANBAN-00081,Engine Plant DE,Assembly Plant IN
MAT-956289,F-08-4,1794,KANBAN-00082,Engine Plant DE,Assembly Plant IN
MAT-355775,B-09-2,2338,KANBAN-00083,Engine Plant DE,Assembly Plant IN
MAT-126406,F-13-1,4222,KANBAN-00084,Engine Plant DE,Assembly Plant IN
MAT-302029,G-22-1,4841,KANBAN-00085,Engine Plant DE,Assembly Plant IN
MAT-611078,E-28-3,463,KANBAN-00086,Engine Plant DE,Assembly Plant IN
MAT-415232,H-15-3,2898,KANBAN-00087,Engine Plant DE,Assembly Plant IN
MAT-739681,B-11-2,2602,KANBAN-00088,Engine Plant DE,Assembly Plant IN
MAT-640313,G-18-2,1572,KANBAN-00089,Engine Plant DE,Assembly Plant IN
MAT-834595,E-16-5,2849,KANBAN-00090,Engine Plant DE,Assembly Plant IN
MAT-579358,D-16-2,420,KANBAN-00091,Engine Plant DE,Assembly Plant IN
MAT-729000,D-21-3,3891,KANBAN-00092,Engine Plant DE,Assembly Plant IN
MAT-565864,D-16-5,4779,KANBAN-00093,Engine Plant DE,Assembly Plant IN
MAT-719349,H-10-2,3547,KANBAN-00094,Engine Plant DE,Assembly Plant IN
MAT-780739,G-08-5,1251,KANBAN-00095,Engine Plant DE,Assembly Plant IN
MAT-983587,B-21-1,710,KANBAN-00096,Engine Plant DE,Assembly Plant IN
MAT-662109,C-24-3,938,KANBAN-00097,Engine Plant DE,Assembly Plant IN
MAT-720412,F-14-1,183,KANBAN-00098,Engine Plant DE,Assembly Plant IN
MAT-369894,A-06-3,83,KANBAN-00099,Engine Plant DE,Assembly Plant IN
MAT-240475,A-23-5,2314,KANBAN-00100,Engine Plant DE,Assembly Plant IN
MAT-936239,A-24-5,2846,KANBAN-00101,Engine Plant DE,Assembly Plant IN
MAT-927197,H-29-5,4597,KANBAN-00102,Engine Plant DE,Assembly Plant IN
MAT-167278,E-04-4,4907,KANBAN-00103,Engine Plant DE,Assembly Plant IN
MAT-649486,E-02-4,3998,KANBAN-00104,Engine Plant DE,Assembly Plant IN
MAT-505240,G-02-5,1570,KANBAN-00105,Engine Plant DE,Assembly Plant IN
MAT-698000,H-28-4,357,KANBAN-00106,Engine Plant DE,Assembly Plant IN
MAT-526394,G-24-3,1441,KANBAN-00107,Engine Plant DE,Assembly Plant IN
MAT-228301,F-02-4,183,KANBAN-00108,Engine Plant DE,Assembly Plant IN
MAT-189357,F-04-3,2529,KANBAN-00109,Engine Plant DE,Assembly Plant IN
MAT-585168,A-26-1,275,KANBAN-00110,Engine Plant DE,Assembly Plant IN
MAT-761767,A-16-4,2083,KANBAN-00111,Engine Plant DE,Assembly Plant IN
MAT-111982,H-04-5,3940,KANBAN-00112,Engine Plant DE,Assembly Plant IN
MAT-283139,H-07-5,696,KANBAN-00001,Engine Plant US,Assembly Plant IN
MAT-858580,A-15-1,2595,KANBAN-00002,Engine Plant US,Assembly Plant IN
MAT-734401,F-07-2,2676,KANBAN-00003,Engine Plant US,Assembly Plant IN
MAT-131621,A-27-3,2347,KANBAN-00004,Engine Plant US,Assembly Plant IN
MAT-317673,G-13-5,3253,KANBAN-00005,Engine Plant US,Assembly Plant IN
MAT-680995,G-20-5,3638,KANBAN-00006,Engine Plant US,Assembly Plant IN
MAT-129569,D-15-5,1959,KANBAN-00007,Engine Plant US,Assembly Plant IN
MAT-657564,A-13-1,1310,KANBAN-00008,Engine Plant US,Assembly Plant IN
MAT-556141,B-02-2,2736,KANBAN-00009,Engine Plant US,Assembly Plant IN
MAT-514869,H-26-1,2769,KANBAN-00010,Engine Plant US,Assembly Plant IN
MAT-960920,G-19-3,1365,KANBAN-00011,Engine Plant US,Assembly Plant IN
MAT-545127,G-01-3,4196,KANBAN-00012,Engine Plant US,Assembly Plant IN
MAT-978978,G-18-4,1563,KANBAN-00013,Engine Plant US,Assembly Plant IN
MAT-672607,E-26-1,3923,KANBAN-00014,Engine Plant US,Assembly Plant IN
MAT-838576,A-01-1,1237,KANBAN-00015,Engine Plant US,Assembly Plant IN
MAT-146386,G-18-2,1569,KANBAN-00016,Engine Plant US,Assembly Plant IN
MAT-448780,G-25-4,4081,KANBAN-00017,Engine Plant US,Assembly Plant IN
MAT-384817,E-05-2,4133,KANBAN-00018,Engine Plant US,Assembly Plant IN
MAT-851793,H-26-4,4240,KANBAN-00019,Engine Plant US,Assembly Plant IN
MAT-502793,G-16-2,3956,KANBAN-00020,Engine Plant US,Assembly Plant IN
MAT-565802,C-14-5,1962,KANBAN-00021,Engine Plant US,Assembly Plant IN
MAT-303611,G-14-1,3210,KANBAN-00022,Engine Plant US,Assembly Plant IN
MAT-474369,G-18-2,4042,KANBAN-00023,Engine Plant US,Assembly Plant IN
MAT-593741,G-01-3,570,KANBAN-00024,Engine Plant US,Assembly Plant IN
MAT-303280,F-14-2,2507,KANBAN-00025,Engine Plant US,Assembly Plant IN
MAT-154808,E-15-2,3936,KANBAN-00026,Engine Plant US,Assembly Plant IN
MAT-689637,C-28-5,3860,KANBAN-00027,Engine Plant US,Assembly Plant IN
MAT-425274,H-23-3,2083,KANBAN-00028,Engine Plant US,Assembly Plant IN
MAT-252367,G-23-3,172,KANBAN-00029,Engine Plant US,Assembly Plant IN
MAT-362427,F-11-4,4447,KANBAN-00030,Engine Plant US,Assembly Plant IN
MAT-318595,A-02-5,3692,KANBAN-00031,Engine Plant US,Assembly Plant IN
MAT-972167,G-07-2,2261,KANBAN-00032,Engine Plant US,Assembly Plant IN
MAT-945803,C-22-3,2530,KANBAN-00033,Engine Plant US,Assembly Plant IN
MAT-167117,G-04-1,3380,KANBAN-00034,Engine Plant US,Assembly Plant IN
MAT-451277,G-27-5,4953,KANBAN-00035,Engine Plant US,Assembly Plant IN
MAT-537068,H-02-2,2421,KANBAN-00036,Engine Plant US,Assembly Plant IN
MAT-475126,B-08-4,2654,KANBAN-00037,Engine Plant US,Assembly Plant IN
MAT-822832,F-28-3,2535,KANBAN-00038,Engine Plant US,Assembly Plant IN
MAT-237852,E-11-2,873,KANBAN-00039,Engine Plant US,Assembly Plant IN
MAT-537076,D-14-2,3063,KANBAN-00040,Engine Plant US,Assembly Plant IN
MAT-855859,F-25-3,759,KANBAN-00041,Engine Plant US,Assembly Plant IN
MAT-264080,H-26-1,4505,KANBAN-00042,Engine Plant US,Assembly Plant IN
MAT-433894,A-18-1,450,KANBAN-00043,Engine Plant US,Assembly Plant IN
MAT-214346,C-14-1,1959,KANBAN-00044,Engine Plant US,Assembly Plant IN
MAT-514040,F-17-3,3588,KANBAN-00045,Engine Plant US,Assembly Plant IN
MAT-128517,H-18-1,4802,KANBAN-00046,Engine Plant US,Assembly Plant IN
MAT-266802,G-05-1,3254,KANBAN-00047,Engine Plant US,Assembly Plant IN
MAT-730437,B-29-4,1901,KANBAN-00048,Engine Plant US,Assembly Plant IN
MAT-369808,A-03-2,2877,KANBAN-00049,Engine Plant US,Assembly Plant IN
MAT-842787,F-02-5,1328,KANBAN-00050,Engine Plant US,Assembly Plant IN
MAT-215442,D-03-3,4336,KANBAN-00051,Engine Plant US,Assembly Plant IN
MAT-671477,D-10-5,3025,KANBAN-00052,Engine Plant US,Assembly Plant IN
MAT-894681,B-01-2,662,KANBAN-00053,Engine Plant US,Assembly Plant IN
MAT-989875,E-23-1,1265,KANBAN-00054,Engine Plant US,Assembly Plant IN
MAT-211198,G-16-2,2758,KANBAN-00055,Engine Plant US,Assembly Plant IN
MAT-997584,G-02-4,3430,KANBAN-00056,Engine Plant US,Assembly Plant IN
MAT-921962,C-12-5,640,KANBAN-00057,Engine Plant US,Assembly Plant IN
MAT-319082,E-14-3,2159,KANBAN-00058,Engine Plant US,Assembly Plant IN
MAT-202241,B-25-4,2075,KANBAN-00059,Engine Plant US,Assembly Plant IN
MAT-158580,B-17-5,2742,KANBAN-00060,Engine Plant US,Assembly Plant IN
MAT-917858,D-05-3,3445,KANBAN-00061,Engine Plant US,Assembly Plant IN
MAT-886602,B-17-4,1047,KANBAN-00062,Engine Plant US,Assembly Plant IN
MAT-592588,F-07-4,1345,KANBAN-00063,Engine Plant US,Assembly Plant IN
MAT-711593,F-27-2,4593,KANBAN-00064,Engine Plant US,Assembly Plant IN
MAT-691296,A-25-3,3555,KANBAN-00065,Engine Plant US,Assembly Plant IN
MAT-571693,B-29-4,722,KANBAN-00066,Engine Plant US,Assembly Plant IN
MAT-482155,H-11-2,2566,KANBAN-00067,Engine Plant US,Assembly Plant IN
MAT-307331,C-25-1,528,KANBAN-00068,Engine Plant US,Assembly Plant IN
MAT-356989,G-08-2,2800,KANBAN-00069,Engine Plant US,Assembly Plant IN
MAT-877894,C-18-3,483,KANBAN-00070,Engine Plant US,Assembly Plant IN
MAT-911924,B-05-4,1465,KANBAN-00071,Engine Plant US,Assembly Plant IN
MAT-591856,A-08-3,218,KANBAN-00072,Engine Plant US,Assembly Plant IN
MAT-459904,F-29-3,4958,KANBAN-00073,Engine Plant US,Assembly Plant IN
MAT-218773,E-20-2,1844,KANBAN-00074,Engine Plant US,Assembly Plant IN
MAT-166465,A-09-2,4992,KANBAN-00075,Engine Plant US,Assembly Plant IN
MAT-353963,G-18-1,3167,KANBAN-00076,Engine Plant US,Assembly Plant IN
MAT-619558,B-26-1,3409,KANBAN-00077,Engine Plant US,Assembly Plant IN
MAT-516109,F-04-5,4130,KANBAN-00078,Engine Plant US,Assembly Plant IN
MAT-900124,E-19-1,3207,KANBAN-00079,Engine Plant US,Assembly Plant IN
MAT-212875,C-08-3,3074,KANBAN-00080,Engine Plant US,Assembly Plant IN
MAT-399765,G-01-3,3126,KANBAN-00081,Engine Plant US,Assembly Plant IN
MAT-103471,B-17-3,356,KANBAN-00082,Engine Plant US,Assembly Plant IN
MAT-708602,C-24-3,967,KANBAN-00083,Engine Plant US,Assembly Plant IN
MAT-198196,D-26-2,3944,KANBAN-00084,Engine Plant US,Assembly Plant IN
MAT-114913,H-04-2,2633,KANBAN-00085,Engine Plant US,Assembly Plant IN
MAT-873803,F-27-2,4517,KANBAN-00086,Engine Plant US,Assembly Plant IN
MAT-123673,D-19-3,4511,KANBAN-00087,Engine Plant US,Assembly Plant IN
MAT-918633,G-15-5,1600,KANBAN-00088,Engine Plant US,Assembly Plant IN
MAT-226525,F-27-4,4171,KANBAN-00089,Engine Plant US,Assembly Plant IN
MAT-206632,H-09-2,2524,KANBAN-00090,Engine Plant US,Assembly Plant IN
MAT-224216,F-11-1,4091,KANBAN-00091,Engine Plant US,Assembly Plant IN
MAT-218075,D-09-5,4307,KANBAN-00092,Engine Plant US,Assembly Plant IN
MAT-943619,G-12-2,3114,KANBAN-00093,Engine Plant US,Assembly Plant IN
MAT-680173,H-29-2,4952,KANBAN-00094,Engine Plant US,Assembly Plant IN
MAT-506859,G-20-5,988,KANBAN-00095,Engine Plant US,Assembly Plant IN
MAT-754149,D-10-2,4756,KANBAN-00096,Engine Plant US,Assembly Plant IN
MAT-765018,E-03-2,2656,KANBAN-00097,Engine Plant US,Assembly Plant IN
MAT-698521,D-27-4,1089,KANBAN-00098,Engine Plant US,Assembly Plant IN
MAT-888502,A-24-1,351,KANBAN-00099,Engine Plant US,Assembly Plant IN
MAT-713309,C-03-1,2285,KANBAN-00100,Engine Plant US,Assembly Plant IN
MAT-822816,A-26-4,3251,KANBAN-00101,Engine Plant US,Assembly Plant IN
MAT-148076,F-12-4,3249,KANBAN-00102,Engine Plant US,Assembly Plant IN
MAT-271174,G-19-4,1034,KANBAN-00103,Engine Plant US,Assembly Plant IN
MAT-417514,B-23-5,3591,KANBAN-00104,Engine Plant US,Assembly Plant IN
MAT-444204,G-29-3,4004,KANBAN-00105,Engine Plant US,Assembly Plant IN
MAT-996840,G-09-3,3687,KANBAN-00106,Engine Plant US,Assembly Plant IN
MAT-152763,H-06-4,1801,KANBAN-00107,Engine Plant US,Assembly Plant IN
MAT-165301,A-28-5,2166,KANBAN-00108,Engine Plant US,Assembly Plant IN
MAT-659884,C-11-5,845,KANBAN-00109,Engine Plant US,Assembly Plant IN
MAT-539260,E-29-1,2696,KANBAN-00110,Engine Plant US,Assembly Plant IN
MAT-779210,C-03-3,3086,KANBAN-00111,Engine Plant US,Assembly Plant IN
MAT-134452,D-13-1,3075,KANBAN-00112,Engine Plant US,Assembly Plant IN
MAT-312273,B-07-2,383,KANBAN-00113,Engine Plant US,Assembly Plant IN
MAT-205394,E-14-5,3737,KANBAN-00114,Engine Plant US,Assembly Plant IN
MAT-514574,F-19-3,2236,KANBAN-00115,Engine Plant US,Assembly Plant IN
MAT-687056,E-07-1,1352,KANBAN-00116,Engine Plant US,Assembly Plant IN
MAT-307538,F-05-2,1264,KANBAN-00117,Engine Plant US,Assembly Plant IN
MAT-365732,B-11-3,4202,KANBAN-00118,Engine Plant US,Assembly Plant IN
MAT-294588,G-12-3,4238,KANBAN-00119,Engine Plant US,Assembly Plant IN
MAT-251272,G-08-5,559,KANBAN-00120,Engine Plant US,Assembly Plant IN
MAT-292554,G-26-1,2911,KANBAN-00121,Engine Plant US,Assembly Plant IN
MAT-158781,F-03-5,3400,KANBAN-00122,Engine Plant US,Assembly Plant IN
MAT-608838,A-14-5,2814,KANBAN-00123,Engine Plant US,Assembly Plant IN
MAT-306119,E-29-4,2618,KANBAN-00124,Engine Plant US,Assembly Plant IN
MAT-185003,B-25-3,3138,KANBAN-00125,Engine Plant US,Assembly Plant IN
MAT-291452,G-11-2,3655,KANBAN-00126,Engine Plant US,Assembly Plant IN
MAT-148907,H-02-2,2313,KANBAN-00127,Engine Plant US,Assembly Plant IN
MAT-782750,D-16-5,2427,KANBAN-00128,Engine Plant US,Assembly Plant IN
MAT-674159,C-07-4,4440,KANBAN-00129,Engine Plant US,Assembly Plant IN
MAT-183083,F-02-4,2514,KANBAN-00130,Engine Plant US,Assembly Plant IN
MAT-447859,C-27-1,1694,KANBAN-00131,Engine Plant US,Assembly Plant IN
MAT-867290,H-11-2,1304,KANBAN-00132,Engine Plant US,Assembly Plant IN
MAT-723408,D-25-4,2797,KANBAN-00133,Engine Plant US,Assembly Plant IN
MAT-486325,E-29-4,4482,KANBAN-00134,Engine Plant US,Assembly Plant IN
MAT-251619,G-06-3,644,KANBAN-00135,Engine Plant US,Assembly Plant IN
MAT-934404,G-20-2,4531,KANBAN-00136,Engine Plant US,Assembly Plant IN
MAT-704106,E-07-1,1195,KANBAN-00137,Engine Plant US,Assembly Plant IN
MAT-358384,B-06-3,3277,KANBAN-00138,Engine Plant US,Assembly Plant IN
MAT-204398,H-27-4,238,KANBAN-00139,Engine Plant US,Assembly Plant IN
MAT-327846,F-06-3,4085,KANBAN-00140,Engine Plant US,Assembly Plant IN
MAT-720170,H-18-5,319,KANBAN-00141,Engine Plant US,Assembly Plant IN
MAT-621936,C-29-4,4979,KANBAN-00142,Engine Plant US,Assembly Plant IN
MAT-303748,C-22-3,3214,KANBAN-00143,Engine Plant US,Assembly Plant IN
MAT-704294,F-28-3,4545,KANBAN-00144,Engine Plant US,Assembly Plant IN
MAT-554162,H-26-2,3397,KANBAN-00145,Engine Plant US,Assembly Plant IN
MAT-300532,H-11-5,3626,KANBAN-00146,Engine Plant US,Assembly Plant IN
MAT-137157,C-18-5,2588,KANBAN-00147,Engine Plant US,Assembly Plant IN
MAT-934388,C-01-4,499,KANBAN-00148,Engine Plant US,Assembly Plant IN
MAT-618209,C-13-4,4587,KANBAN-00149,Engine Plant US,Assembly Plant IN
MAT-139623,D-11-3,4819,KANBAN-00150,Engine Plant US,Assembly Plant IN
MAT-215318,G-20-4,1176,KANBAN-00151,Engine Plant US,Assembly Plant IN
MAT-231923,D-08-4,3814,KANBAN-00152,Engine Plant US,Assembly Plant IN
MAT-884413,F-17-3,3062,KANBAN-00153,Engine Plant US,Assembly Plant IN
MAT-714503,C-17-4,3789,KANBAN-00154,Engine Plant US,Assembly Plant IN
MAT-162918,B-22-4,3617,KANBAN-00155,Engine Plant US,Assembly Plant IN
MAT-928025,A-09-2,4237,KANBAN-00156,Engine Plant US,Assembly Plant IN
MAT-914090,H-09-2,1838,KANBAN-00157,Engine Plant US,Assembly Plant IN
MAT-123144,F-18-3,3556,KANBAN-00158,Engine Plant US,Assembly Plant IN
MAT-722535,A-08-4,3836,KANBAN-00159,Engine Plant US,Assembly Plant IN
MAT-269809,D-23-3,593,KANBAN-00160,Engine Plant US,Assembly Plant IN
MAT-673163,D-04-5,4910,KANBAN-00161,Engine Plant US,Assembly Plant IN
MAT-251020,F-27-1,2400,KANBAN-00162,Engine Plant US,Assembly Plant IN
MAT-326279,F-17-1,3133,KANBAN-00163,Engine Plant US,Assembly Plant IN
MAT-873540,A-15-1,2823,KANBAN-00164,Engine Plant US,Assembly Plant IN
MAT-380130,D-18-1,4899,KANBAN-00165,Engine Plant US,Assembly Plant IN
MAT-194564,F-22-5,3557,KANBAN-00166,Engine Plant US,Assembly Plant IN
MAT-960916,A-12-1,643,KANBAN-00167,Engine Plant US,Assembly Plant IN
MAT-908410,A-14-5,3887,KANBAN-00168,Engine Plant US,Assembly Plant IN
MAT-910965,A-01-4,4722,KANBAN-00169,Engine Plant US,Assembly Plant IN
MAT-422017,F-12-3,1679,KANBAN-00170,Engine Plant US,Assembly Plant IN
MAT-594340,A-19-4,3247,KANBAN-00171,Engine Plant US,Assembly Plant IN
MAT-433138,D-08-2,3826,KANBAN-00172,Engine Plant US,Assembly Plant IN
MAT-899012,B-01-1,3818,KANBAN-00173,Engine Plant US,Assembly Plant IN
MAT-567527,F-16-4,428,KANBAN-00174,Engine Plant US,Assembly Plant IN
MAT-282982,E-21-2,4599,KANBAN-00175,Engine Plant US,Assembly Plant IN
MAT-478907,D-26-2,210,KANBAN-00176,Engine Plant US,Assembly Plant IN
MAT-288634,C-10-3,3342,KANBAN-00177,Engine Plant US,Assembly Plant IN
MAT-916642,C-27-1,2483,KANBAN-00178,Engine Plant US,Assembly Plant IN
MAT-743162,H-25-1,2044,KANBAN-00179,Engine Plant US,Assembly Plant IN
MAT-966036,E-20-5,2241,KANBAN-00180,Engine Plant US,Assembly Plant IN
MAT-594299,H-25-1,224,KANBAN-00181,Engine Plant US,Assembly Plant IN
MAT-101715,B-27-5,3834,KANBAN-00182,Engine Plant US,Assembly Plant IN
MAT-191924,F-24-5,4090,KANBAN-00183,Engine Plant US,Assembly Plant IN
MAT-134053,A-21-4,1435,KANBAN-00184,Engine Plant US,Assembly Plant IN
MAT-226307,D-26-5,3996,KANBAN-00185,Engine Plant US,Assembly Plant IN
MAT-735921,F-09-4,1447,KANBAN-00186,Engine Plant US,Assembly Plant IN
MAT-256124,B-14-2,2405,KANBAN-00187,Engine Plant US,Assembly Plant IN
MAT-629124,B-08-4,297,KANBAN-00188,Engine Plant US,Assembly Plant IN
MAT-979585,A-03-2,2319,KANBAN-00189,Engine Plant US,Assembly Plant IN
MAT-374941,D-21-1,176,KANBAN-00190,Engine Plant US,Assembly Plant IN
MAT-810256,F-07-2,3015,KANBAN-00191,Engine Plant US,Assembly Plant IN
MAT-822211,F-18-3,1182,KANBAN-00192,Engine Plant US,Assembly Plant IN
MAT-319761,E-25-1,3485,KANBAN-00193,Engine Plant US,Assembly Plant IN
MAT-995195,B-04-2,597,KANBAN-00194,Engine Plant US,Assembly Plant IN
MAT-886965,B-02-1,3870,KANBAN-00195,Engine Plant US,Assembly Plant IN
MAT-352616,D-04-4,3163,KANBAN-00196,Engine Plant US,Assembly Plant IN
MAT-559259,E-01-1,4288,KANBAN-00197,Engine Plant US,Assembly Plant IN
MAT-176711,C-20-4,197,KANBAN-00198,Engine Plant US,Assembly Plant IN
MAT-745784,H-09-2,4835,KANBAN-00199,Engine Plant US,Assembly Plant IN
MAT-257255,B-06-4,3921,KANBAN-00200,Engine Plant US,Assembly Plant IN
MAT-300408,B-10-2,3604,KANBAN-00001,Paint Shop DE,Assembly Plant IN
MAT-852080,D-01-1,4690,KANBAN-00002,Paint Shop DE,Assembly Plant IN
MAT-492452,G-03-5,2568,KANBAN-00003,Paint Shop DE,Assembly Plant IN
MAT-905932,C-28-5,559,KANBAN-00004,Paint Shop DE,Assembly Plant IN
MAT-471504,A-11-3,3488,KANBAN-00005,Paint Shop DE,Assembly Plant IN
MAT-731877,C-05-2,1418,KANBAN-00006,Paint Shop DE,Assembly Plant IN
MAT-669392,B-17-3,3680,KANBAN-00007,Paint Shop DE,Assembly Plant IN
MAT-620031,E-29-1,2102,KANBAN-00008,Paint Shop DE,Assembly Plant IN
MAT-657752,B-03-1,1142,KANBAN-00009,Paint Shop DE,Assembly Plant IN
MAT-666332,C-24-2,2159,KANBAN-00010,Paint Shop DE,Assembly Plant IN
MAT-831763,D-18-1,3241,KANBAN-00011,Paint Shop DE,Assembly Plant IN
MAT-285490,A-05-2,3197,KANBAN-00012,Paint Shop DE,Assembly Plant IN
MAT-142486,D-01-2,1604,KANBAN-00013,Paint Shop DE,Assembly Plant IN
MAT-842241,H-18-1,3627,KANBAN-00014,Paint Shop DE,Assembly Plant IN
MAT-705756,A-10-3,1440,KANBAN-00015,Paint Shop DE,Assembly Plant IN
MAT-623172,D-01-2,1550,KANBAN-00016,Paint Shop DE,Assembly Plant IN
MAT-460018,F-25-2,1603,KANBAN-00017,Paint Shop DE,Assembly Plant IN
MAT-192459,G-23-2,2618,KANBAN-00018,Paint Shop DE,Assembly Plant IN
MAT-533130,E-27-5,2164,KANBAN-00019,Paint Shop DE,Assembly Plant IN
MAT-977441,A-12-1,559,KANBAN-00020,Paint Shop DE,Assembly Plant IN
MAT-467972,H-24-5,513,KANBAN-00021,Paint Shop DE,Assembly Plant IN
MAT-112415,D-05-4,2187,KANBAN-00022,Paint Shop DE,Assembly Plant IN
MAT-674263,B-04-2,3180,KANBAN-00023,Paint Shop DE,Assembly Plant IN
MAT-920723,B-22-1,3747,KANBAN-00024,Paint Shop DE,Assembly Plant IN
MAT-704880,D-05-1,808,KANBAN-00025,Paint Shop DE,Assembly Plant IN
MAT-289906,B-22-5,1630,KANBAN-00026,Paint Shop DE,Assembly Plant IN
MAT-787600,H-18-4,4066,KANBAN-00027,Paint Shop DE,Assembly Plant IN
MAT-919834,B-17-5,1186,KANBAN-00028,Paint Shop DE,Assembly Plant IN
MAT-468079,C-26-4,1441,KANBAN-00029,Paint Shop DE,Assembly Plant IN
MAT-817056,C-13-1,4073,KANBAN-00030,Paint Shop DE,Assembly Plant IN
MAT-892354,B-24-5,2085,KANBAN-00031,Paint Shop DE,Assembly Plant IN
MAT-761389,B-23-3,3872,KANBAN-00032,Paint Shop DE,Assembly Plant IN
MAT-407589,A-23-4,4210,KANBAN-00033,Paint Shop DE,Assembly Plant IN
MAT-991872,C-12-1,4750,KANBAN-00034,Paint Shop DE,Assembly Plant IN
MAT-953464,G-18-2,4402,KANBAN-00035,Paint Shop DE,Assembly Plant IN
MAT-772689,G-26-5,3486,KANBAN-00036,Paint Shop DE,Assembly Plant IN
MAT-194447,F-02-1,4310,KANBAN-00037,Paint Shop DE,Assembly Plant IN
MAT-317469,H-01-3,1210,KANBAN-00038,Paint Shop DE,Assembly Plant IN
MAT-190948,F-15-1,2112,KANBAN-00039,Paint Shop DE,Assembly Plant IN
MAT-385779,A-25-3,2968,KANBAN-00040,Paint Shop DE,Assembly Plant IN
MAT-359225,B-22-3,2148,KANBAN-00041,Paint Shop DE,Assembly Plant IN
MAT-237445,E-07-1,52,KANBAN-00042,Paint Shop DE,Assembly Plant IN
MAT-945430,F-18-5,1204,KANBAN-00043,Paint Shop DE,Assembly Plant IN
MAT-280339,H-04-3,1827,KANBAN-00044,Paint Shop DE,Assembly Plant IN
MAT-361178,B-12-3,4634,KANBAN-00045,Paint Shop DE,Assembly Plant IN
MAT-299552,D-06-4,1159,KANBAN-00046,Paint Shop DE,Assembly Plant IN
MAT-178755,H-05-2,3329,KANBAN-00047,Paint Shop DE,Assembly Plant IN
MAT-790125,B-20-4,3783,KANBAN-00048,Paint Shop DE,Assembly Plant IN
MAT-893611,F-01-4,4008,KANBAN-00049,Paint Shop DE,Assembly Plant IN
MAT-368492,E-26-3,688,KANBAN-00050,Paint Shop DE,Assembly Plant IN
MAT-220154,C-21-4,1085,KANBAN-00051,Paint Shop DE,Assembly Plant IN
MAT-122891,H-22-5,1992,KANBAN-00052,Paint Shop DE,Assembly Plant IN
MAT-830362,E-06-1,827,KANBAN-00053,Paint Shop DE,Assembly Plant IN
MAT-218892,G-05-5,1361,KANBAN-00054,Paint Shop DE,Assembly Plant IN
MAT-644119,H-23-1,61,KANBAN-00055,Paint Shop DE,Assembly Plant IN
MAT-889634,B-28-5,1114,KANBAN-00056,Paint Shop DE,Assembly Plant IN
MAT-177158,D-01-2,1787,KANBAN-00057,Paint Shop DE,Assembly Plant IN
MAT-191979,F-05-5,3148,KANBAN-00058,Paint Shop DE,Assembly Plant IN
MAT-998566,E-03-1,2900,KANBAN-00059,Paint Shop DE,Assembly Plant IN
MAT-623071,F-07-3,1709,KANBAN-00060,Paint Shop DE,Assembly Plant IN
MAT-683270,H-26-4,2424,KANBAN-00061,Paint Shop DE,Assembly Plant IN
MAT-587047,A-07-1,1716,KANBAN-00062,Paint Shop DE,Assembly Plant IN
MAT-944979,E-24-1,2099,KANBAN-00063,Paint Shop DE,Assembly Plant IN
MAT-566356,F-11-5,2001,KANBAN-00064,Paint Shop DE,Assembly Plant IN
MAT-882144,A-20-4,969,KANBAN-00065,Paint Shop DE,Assembly Plant IN
MAT-296295,H-03-2,1740,KANBAN-00066,Paint Shop DE,Assembly Plant IN
MAT-120067,C-24-2,1046,KANBAN-00067,Paint Shop DE,Assembly Plant IN
MAT-192245,B-12-5,3026,KANBAN-00068,Paint Shop DE,Assembly Plant IN
MAT-453223,B-08-1,3981,KANBAN-00069,Paint Shop DE,Assembly Plant IN
MAT-416388,F-17-3,1454,KANBAN-00070,Paint Shop DE,Assembly Plant IN
MAT-626639,B-11-5,4587,KANBAN-00071,Paint Shop DE,Assembly Plant IN
MAT-842722,A-10-1,4518,KANBAN-00072,Paint Shop DE,Assembly Plant IN
MAT-893444,E-24-3,2034,KANBAN-00073,Paint Shop DE,Assembly Plant IN
MAT-257887,C-11-2,1629,KANBAN-00074,Paint Shop DE,Assembly Plant IN
MAT-750160,B-22-5,376,KANBAN-00075,Paint Shop DE,Assembly Plant IN
MAT-722529,B-07-1,3788,KANBAN-00076,Paint Shop DE,Assembly Plant IN
MAT-241549,H-21-5,1952,KANBAN-00077,Paint Shop DE,Assembly Plant IN
MAT-114199,D-26-1,4318,KANBAN-00078,Paint Shop DE,Assembly Plant IN
MAT-191968,D-16-3,1250,KANBAN-00079,Paint Shop DE,Assembly Plant IN
MAT-554611,A-11-3,3916,KANBAN-00080,Paint Shop DE,Assembly Plant IN
MAT-221844,G-13-1,1213,KANBAN-00081,Paint Shop DE,Assembly Plant IN
MAT-506178,D-18-2,4444,KANBAN-00082,Paint Shop DE,Assembly Plant IN
MAT-262726,B-11-5,944,KANBAN-00083,Paint Shop DE,Assembly Plant IN
MAT-318955,B-05-2,4518,KANBAN-00084,Paint Shop DE,Assembly Plant IN
MAT-430591,F-19-4,4417,KANBAN-00085,Paint Shop DE,Assembly Plant IN
MAT-596404,F-29-4,2589,KANBAN-00086,Paint Shop DE,Assembly Plant IN
MAT-418043,C-03-1,570,KANBAN-00087,Paint Shop DE,Assembly Plant IN
MAT-122655,G-20-3,81,KANBAN-00088,Paint Shop DE,Assembly Plant IN
MAT-281610,H-04-5,1118,KANBAN-00089,Paint Shop DE,Assembly Plant IN
MAT-137711,B-01-4,4765,KANBAN-00090,Paint Shop DE,Assembly Plant IN
MAT-172495,F-27-3,1392,KANBAN-00091,Paint Shop DE,Assembly Plant IN
MAT-945586,E-04-2,4172,KANBAN-00092,Paint Shop DE,Assembly Plant IN
MAT-788032,H-07-2,3875,KANBAN-00093,Paint Shop DE,Assembly Plant IN
MAT-807745,B-04-4,1473,KANBAN-00094,Paint Shop DE,Assembly Plant IN
MAT-762397,B-23-5,2379,KANBAN-00001,Transmission Plant PL,Assembly Plant IN
MAT-830087,D-02-1,3926,KANBAN-00002,Transmission Plant PL,Assembly Plant IN
MAT-599561,E-04-3,1840,KANBAN-00003,Transmission Plant PL,Assembly Plant IN
MAT-821097,C-26-5,2715,KANBAN-00004,Transmission Plant PL,Assembly Plant IN
MAT-672858,G-25-3,1979,KANBAN-00005,Transmission Plant PL,Assembly Plant IN
MAT-305908,D-14-3,2134,KANBAN-00006,Transmission Plant PL,Assembly Plant IN
MAT-591164,E-17-4,4383,KANBAN-00007,Transmission Plant PL,Assembly Plant IN
MAT-336712,F-10-2,396,KANBAN-00008,Transmission Plant PL,Assembly Plant IN
MAT-589377,H-09-3,1053,KANBAN-00009,Transmission Plant PL,Assembly Plant IN
MAT-356184,H-25-3,832,KANBAN-00010,Transmission Plant PL,Assembly Plant IN
MAT-411024,H-22-2,2507,KANBAN-00011,Transmission Plant PL,Assembly Plant IN
MAT-847695,G-23-4,881,KANBAN-00012,Transmission Plant PL,Assembly Plant IN
MAT-382678,A-16-3,3161,KANBAN-00013,Transmission Plant PL,Assembly Plant IN
MAT-825487,F-26-4,4835,KANBAN-00014,Transmission Plant PL,Assembly Plant IN
MAT-900450,A-18-1,2167,KANBAN-00015,Transmission Plant PL,Assembly Plant IN
MAT-453302,E-22-2,2725,KANBAN-00016,Transmission Plant PL,Assembly Plant IN
MAT-615102,C-21-5,693,KANBAN-00017,Transmission Plant PL,Assembly Plant IN
MAT-870136,H-21-3,2668,KANBAN-00018,Transmission Plant PL,Assembly Plant IN
MAT-126317,C-22-5,1122,KANBAN-00019,Transmission Plant PL,Assembly Plant IN
MAT-188840,A-21-4,4703,KANBAN-00020,Transmission Plant PL,Assembly Plant IN
MAT-725946,E-07-2,3577,KANBAN-00021,Transmission Plant PL,Assembly Plant IN
MAT-181942,A-24-1,4452,KANBAN-00022,Transmission Plant PL,Assembly Plant IN
MAT-137944,A-27-2,2851,KANBAN-00023,Transmission Plant PL,Assembly Plant IN
MAT-942414,A-17-5,2391,KANBAN-00024,Transmission Plant PL,Assembly Plant IN
MAT-144639,G-09-3,479,KANBAN-00025,Transmission Plant PL,Assembly Plant IN
MAT-684016,H-21-3,3422,KANBAN-00026,Transmission Plant PL,Assembly Plant IN
MAT-753986,D-25-1,2749,KANBAN-00027,Transmission Plant PL,Assembly Plant IN
MAT-672177,A-07-5,4508,KANBAN-00028,Transmission Plant PL,Assembly Plant IN
MAT-790344,B-10-5,4026,KANBAN-00029,Transmission Plant PL,Assembly Plant IN
MAT-717040,A-26-3,699,KANBAN-00030,Transmission Plant PL,Assembly Plant IN
MAT-371039,B-09-5,398,KANBAN-00031,Transmission Plant PL,Assembly Plant IN
MAT-771135,C-03-1,3051,KANBAN-00032,Transmission Plant PL,Assembly Plant IN
MAT-966278,H-11-2,1321,KANBAN-00033,Transmission Plant PL,Assembly Plant IN
MAT-595308,B-23-4,2241,KANBAN-00034,Transmission Plant PL,Assembly Plant IN
MAT-632115,F-12-2,1702,KANBAN-00035,Transmission Plant PL,Assembly Plant IN
MAT-206425,H-22-2,1744,KANBAN-00036,Transmission Plant PL,Assembly Plant IN
MAT-707361,H-08-5,4790,KANBAN-00037,Transmission Plant PL,Assembly Plant IN
MAT-987520,H-13-4,2046,KANBAN-00038,Transmission Plant PL,Assembly Plant IN
MAT-992723,A-01-5,4156,KANBAN-00039,Transmission Plant PL,Assembly Plant IN
MAT-884026,D-18-1,4322,KANBAN-00040,Transmission Plant PL,Assembly Plant IN
MAT-867310,F-23-5,3524,KANBAN-00041,Transmission Plant PL,Assembly Plant IN
MAT-724294,A-02-5,4455,KANBAN-00042,Transmission Plant PL,Assembly Plant IN
MAT-727237,F-29-2,3106,KANBAN-00043,Transmission Plant PL,Assembly Plant IN
MAT-250205,B-18-1,304,KANBAN-00044,Transmission Plant PL,Assembly Plant IN
MAT-177566,E-22-1,2891,KANBAN-00045,Transmission Plant PL,Assembly Plant IN
MAT-704889,A-08-5,1658,KANBAN-00046,Transmission Plant PL,Assembly Plant IN
MAT-191657,A-14-5,1256,KANBAN-00047,Transmission Plant PL,Assembly Plant IN
MAT-247234,G-24-5,1330,KANBAN-00048,Transmission Plant PL,Assembly Plant IN
MAT-259567,C-23-1,1481,KANBAN-00049,Transmission Plant PL,Assembly Plant IN
MAT-557256,H-10-5,96,KANBAN-00050,Transmission Plant PL,Assembly Plant IN
MAT-468444,A-16-4,3439,KANBAN-00051,Transmission Plant PL,Assembly Plant IN
MAT-806910,F-03-5,2886,KANBAN-00052,Transmission Plant PL,Assembly Plant IN
MAT-953438,E-01-2,3395,KANBAN-00053,Transmission Plant PL,Assembly Plant IN
MAT-369687,A-26-5,3485,KANBAN-00054,Transmission Plant PL,Assembly Plant IN
MAT-929723,F-04-5,3198,KANBAN-00055,Transmission Plant PL,Assembly Plant IN
MAT-940442,A-26-3,2345,KANBAN-00056,Transmission Plant PL,Assembly Plant IN
MAT-680783,D-21-1,4853,KANBAN-00057,Transmission Plant PL,Assembly Plant IN
MAT-455345,H-16-5,4615,KANBAN-00058,Transmission Plant PL,Assembly Plant IN
MAT-365450,A-01-3,4933,KANBAN-00059,Transmission Plant PL,Assembly Plant IN
MAT-247166,A-02-3,4260,KANBAN-00060,Transmission Plant PL,Assembly Plant IN
MAT-449247,C-16-5,1565,KANBAN-00061,Transmission Plant PL,Assembly Plant IN
MAT-709011,H-07-1,4130,KANBAN-00062,Transmission Plant PL,Assembly Plant IN
MAT-440518,D-12-4,4388,KANBAN-00063,Transmission Plant PL,Assembly Plant IN
MAT-367767,A-23-2,4407,KANBAN-00064,Transmission Plant PL,Assembly Plant IN
MAT-607798,D-21-2,164,KANBAN-00065,Transmission Plant PL,Assembly Plant IN
MAT-102975,D-29-4,4063,KANBAN-00066,Transmission Plant PL,Assembly Plant IN
MAT-423525,B-10-5,4539,KANBAN-00067,Transmission Plant PL,Assembly Plant IN
MAT-672114,F-24-4,752,KANBAN-00068,Transmission Plant PL,Assembly Plant IN
MAT-958597,D-07-2,1630,KANBAN-00069,Transmission Plant PL,Assembly Plant IN
MAT-457466,A-23-4,4651,KANBAN-00070,Transmission Plant PL,Assembly Plant IN
MAT-585283,F-28-2,891,KANBAN-00071,Transmission Plant PL,Assembly Plant IN
MAT-851745,F-18-3,3395,KANBAN-00072,Transmission Plant PL,Assembly Plant IN
MAT-652619,A-09-3,536,KANBAN-00073,Transmission Plant PL,Assembly Plant IN
MAT-844971,D-02-4,847,KANBAN-00074,Transmission Plant PL,Assembly Plant IN
MAT-149229,E-25-4,2265,KANBAN-00075,Transmission Plant PL,Assembly Plant IN
MAT-170865,D-28-2,2214,KANBAN-00076,Transmission Plant PL,Assembly Plant IN
MAT-885013,A-17-1,4595,KANBAN-00077,Transmission Plant PL,Assembly Plant IN
MAT-883969,F-11-2,1322,KANBAN-00078,Transmission Plant PL,Assembly Plant IN
MAT-116800,H-15-5,3923,KANBAN-00079,Transmission Plant PL,Assembly Plant IN
MAT-459914,F-19-1,2891,KANBAN-00080,Transmission Plant PL,Assembly Plant IN
MAT-627336,H-28-2,1226,KANBAN-00081,Transmission Plant PL,Assembly Plant IN
MAT-654825,E-12-5,4505,KANBAN-00082,Transmission Plant PL,Assembly Plant IN
MAT-621862,A-01-5,3462,KANBAN-00083,Transmission Plant PL,Assembly Plant IN
MAT-616752,D-08-4,3041,KANBAN-00084,Transmission Plant PL,Assembly Plant IN
MAT-964848,D-22-4,3913,KANBAN-00085,Transmission Plant PL,Assembly Plant IN
MAT-725935,C-20-2,4425,KANBAN-00086,Transmission Plant PL,Assembly Plant IN
MAT-920883,D-23-4,4121,KANBAN-00087,Transmission Plant PL,Assembly Plant IN
MAT-513612,A-11-3,2509,KANBAN-00088,Transmission Plant PL,Assembly Plant IN
MAT-246210,F-14-1,130,KANBAN-00089,Transmission Plant PL,Assembly Plant IN
MAT-112676,E-03-3,4143,KANBAN-00090,Transmission Plant PL,Assembly Plant IN
MAT-407293,A-22-2,3853,KANBAN-00091,Transmission Plant PL,Assembly Plant IN
MAT-493611,E-12-1,3438,KANBAN-00092,Transmission Plant PL,Assembly Plant IN
MAT-152304,F-20-3,2857,KANBAN-00093,Transmission Plant PL,Assembly Plant IN
MAT-135653,A-26-3,1773,KANBAN-00094,Transmission Plant PL,Assembly Plant IN
MAT-747395,F-19-1,1960,KANBAN-00095,Transmission Plant PL,Assembly Plant IN
MAT-172399,H-24-3,1255,KANBAN-00096,Transmission Plant PL,Assembly Plant IN
MAT-389991,A-25-3,3360,KANBAN-00097,Transmission Plant PL,Assembly Plant IN
MAT-473572,F-27-4,3900,KANBAN-00098,Transmission Plant PL,Assembly Plant IN
MAT-196904,G-28-3,1098,KANBAN-00099,Transmission Plant PL,Assembly Plant IN
MAT-322627,G-07-5,2232,KANBAN-00100,Transmission Plant PL,Assembly Plant IN
MAT-552143,A-22-2,4583,KANBAN-00101,Transmission Plant PL,Assembly Plant IN
MAT-357645,G-08-4,1885,KANBAN-00102,Transmission Plant PL,Assembly Plant IN
MAT-752381,A-09-3,2876,KANBAN-00001,Seating & Interior Plant PL,Assembly Plant IN
MAT-643464,E-17-4,4945,KANBAN-00002,Seating & Interior Plant PL,Assembly Plant IN
MAT-171717,G-27-1,1311,KANBAN-00003,Seating & Interior Plant PL,Assembly Plant IN
MAT-426654,H-28-4,3769,KANBAN-00004,Seating & Interior Plant PL,Assembly Plant IN
MAT-335116,C-03-1,2804,KANBAN-00005,Seating & Interior Plant PL,Assembly Plant IN
MAT-690570,F-07-5,913,KANBAN-00006,Seating & Interior Plant PL,Assembly Plant IN
MAT-134126,C-07-3,3509,KANBAN-00007,Seating & Interior Plant PL,Assembly Plant IN
MAT-417590,F-06-2,4493,KANBAN-00008,Seating & Interior Plant PL,Assembly Plant IN
MAT-344755,A-20-5,2837,KANBAN-00009,Seating & Interior Plant PL,Assembly Plant IN
MAT-860877,G-24-4,4952,KANBAN-00010,Seating & Interior Plant PL,Assembly Plant IN
MAT-626508,G-04-5,286,KANBAN-00011,Seating & Interior Plant PL,Assembly Plant IN
MAT-120226,A-18-5,2369,KANBAN-00012,Seating & Interior Plant PL,Assembly Plant IN
MAT-829485,F-28-1,2568,KANBAN-00013,Seating & Interior Plant PL,Assembly Plant IN
MAT-940221,B-15-2,2971,KANBAN-00014,Seating & Interior Plant PL,Assembly Plant IN
MAT-859483,A-25-1,4010,KANBAN-00015,Seating & Interior Plant PL,Assembly Plant IN
MAT-580916,E-24-2,3685,KANBAN-00016,Seating & Interior Plant PL,Assembly Plant IN
MAT-978979,E-26-2,4522,KANBAN-00017,Seating & Interior Plant PL,Assembly Plant IN
MAT-418025,C-24-5,1514,KANBAN-00018,Seating & Interior Plant PL,Assembly Plant IN
MAT-558063,E-15-2,4485,KANBAN-00019,Seating & Interior Plant PL,Assembly Plant IN
MAT-235639,F-02-3,3092,KANBAN-00020,Seating & Interior Plant PL,Assembly Plant IN
MAT-804006,G-16-1,1043,KANBAN-00021,Seating & Interior Plant PL,Assembly Plant IN
MAT-492161,G-27-1,2640,KANBAN-00022,Seating & Interior Plant PL,Assembly Plant IN
MAT-641851,A-03-4,3310,KANBAN-00023,Seating & Interior Plant PL,Assembly Plant IN
MAT-114808,B-17-4,2430,KANBAN-00024,Seating & Interior Plant PL,Assembly Plant IN
MAT-555317,G-08-4,4743,KANBAN-00025,Seating & Interior Plant PL,Assembly Plant IN
MAT-388983,B-08-4,3895,KANBAN-00026,Seating & Interior Plant PL,Assembly Plant IN
MAT-404361,D-26-4,3823,KANBAN-00027,Seating & Interior Plant PL,Assembly Plant IN
MAT-927199,H-18-5,1503,KANBAN-00028,Seating & Interior Plant PL,Assembly Plant IN
MAT-599716,B-10-4,1661,KANBAN-00029,Seating & Interior Plant PL,Assembly Plant IN
MAT-363362,F-04-3,3689,KANBAN-00030,Seating & Interior Plant PL,Assembly Plant IN
MAT-632129,B-11-1,4687,KANBAN-00031,Seating & Interior Plant PL,Assembly Plant IN
MAT-285944,D-14-4,2641,KANBAN-00032,Seating & Interior Plant PL,Assembly Plant IN
MAT-452009,C-06-3,3254,KANBAN-00033,Seating & Interior Plant PL,Assembly Plant IN
MAT-103718,A-28-1,4407,KANBAN-00034,Seating & Interior Plant PL,Assembly Plant IN
MAT-989643,H-26-3,3362,KANBAN-00035,Seating & Interior Plant PL,Assembly Plant IN
MAT-540593,H-14-4,4746,KANBAN-00036,Seating & Interior Plant PL,Assembly Plant IN
MAT-421561,F-22-4,2693,KANBAN-00037,Seating & Interior Plant PL,Assembly Plant IN
MAT-268640,G-21-1,4620,KANBAN-00038,Seating & Interior Plant PL,Assembly Plant IN
MAT-446017,E-05-3,4791,KANBAN-00039,Seating & Interior Plant PL,Assembly Plant IN
MAT-731978,E-11-4,3179,KANBAN-00040,Seating & Interior Plant PL,Assembly Plant IN
MAT-826659,C-06-1,1456,KANBAN-00041,Seating & Interior Plant PL,Assembly Plant IN
MAT-862076,E-05-1,2682,KANBAN-00042,Seating & Interior Plant PL,Assembly Plant IN
MAT-526663,A-15-5,1492,KANBAN-00043,Seating & Interior Plant PL,Assembly Plant IN
MAT-482137,D-01-2,433,KANBAN-00044,Seating & Interior Plant PL,Assembly Plant IN
MAT-811501,F-13-2,3927,KANBAN-00045,Seating & Interior Plant PL,Assembly Plant IN
MAT-899789,E-19-1,2064,KANBAN-00046,Seating & Interior Plant PL,Assembly Plant IN
MAT-324070,H-01-3,3333,KANBAN-00047,Seating & Interior Plant PL,Assembly Plant IN
MAT-509137,F-25-1,4565,KANBAN-00048,Seating & Interior Plant PL,Assembly Plant IN
MAT-357034,G-07-2,451,KANBAN-00049,Seating & Interior Plant PL,Assembly Plant IN
MAT-277127,G-10-2,1866,KANBAN-00050,Seating & Interior Plant PL,Assembly Plant IN
MAT-178397,A-26-4,3269,KANBAN-00051,Seating & Interior Plant PL,Assembly Plant IN
MAT-837497,H-11-1,3361,KANBAN-00052,Seating & Interior Plant PL,Assembly Plant IN
MAT-443566,C-14-5,4341,KANBAN-00053,Seating & Interior Plant PL,Assembly Plant IN
MAT-543061,H-06-5,3061,KANBAN-00054,Seating & Interior Plant PL,Assembly Plant IN
MAT-790157,A-29-1,1655,KANBAN-00055,Seating & Interior Plant PL,Assembly Plant IN
MAT-513491,H-03-5,3040,KANBAN-00056,Seating & Interior Plant PL,Assembly Plant IN
MAT-182693,E-04-5,4495,KANBAN-00057,Seating & Interior Plant PL,Assembly Plant IN
MAT-557711,E-01-1,4822,KANBAN-00058,Seating & Interior Plant PL,Assembly Plant IN
MAT-318015,D-26-3,332,KANBAN-00059,Seating & Interior Plant PL,Assembly Plant IN
MAT-608622,G-12-5,2477,KANBAN-00060,Seating & Interior Plant PL,Assembly Plant IN
MAT-809841,E-03-1,2061,KANBAN-00061,Seating & Interior Plant PL,Assembly Plant IN
MAT-206946,H-15-3,4196,KANBAN-00062,Seating & Interior Plant PL,Assembly Plant IN
MAT-734749,B-12-4,2275,KANBAN-00063,Seating & Interior Plant PL,Assembly Plant IN
MAT-297045,B-18-3,4371,KANBAN-00064,Seating & Interior Plant PL,Assembly Plant IN
MAT-914232,E-18-3,2260,KANBAN-00065,Seating & Interior Plant PL,Assembly Plant IN
MAT-744206,A-24-1,2657,KANBAN-00066,Seating & Interior Plant PL,Assembly Plant IN
MAT-534316,B-22-5,2009,KANBAN-00067,Seating & Interior Plant PL,Assembly Plant IN
MAT-212528,D-11-4,2655,KANBAN-00068,Seating & Interior Plant PL,Assembly Plant IN
MAT-879503,H-09-4,4813,KANBAN-00069,Seating & Interior Plant PL,Assembly Plant IN
MAT-182240,E-07-5,103,KANBAN-00070,Seating & Interior Plant PL,Assembly Plant IN
MAT-297122,D-05-5,1291,KANBAN-00071,Seating & Interior Plant PL,Assembly Plant IN
MAT-587516,B-18-1,617,KANBAN-00072,Seating & Interior Plant PL,Assembly Plant IN
MAT-457979,F-06-3,4336,KANBAN-00073,Seating & Interior Plant PL,Assembly Plant IN
MAT-711535,B-24-3,3271,KANBAN-00074,Seating & Interior Plant PL,Assembly Plant IN
MAT-740939,G-12-4,1147,KANBAN-00075,Seating & Interior Plant PL,Assembly Plant IN
MAT-732673,B-17-2,4224,KANBAN-00076,Seating & Interior Plant PL,Assembly Plant IN
MAT-385732,B-07-4,2240,KANBAN-00077,Seating & Interior Plant PL,Assembly Plant IN
MAT-859735,B-14-4,4092,KANBAN-00078,Seating & Interior Plant PL,Assembly Plant IN
MAT-434551,C-04-2,2876,KANBAN-00079,Seating & Interior Plant PL,Assembly Plant IN
MAT-937277,C-07-5,4226,KANBAN-00080,Seating & Interior Plant PL,Assembly Plant IN
MAT-918611,C-23-5,1331,KANBAN-00081,Seating & Interior Plant PL,Assembly Plant IN
MAT-269256,E-16-2,1483,KANBAN-00082,Seating & Interior Plant PL,Assembly Plant IN
MAT-389315,H-20-1,3410,KANBAN-00083,Seating & Interior Plant PL,Assembly Plant IN
MAT-620610,E-05-2,3326,KANBAN-00084,Seating & Interior Plant PL,Assembly Plant IN
MAT-899707,D-18-1,2618,KANBAN-00085,Seating & Interior Plant PL,Assembly Plant IN
MAT-411003,B-13-3,4537,KANBAN-00086,Seating & Interior Plant PL,Assembly Plant IN
MAT-139501,C-22-4,4511,KANBAN-00087,Seating & Interior Plant PL,Assembly Plant IN
MAT-304422,D-01-5,4745,KANBAN-00088,Seating & Interior Plant PL,Assembly Plant IN
MAT-668240,B-10-3,3124,KANBAN-00089,Seating & Interior Plant PL,Assembly Plant IN
MAT-271945,E-06-1,2386,KANBAN-00090,Seating & Interior Plant PL,Assembly Plant IN
MAT-831410,G-10-4,4186,KANBAN-00091,Seating & Interior Plant PL,Assembly Plant IN
MAT-324448,B-10-5,3147,KANBAN-00092,Seating & Interior Plant PL,Assembly Plant IN
MAT-855197,A-23-1,4649,KANBAN-00093,Seating & Interior Plant PL,Assembly Plant IN
MAT-450148,E-04-5,1625,KANBAN-00094,Seating & Interior Plant PL,Assembly Plant IN
MAT-764229,H-12-2,4408,KANBAN-00095,Seating & Interior Plant PL,Assembly Plant IN
MAT-814488,E-04-4,3112,KANBAN-00096,Seating & Interior Plant PL,Assembly Plant IN
MAT-573055,H-21-5,1805,KANBAN-00097,Seating & Interior Plant PL,Assembly Plant IN
MAT-832343,H-04-3,3042,KANBAN-00098,Seating & Interior Plant PL,Assembly Plant IN
MAT-419750,H-14-3,3704,KANBAN-00099,Seating & Interior Plant PL,Assembly Plant IN
MAT-597397,H-29-3,453,KANBAN-00100,Seating & Interior Plant PL,Assembly Plant IN
MAT-154197,H-04-4,3406,KANBAN-00101,Seating & Interior Plant PL,Assembly Plant IN
MAT-120066,F-20-4,4868,KANBAN-00102,Seating & Interior Plant PL,Assembly Plant IN
MAT-402569,D-02-4,3146,KANBAN-00103,Seating & Interior Plant PL,Assembly Plant IN
MAT-756123,D-02-4,2533,KANBAN-00104,Seating & Interior Plant PL,Assembly Plant IN
MAT-914101,G-15-5,3408,KANBAN-00105,Seating & Interior Plant PL,Assembly Plant IN
MAT-457217,A-15-1,1423,KANBAN-00106,Seating & Interior Plant PL,Assembly Plant IN
MAT-178162,H-23-1,3797,KANBAN-00107,Seating & Interior Plant PL,Assembly Plant IN
MAT-351260,A-17-3,2597,KANBAN-00108,Seating & Interior Plant PL,Assembly Plant IN
MAT-292954,H-02-5,489,KANBAN-00109,Seating & Interior Plant PL,Assembly Plant IN
MAT-429880,B-29-1,4694,KANBAN-00110,Seating & Interior Plant PL,Assembly Plant IN
MAT-209664,D-06-3,1981,KANBAN-00111,Seating & Interior Plant PL,Assembly Plant IN
MAT-946781,E-25-3,852,KANBAN-00112,Seating & Interior Plant PL,Assembly Plant IN
MAT-192039,A-16-2,2586,KANBAN-00113,Seating & Interior Plant PL,Assembly Plant IN
MAT-314859,D-26-3,1051,KANBAN-00114,Seating & Interior Plant PL,Assembly Plant IN
MAT-430584,D-08-5,4527,KANBAN-00115,Seating & Interior Plant PL,Assembly Plant IN
MAT-275102,E-12-2,549,KANBAN-00116,Seating & Interior Plant PL,Assembly Plant IN
MAT-554459,G-13-3,4297,KANBAN-00117,Seating & Interior Plant PL,Assembly Plant IN
MAT-721906,F-07-4,4244,KANBAN-00118,Seating & Interior Plant PL,Assembly Plant IN
MAT-863070,F-05-1,480,KANBAN-00119,Seating & Interior Plant PL,Assembly Plant IN
MAT-306884,E-05-3,3329,KANBAN-00120,Seating & Interior Plant PL,Assembly Plant IN
MAT-395795,A-12-1,290,KANBAN-00121,Seating & Interior Plant PL,Assembly Plant IN
MAT-236197,C-23-3,3777,KANBAN-00122,Seating & Interior Plant PL,Assembly Plant IN
MAT-428180,A-13-2,4357,KANBAN-00123,Seating & Interior Plant PL,Assembly Plant IN
MAT-118568,G-15-1,582,KANBAN-00124,Seating & Interior Plant PL,Assembly Plant IN
MAT-571684,A-05-2,4086,KANBAN-00125,Seating & Interior Plant PL,Assembly Plant IN
MAT-137069,G-26-2,3001,KANBAN-00126,Seating & Interior Plant PL,Assembly Plant IN
MAT-542090,B-20-3,3815,KANBAN-00127,Seating & Interior Plant PL,Assembly Plant IN
MAT-333561,F-16-1,140,KANBAN-00128,Seating & Interior Plant PL,Assembly Plant IN
MAT-196648,C-21-2,2406,KANBAN-00129,Seating & Interior Plant PL,Assembly Plant IN
MAT-895415,E-23-4,4579,KANBAN-00130,Seating & Interior Plant PL,Assembly Plant IN
MAT-657037,F-04-2,4935,KANBAN-00131,Seating & Interior Plant PL,Assembly Plant IN
MAT-347772,G-21-5,2166,KANBAN-00132,Seating & Interior Plant PL,Assembly Plant IN
MAT-548169,E-04-2,3231,KANBAN-00133,Seating & Interior Plant PL,Assembly Plant IN
MAT-325858,A-25-1,3072,KANBAN-00134,Seating & Interior Plant PL,Assembly Plant IN
MAT-307683,B-25-5,166,KANBAN-00135,Seating & Interior Plant PL,Assembly Plant IN
MAT-945523,C-10-3,1473,KANBAN-00136,Seating & Interior Plant PL,Assembly Plant IN
MAT-407315,H-09-1,3329,KANBAN-00137,Seating & Interior Plant PL,Assembly Plant IN
MAT-701355,D-08-2,1239,KANBAN-00138,Seating & Interior Plant PL,Assembly Plant IN
MAT-444849,D-29-2,93,KANBAN-00139,Seating & Interior Plant PL,Assembly Plant IN
MAT-467682,D-07-4,4143,KANBAN-00140,Seating & Interior Plant PL,Assembly Plant IN
MAT-238424,D-22-3,3243,KANBAN-00141,Seating & Interior Plant PL,Assembly Plant IN
MAT-745646,B-22-3,3742,KANBAN-00142,Seating & Interior Plant PL,Assembly Plant IN
MAT-434261,F-03-3,1427,KANBAN-00143,Seating & Interior Plant PL,Assembly Plant IN
MAT-409724,F-02-5,1693,KANBAN-00144,Seating & Interior Plant PL,Assembly Plant IN
MAT-621776,F-07-4,3639,KANBAN-00145,Seating & Interior Plant PL,Assembly Plant IN
MAT-808026,G-11-4,931,KANBAN-00146,Seating & Interior Plant PL,Assembly Plant IN
MAT-825354,E-10-1,4738,KANBAN-00147,Seating & Interior Plant PL,Assembly Plant IN
MAT-805663,E-29-4,4296,KANBAN-00148,Seating & Interior Plant PL,Assembly Plant IN
MAT-513736,A-24-1,628,KANBAN-00149,Seating & Interior Plant PL,Assembly Plant IN
MAT-985015,B-08-4,4299,KANBAN-00150,Seating & Interior Plant PL,Assembly Plant IN
MAT-121542,H-28-1,2107,KANBAN-00001,Electronics & Wiring Harness Plant MX,Assembly Plant IN
MAT-411466,E-25-2,4395,KANBAN-00002,Electronics & Wiring Harness Plant MX,Assembly Plant IN
MAT-472271,D-14-4,3860,KANBAN-00003,Electronics & Wiring Harness Plant MX,Assembly Plant IN
MAT-713325,D-16-4,2704,KANBAN-00004,Electronics & Wiring Harness Plant MX,Assembly Plant IN
MAT-512795,E-23-3,4529,KANBAN-00005,Electronics & Wiring Harness Plant MX,Assembly Plant IN
MAT-370603,H-20-3,2571,KANBAN-00006,Electronics & Wiring Harness Plant MX,Assembly Plant IN
MAT-989848,B-22-4,1158,KANBAN-00007,Electronics & Wiring Harness Plant MX,Assembly Plant IN
MAT-658330,G-15-4,2013,KANBAN-00008,Electronics & Wiring Harness Plant MX,Assembly Plant IN
MAT-698301,E-14-4,586,KANBAN-00009,Electronics & Wiring Harness Plant MX,Assembly Plant IN
MAT-415956,C-21-3,2885,KANBAN-00010,Electronics & Wiring Harness Plant MX,Assembly Plant IN
MAT-988825,H-11-4,3714,KANBAN-00011,Electronics & Wiring Harness Plant MX,Assembly Plant IN
MAT-889172,B-26-3,937,KANBAN-00012,Electronics & Wiring Harness Plant MX,Assembly Plant IN
MAT-489140,A-21-2,3037,KANBAN-00013,Electronics & Wiring Harness Plant MX,Assembly Plant IN
MAT-525272,A-17-3,2413,KANBAN-00014,Electronics & Wiring Harness Plant MX,Assembly Plant IN
MAT-171577,A-29-1,1902,KANBAN-00015,Electronics & Wiring Harness Plant MX,Assembly Plant IN
MAT-540667,C-11-1,3884,KANBAN-00016,Electronics & Wiring Harness Plant MX,Assembly Plant IN
MAT-276971,B-20-5,866,KANBAN-00017,Electronics & Wiring Harness Plant MX,Assembly Plant IN
MAT-487972,C-26-5,2972,KANBAN-00018,Electronics & Wiring Harness Plant MX,Assembly Plant IN
MAT-269336,C-21-1,3400,KANBAN-00019,Electronics & Wiring Harness Plant MX,Assembly Plant IN
MAT-668043,D-05-5,2027,KANBAN-00020,Electronics & Wiring Harness Plant MX,Assembly Plant IN
MAT-642293,H-20-4,2011,KANBAN-00021,Electronics & Wiring Harness Plant MX,Assembly Plant IN
MAT-787156,C-04-3,4913,KANBAN-00022,Electronics & Wiring Harness Plant MX,Assembly Plant IN
MAT-333743,E-07-5,3773,KANBAN-00023,Electronics & Wiring Harness Plant MX,Assembly Plant IN
MAT-204250,D-17-2,651,KANBAN-00024,Electronics & Wiring Harness Plant MX,Assembly Plant IN
MAT-558450,B-27-1,997,KANBAN-00025,Electronics & Wiring Harness Plant MX,Assembly Plant IN
MAT-588527,A-24-1,3937,KANBAN-00026,Electronics & Wiring Harness Plant MX,Assembly Plant IN
MAT-369795,B-05-5,261,KANBAN-00027,Electronics & Wiring Harness Plant MX,Assembly Plant IN
MAT-351020,E-21-2,3156,KANBAN-00028,Electronics & Wiring Harness Plant MX,Assembly Plant IN
MAT-449081,D-09-4,3041,KANBAN-00029,Electronics & Wiring Harness Plant MX,Assembly Plant IN
MAT-866940,A-24-3,4447,KANBAN-00030,Electronics & Wiring Harness Plant MX,Assembly Plant IN
MAT-480064,C-20-3,1343,KANBAN-00031,Electronics & Wiring Harness Plant MX,Assembly Plant IN
MAT-898656,C-19-5,3207,KANBAN-00032,Electronics & Wiring Harness Plant MX,Assembly Plant IN
MAT-420483,C-29-1,3112,KANBAN-00033,Electronics & Wiring Harness Plant MX,Assembly Plant IN
MAT-933531,C-14-3,1624,KANBAN-00034,Electronics & Wiring Harness Plant MX,Assembly Plant IN
MAT-157809,E-19-4,1029,KANBAN-00035,Electronics & Wiring Harness Plant MX,Assembly Plant IN
MAT-751736,A-24-5,609,KANBAN-00036,Electronics & Wiring Harness Plant MX,Assembly Plant IN
MAT-271949,A-16-3,3152,KANBAN-00037,Electronics & Wiring Harness Plant MX,Assembly Plant IN
MAT-402193,D-11-5,3838,KANBAN-00038,Electronics & Wiring Harness Plant MX,Assembly Plant IN
MAT-944426,F-09-5,2800,KANBAN-00039,Electronics & Wiring Harness Plant MX,Assembly Plant IN
MAT-975252,G-21-5,4890,KANBAN-00040,Electronics & Wiring Harness Plant MX,Assembly Plant IN
MAT-869476,G-09-2,3544,KANBAN-00041,Electronics & Wiring Harness Plant MX,Assembly Plant IN
MAT-118400,E-06-4,2165,KANBAN-00042,Electronics & Wiring Harness Plant MX,Assembly Plant IN
MAT-149817,H-21-5,2733,KANBAN-00043,Electronics & Wiring Harness Plant MX,Assembly Plant IN
MAT-872699,A-12-3,1324,KANBAN-00044,Electronics & Wiring Harness Plant MX,Assembly Plant IN
MAT-243913,E-21-5,1937,KANBAN-00045,Electronics & Wiring Harness Plant MX,Assembly Plant IN
MAT-894267,E-22-5,4416,KANBAN-00046,Electronics & Wiring Harness Plant MX,Assembly Plant IN
MAT-575422,G-21-2,265,KANBAN-00047,Electronics & Wiring Harness Plant MX,Assembly Plant IN
MAT-625335,F-28-5,3296,KANBAN-00048,Electronics & Wiring Harness Plant MX,Assembly Plant IN
MAT-508582,F-26-5,3069,KANBAN-00049,Electronics & Wiring Harness Plant MX,Assembly Plant IN
MAT-987230,A-27-5,314,KANBAN-00050,Electronics & Wiring Harness Plant MX,Assembly Plant IN
MAT-892940,C-13-5,3611,KANBAN-00051,Electronics & Wiring Harness Plant MX,Assembly Plant IN
MAT-896846,F-28-5,506,KANBAN-00052,Electronics & Wiring Harness Plant MX,Assembly Plant IN
MAT-637811,C-20-3,1860,KANBAN-00053,Electronics & Wiring Harness Plant MX,Assembly Plant IN
MAT-611572,E-07-5,1129,KANBAN-00054,Electronics & Wiring Harness Plant MX,Assembly Plant IN
MAT-776198,G-05-1,1202,KANBAN-00055,Electronics & Wiring Harness Plant MX,Assembly Plant IN
MAT-529339,G-10-5,992,KANBAN-00056,Electronics & Wiring Harness Plant MX,Assembly Plant IN
MAT-147620,B-19-1,4561,KANBAN-00057,Electronics & Wiring Harness Plant MX,Assembly Plant IN
MAT-140317,F-08-1,2375,KANBAN-00058,Electronics & Wiring Harness Plant MX,Assembly Plant IN
MAT-232196,D-18-5,3293,KANBAN-00059,Electronics & Wiring Harness Plant MX,Assembly Plant IN
MAT-825180,C-26-2,338,KANBAN-00060,Electronics & Wiring Harness Plant MX,Assembly Plant IN
MAT-101762,F-02-2,3207,KANBAN-00061,Electronics & Wiring Harness Plant MX,Assembly Plant IN
MAT-297140,A-25-4,1588,KANBAN-00062,Electronics & Wiring Harness Plant MX,Assembly Plant IN
MAT-652738,B-21-4,4812,KANBAN-00063,Electronics & Wiring Harness Plant MX,Assembly Plant IN
MAT-797151,B-16-2,2339,KANBAN-00064,Electronics & Wiring Harness Plant MX,Assembly Plant IN
MAT-632921,B-16-3,3732,KANBAN-00065,Electronics & Wiring Harness Plant MX,Assembly Plant IN
MAT-900616,H-13-4,126,KANBAN-00066,Electronics & Wiring Harness Plant MX,Assembly Plant IN
MAT-638036,F-06-4,812,KANBAN-00067,Electronics & Wiring Harness Plant MX,Assembly Plant IN
MAT-827987,A-04-3,86,KANBAN-00068,Electronics & Wiring Harness Plant MX,Assembly Plant IN
MAT-814323,A-02-2,3311,KANBAN-00069,Electronics & Wiring Harness Plant MX,Assembly Plant IN
MAT-468053,F-03-1,3032,KANBAN-00070,Electronics & Wiring Harness Plant MX,Assembly Plant IN
MAT-695574,D-03-2,3137,KANBAN-00071,Electronics & Wiring Harness Plant MX,Assembly Plant IN
MAT-827067,G-18-1,1533,KANBAN-00072,Electronics & Wiring Harness Plant MX,Assembly Plant IN
MAT-224099,A-06-1,3376,KANBAN-00073,Electronics & Wiring Harness Plant MX,Assembly Plant IN
MAT-345321,D-02-4,551,KANBAN-00074,Electronics & Wiring Harness Plant MX,Assembly Plant IN
MAT-396558,E-20-5,396,KANBAN-00075,Electronics & Wiring Harness Plant MX,Assembly Plant IN
MAT-957539,A-25-4,981,KANBAN-00076,Electronics & Wiring Harness Plant MX,Assembly Plant IN
MAT-402687,G-26-2,2332,KANBAN-00077,Electronics & Wiring Harness Plant MX,Assembly Plant IN
MAT-404861,E-14-4,3027,KANBAN-00078,Electronics & Wiring Harness Plant MX,Assembly Plant IN
MAT-380637,F-04-2,355,KANBAN-00079,Electronics & Wiring Harness Plant MX,Assembly Plant IN
MAT-745495,H-10-2,2726,KANBAN-00080,Electronics & Wiring Harness Plant MX,Assembly Plant IN
MAT-328541,D-28-4,2418,KANBAN-00081,Electronics & Wiring Harness Plant MX,Assembly Plant IN
MAT-912957,F-23-4,937,KANBAN-00082,Electronics & Wiring Harness Plant MX,Assembly Plant IN
MAT-476695,D-12-5,4211,KANBAN-00083,Electronics & Wiring Harness Plant MX,Assembly Plant IN
MAT-683270,D-16-3,3503,KANBAN-00084,Electronics & Wiring Harness Plant MX,Assembly Plant IN
MAT-996865,H-14-4,4291,KANBAN-00085,Electronics & Wiring Harness Plant MX,Assembly Plant IN
MAT-405891,G-19-1,2306,KANBAN-00086,Electronics & Wiring Harness Plant MX,Assembly Plant IN
MAT-548669,F-26-2,3909,KANBAN-00087,Electronics & Wiring Harness Plant MX,Assembly Plant IN
MAT-745312,B-15-1,1408,KANBAN-00088,Electronics & Wiring Harness Plant MX,Assembly Plant IN
MAT-672058,F-18-2,4618,KANBAN-00089,Electronics & Wiring Harness Plant MX,Assembly Plant IN
MAT-781630,E-05-5,4356,KANBAN-00090,Electronics & Wiring Harness Plant MX,Assembly Plant IN
MAT-965262,E-20-1,3184,KANBAN-00091,Electronics & Wiring Harness Plant MX,Assembly Plant IN
MAT-448807,D-06-4,1219,KANBAN-00092,Electronics & Wiring Harness Plant MX,Assembly Plant IN
MAT-491109,C-24-3,4234,KANBAN-00093,Electronics & Wiring Harness Plant MX,Assembly Plant IN
MAT-678981,A-19-3,1653,KANBAN-00094,Electronics & Wiring Harness Plant MX,Assembly Plant IN
MAT-548965,A-13-1,4537,KANBAN-00095,Electronics & Wiring Harness Plant MX,Assembly Plant IN
MAT-202924,H-28-4,636,KANBAN-00096,Electronics & Wiring Harness Plant MX,Assembly Plant IN
MAT-513272,D-21-4,2006,KANBAN-00097,Electronics & Wiring Harness Plant MX,Assembly Plant IN
MAT-880278,D-10-4,4580,KANBAN-00098,Electronics & Wiring Harness Plant MX,Assembly Plant IN
MAT-927226,C-27-5,3424,KANBAN-00099,Electronics & Wiring Harness Plant MX,Assembly Plant IN
MAT-666801,F-17-1,1449,KANBAN-00100,Electronics & Wiring Harness Plant MX,Assembly Plant IN
MAT-971496,F-22-5,2956,KANBAN-00101,Electronics & Wiring Harness Plant MX,Assembly Plant IN
MAT-126745,C-16-4,2086,KANBAN-00102,Electronics & Wiring Harness Plant MX,Assembly Plant IN
MAT-745242,H-21-4,353,KANBAN-00103,Electronics & Wiring Harness Plant MX,Assembly Plant IN
MAT-601703,B-05-4,3140,KANBAN-00104,Electronics & Wiring Harness Plant MX,Assembly Plant IN
MAT-407510,C-05-2,4716,KANBAN-00105,Electronics & Wiring Harness Plant MX,Assembly Plant IN
MAT-885916,E-20-1,1514,KANBAN-00106,Electronics & Wiring Harness Plant MX,Assembly Plant IN
MAT-673193,F-27-4,662,KANBAN-00107,Electronics & Wiring Harness Plant MX,Assembly Plant IN
MAT-716082,H-22-1,1170,KANBAN-00108,Electronics & Wiring Harness Plant MX,Assembly Plant IN
MAT-848758,B-06-4,2605,KANBAN-00109,Electronics & Wiring Harness Plant MX,Assembly Plant IN
MAT-884800,A-26-1,4246,KANBAN-00110,Electronics & Wiring Harness Plant MX,Assembly Plant IN
MAT-194635,D-18-4,737,KANBAN-00111,Electronics & Wiring Harness Plant MX,Assembly Plant IN
MAT-254960,F-18-5,2097,KANBAN-00112,Electronics & Wiring Harness Plant MX,Assembly Plant IN
MAT-670441,F-25-2,2208,KANBAN-00113,Electronics & Wiring Harness Plant MX,Assembly Plant IN
MAT-973289,H-03-4,2029,KANBAN-00114,Electronics & Wiring Harness Plant MX,Assembly Plant IN
MAT-893946,C-18-4,3756,KANBAN-00115,Electronics & Wiring Harness Plant MX,Assembly Plant IN
MAT-522997,B-13-3,3703,KANBAN-00116,Electronics & Wiring Harness Plant MX,Assembly Plant IN
MAT-455600,G-19-5,3214,KANBAN-00117,Electronics & Wiring Harness Plant MX,Assembly Plant IN
MAT-677700,B-03-1,3052,KANBAN-00118,Electronics & Wiring Harness Plant MX,Assembly Plant IN
MAT-300220,H-04-4,840,KANBAN-00119,Electronics & Wiring Harness Plant MX,Assembly Plant IN
MAT-322426,E-17-5,1517,KANBAN-00120,Electronics & Wiring Harness Plant MX,Assembly Plant IN
MAT-314660,E-28-1,2532,KANBAN-00121,Electronics & Wiring Harness Plant MX,Assembly Plant IN
MAT-463751,H-09-4,3660,KANBAN-00122,Electronics & Wiring Harness Plant MX,Assembly Plant IN
MAT-584479,E-03-2,569,KANBAN-00123,Electronics & Wiring Harness Plant MX,Assembly Plant IN
MAT-196503,G-14-2,4737,KANBAN-00124,Electronics & Wiring Harness Plant MX,Assembly Plant IN
MAT-783411,H-11-1,4918,KANBAN-00125,Electronics & Wiring Harness Plant MX,Assembly Plant IN
MAT-214138,C-28-4,1782,KANBAN-00126,Electronics & Wiring Harness Plant MX,Assembly Plant IN
MAT-263474,A-02-3,878,KANBAN-00127,Electronics & Wiring Harness Plant MX,Assembly Plant IN
MAT-160116,H-22-4,604,KANBAN-00128,Electronics & Wiring Harness Plant MX,Assembly Plant IN
MAT-801112,A-08-5,1578,KANBAN-00129,Electronics & Wiring Harness Plant MX,Assembly Plant IN
MAT-977036,C-16-5,910,KANBAN-00130,Electronics & Wiring Harness Plant MX,Assembly Plant IN
MAT-445544,F-09-1,80,KANBAN-00131,Electronics & Wiring Harness Plant MX,Assembly Plant IN
MAT-812473,H-17-3,1128,KANBAN-00132,Electronics & Wiring Harness Plant MX,Assembly Plant IN
MAT-212868,E-09-4,2175,KANBAN-00133,Electronics & Wiring Harness Plant MX,Assembly Plant IN
MAT-599445,F-18-3,2205,KANBAN-00134,Electronics & Wiring Harness Plant MX,Assembly Plant IN
MAT-634825,C-02-3,1043,KANBAN-00135,Electronics & Wiring Harness Plant MX,Assembly Plant IN
MAT-531224,H-03-3,709,KANBAN-00136,Electronics & Wiring Harness Plant MX,Assembly Plant IN
MAT-610777,D-20-3,642,KANBAN-00137,Electronics & Wiring Harness Plant MX,Assembly Plant IN
MAT-462934,A-21-2,4693,KANBAN-00138,Electronics & Wiring Harness Plant MX,Assembly Plant IN
MAT-586358,E-10-5,3279,KANBAN-00139,Electronics & Wiring Harness Plant MX,Assembly Plant IN
MAT-249271,C-19-4,2050,KANBAN-00140,Electronics & Wiring Harness Plant MX,Assembly Plant IN
MAT-598186,G-16-5,1322,KANBAN-00141,Electronics & Wiring Harness Plant MX,Assembly Plant IN
MAT-144623,A-07-1,2540,KANBAN-00142,Electronics & Wiring Harness Plant MX,Assembly Plant IN
MAT-785269,C-25-4,1952,KANBAN-00143,Electronics & Wiring Harness Plant MX,Assembly Plant IN
MAT-413709,C-22-3,2917,KANBAN-00144,Electronics & Wiring Harness Plant MX,Assembly Plant IN
MAT-155955,F-06-3,977,KANBAN-00145,Electronics & Wiring Harness Plant MX,Assembly Plant IN
MAT-120768,G-09-1,1356,KANBAN-00146,Electronics & Wiring Harness Plant MX,Assembly Plant IN
MAT-918761,A-03-4,2727,KANBAN-00147,Electronics & Wiring Harness Plant MX,Assembly Plant IN
MAT-706785,C-06-4,118,KANBAN-00148,Electronics & Wiring Harness Plant MX,Assembly Plant IN
MAT-679968,D-18-1,463,KANBAN-00149,Electronics & Wiring Harness Plant MX,Assembly Plant IN
MAT-641317,H-07-5,3825,KANBAN-00150,Electronics & Wiring Harness Plant MX,Assembly Plant IN
MAT-268240,G-21-3,3676,KANBAN-00151,Electronics & Wiring Harness Plant MX,Assembly Plant IN
MAT-360946,A-02-1,4203,KANBAN-00152,Electronics & Wiring Harness Plant MX,Assembly Plant IN
MAT-317416,C-13-4,1446,KANBAN-00153,Electronics & Wiring Harness Plant MX,Assembly Plant IN
MAT-806399,E-11-3,3576,KANBAN-00154,Electronics & Wiring Harness Plant MX,Assembly Plant IN
MAT-929865,F-07-3,1516,KANBAN-00155,Electronics & Wiring Harness Plant MX,Assembly Plant IN
MAT-818484,B-24-3,2069,KANBAN-00156,Electronics & Wiring Harness Plant MX,Assembly Plant IN
MAT-632109,D-18-3,4158,KANBAN-00157,Electronics & Wiring Harness Plant MX,Assembly Plant IN
MAT-526408,E-04-4,1219,KANBAN-00158,Electronics & Wiring Harness Plant MX,Assembly Plant IN
MAT-838031,C-08-4,2047,KANBAN-00159,Electronics & Wiring Harness Plant MX,Assembly Plant IN
MAT-270393,G-13-2,2599,KANBAN-00160,Electronics & Wiring Harness Plant MX,Assembly Plant IN
MAT-261019,G-22-3,3349,KANBAN-00161,Electronics & Wiring Harness Plant MX,Assembly Plant IN
MAT-247530,B-22-3,3573,KANBAN-00162,Electronics & Wiring Harness Plant MX,Assembly Plant IN
MAT-315092,E-07-4,4793,KANBAN-00163,Electronics & Wiring Harness Plant MX,Assembly Plant IN
MAT-789595,E-28-1,1404,KANBAN-00164,Electronics & Wiring Harness Plant MX,Assembly Plant IN
MAT-411752,C-19-3,3818,KANBAN-00165,Electronics & Wiring Harness Plant MX,Assembly Plant IN
MAT-421926,D-08-3,3010,KANBAN-00166,Electronics & Wiring Harness Plant MX,Assembly Plant IN
MAT-718192,F-23-3,3926,KANBAN-00167,Electronics & Wiring Harness Plant MX,Assembly Plant IN
MAT-755762,D-09-1,3233,KANBAN-00168,Electronics & Wiring Harness Plant MX,Assembly Plant IN
MAT-850370,A-06-3,1448,KANBAN-00169,Electronics & Wiring Harness Plant MX,Assembly Plant IN
MAT-405603,G-21-5,4179,KANBAN-00170,Electronics & Wiring Harness Plant MX,Assembly Plant IN
MAT-313893,H-24-4,3674,KANBAN-00171,Electronics & Wiring Harness Plant MX,Assembly Plant IN
MAT-624008,G-08-4,2373,KANBAN-00172,Electronics & Wiring Harness Plant MX,Assembly Plant IN
MAT-221171,E-28-3,2111,KANBAN-00173,Electronics & Wiring Harness Plant MX,Assembly Plant IN
MAT-110720,E-04-3,3611,KANBAN-00174,Electronics & Wiring Harness Plant MX,Assembly Plant IN
MAT-393223,G-26-3,1710,KANBAN-00175,Electronics & Wiring Harness Plant MX,Assembly Plant IN
MAT-860427,E-17-3,1670,KANBAN-00176,Electronics & Wiring Harness Plant MX,Assembly Plant IN
MAT-142276,A-04-4,303,KANBAN-00177,Electronics & Wiring Harness Plant MX,Assembly Plant IN
MAT-381008,E-02-1,2037,KANBAN-00178,Electronics & Wiring Harness Plant MX,Assembly Plant IN
MAT-866986,A-27-3,1749,KANBAN-00179,Electronics & Wiring Harness Plant MX,Assembly Plant IN
MAT-177950,D-22-5,619,KANBAN-00180,Electronics & Wiring Harness Plant MX,Assembly Plant IN
MAT-231918,H-08-2,3795,KANBAN-00181,Electronics & Wiring Harness Plant MX,Assembly Plant IN
MAT-919593,A-01-2,3726,KANBAN-00182,Electronics & Wiring Harness Plant MX,Assembly Plant IN
MAT-738425,E-03-5,2043,KANBAN-00183,Electronics & Wiring Harness Plant MX,Assembly Plant IN
MAT-193272,G-22-2,2689,KANBAN-00184,Electronics & Wiring Harness Plant MX,Assembly Plant IN
MAT-843957,B-12-1,3035,KANBAN-00185,Electronics & Wiring Harness Plant MX,Assembly Plant IN
MAT-210834,C-23-3,623,KANBAN-00186,Electronics & Wiring Harness Plant MX,Assembly Plant IN
MAT-432748,D-07-5,712,KANBAN-00187,Electronics & Wiring Harness Plant MX,Assembly Plant IN
MAT-453635,B-25-4,604,KANBAN-00188,Electronics & Wiring Harness Plant MX,Assembly Plant IN
MAT-456180,C-23-2,1490,KANBAN-00189,Electronics & Wiring Harness Plant MX,Assembly Plant IN
MAT-343056,B-02-4,4896,KANBAN-00190,Electronics & Wiring Harness Plant MX,Assembly Plant IN
MAT-879831,F-20-5,4446,KANBAN-00191,Electronics & Wiring Harness Plant MX,Assembly Plant IN
MAT-975833,A-14-3,2209,KANBAN-00192,Electronics & Wiring Harness Plant MX,Assembly Plant IN
MAT-575232,F-09-4,1480,KANBAN-00193,Electronics & Wiring Harness Plant MX,Assembly Plant IN
MAT-190947,H-09-5,4884,KANBAN-00194,Electronics & Wiring Harness Plant MX,Assembly Plant IN
MAT-965716,B-18-4,1849,KANBAN-00195,Electronics & Wiring Harness Plant MX,Assembly Plant IN
MAT-757572,E-17-1,205,KANBAN-00196,Electronics & Wiring Harness Plant MX,Assembly Plant IN
MAT-812201,G-03-4,1422,KANBAN-00197,Electronics & Wiring Harness Plant MX,Assembly Plant IN
MAT-249983,G-20-5,2401,KANBAN-00198,Electronics & Wiring Harness Plant MX,Assembly Plant IN
MAT-451743,H-05-1,2062,KANBAN-00199,Electronics & Wiring Harness Plant MX,Assembly Plant IN
MAT-763086,F-02-5,1306,KANBAN-00200,Electronics & Wiring Harness Plant MX,Assembly Plant IN
MAT-235469,C-07-5,351,KANBAN-00201,Electronics & Wiring Harness Plant MX,Assembly Plant IN
MAT-728360,A-15-3,94,KANBAN-00202,Electronics & Wiring Harness Plant MX,Assembly Plant IN
MAT-156809,D-20-1,1413,KANBAN-00203,Electronics & Wiring Harness Plant MX,Assembly Plant IN
MAT-966222,G-19-1,1600,KANBAN-00204,Electronics & Wiring Harness Plant MX,Assembly Plant IN
MAT-113505,B-24-5,3883,KANBAN-00205,Electronics & Wiring Harness Plant MX,Assembly Plant IN
MAT-392487,D-24-3,4352,KANBAN-00206,Electronics & Wiring Harness Plant MX,Assembly Plant IN
MAT-208041,A-11-2,4007,KANBAN-00207,Electronics & Wiring Harness Plant MX,Assembly Plant IN
MAT-141696,F-29-3,3543,KANBAN-00208,Electronics & Wiring Harness Plant MX,Assembly Plant IN
MAT-528271,E-24-4,1820,KANBAN-00209,Electronics & Wiring Harness Plant MX,Assembly Plant IN
MAT-162787,A-28-1,3967,KANBAN-00210,Electronics & Wiring Harness Plant MX,Assembly Plant IN
MAT-566510,H-21-4,2512,KANBAN-00211,Electronics & Wiring Harness Plant MX,Assembly Plant IN
MAT-789352,H-04-5,2494,KANBAN-00212,Electronics & Wiring Harness Plant MX,Assembly Plant IN
MAT-421008,A-17-2,4951,KANBAN-00213,Electronics & Wiring Harness Plant MX,Assembly Plant IN
