Plant_Description,Line_Description,ModifiedBy,ModifiedDate
Engine Plant DE,,Allison Hill,2025-07-18
Engine Plant DE,L02,,
Engine Plant DE,Engine Plant De Line 3,Noah Rhodes,2022-01-06
Engine Plant DE,Engine Plant De Line 4,,
Engine Plant DE,Engine Plant De Line 5,Angie Henderson,2023-12-07
Engine Plant DE,Engine Plant De Line 6,Daniel Wagner,2021-12-02
Engine Plant DE,Engine Plant De Line 7,Cristian Santos,2025-11-14
Engine Plant DE,Engine Plant De Line 8,Connie Lawrence,2024-07-01
Engine Plant DE,L09,Abigail Shaffer,2024-09-15
Engine Plant DE,Engine Plant De Line 10,,
Engine Plant DE,Engine Plant De Line 11,,
Engine Plant DE,Engine Plant De Line 12,Gina Moore,2024-11-18
Engine Plant DE,L13,Gabrielle Davis,2023-02-14
Engine Plant DE,L14,,
Engine Plant DE,Engine Plant De Line 15,Ryan Munoz,2020-02-18
Engine Plant DE,Engine Plant De Line 16,Monica Herrera,2021-09-10
Engine Plant DE,L17,Jamie Arnold,2021-10-03
Engine Plant DE,Engine Plant De Line 18,Lisa Hensley,2021-08-07
Engine Plant DE,Engine Plant De Line 19,Michele Williams,2021-09-02
Engine Plant DE,Engine Plant De Line 20,Dylan Miller,2022-06-09
Engine Plant DE,Engine Plant De Line 21,Brian Ramirez,2024-09-26
Engine Plant DE,,Holly Wood,2024-06-23
Engine Plant DE,Engine Plant De Line 23,,
Engine Plant DE,Engine Plant De Line 24,,
Engine Plant DE,Engine Plant De Line 25,Derek Zuniga,2019-10-20
Engine Plant DE,Engine Plant De Line 26,Lisa Jackson,2025-07-21
Engine Plant DE,L27,,
Engine Plant DE,,Carla Gray,2023-01-08
Engine Plant DE,Engine Plant De Line 29,Margaret Hawkins DDS,2019-07-02
Engine Plant DE,Engine Plant De Line 30,Patty Perez,2022-03-16
Engine Plant DE,Engine Plant De Line 31,Ethan Adams,2022-01-15
Engine Plant DE,L32,Tommy Walter,2021-01-12
Engine Plant DE,Engine Plant De Line 33,Matthew Foster,2020-03-01
Engine Plant DE,Engine Plant De Line 34,,
Engine Plant DE,Engine Plant De Line 35,Judy Baker,2024-11-02
