Period,Plant_Code,Volume,AvailableHours,LeadTimeDays
2020-W02,PL-001,2861,1912,5
2020-W03,PL-001,1955,1766,8
2020-W04,PL-001,3432,2416,52
2020-W05,PL-001,4507,2399,23
2020-W06,PL-001,5048,2370,5
2020-W07,PL-001,2179,1688,31
2020-W08,PL-001,4326,1954,18
2020-W09,PL-001,2612,1347,45
2020-W10,PL-001,3573,1545,25
2020-W11,PL-001,3789,2126,10
2020-W12,PL-001,4012,1206,23
2020-W13,PL-001,3922,1483,22
2020-W14,PL-001,5033,1854,25
2020-W15,PL-001,4411,1427,10
2020-W16,PL-001,5594,2153,13
2020-W17,PL-001,4738,1468,8
2020-W18,PL-001,2387,2441,40
2020-W19,PL-001,5345,2405,17
2020-W20,PL-001,4006,1220,9
2020-W21,PL-001,5620,2096,16
2020-W22,PL-001,4589,1927,23
2020-W23,PL-001,3962,1652,41
2020-W24,PL-001,1435,2451,58
2020-W25,PL-001,5222,1706,13
2020-W26,PL-001,1341,1436,38
2020-W27,PL-001,1624,1314,26
2020-W28,PL-001,3739,2412,50
2020-W29,PL-001,3522,2314,39
2020-W30,PL-001,5707,2112,49
2020-W31,PL-001,4978,2113,60
2020-W32,PL-001,3985,2279,60
2020-W33,PL-001,2494,1610,5
2020-W34,PL-001,4204,1660,51
2020-W35,PL-001,4337,2259,25
2020-W36,PL-001,4279,1416,33
2020-W37,PL-001,2281,1884,45
2020-W38,PL-001,1809,2118,37
2020-W39,PL-001,3532,1824,49
2020-W40,PL-001,5038,1242,19
2020-W41,PL-001,1902,1282,44
2020-W42,PL-001,2033,1266,27
2020-W43,PL-001,2134,1764,8
2020-W44,PL-001,3375,2052,22
2020-W45,PL-001,1542,1310,10
2020-W46,PL-001,3000,1836,15
2020-W47,PL-001,3393,1742,60
2020-W48,PL-001,3784,2455,11
2020-W49,PL-001,1977,1231,45
2020-W50,PL-001,3367,2475,58
2020-W51,PL-001,1469,1322,5
2020-W52,PL-001,3247,1534,40
2020-W53,PL-001,1018,2329,52
2021-W01,PL-001,1714,1331,7
2021-W02,PL-001,3474,1514,31
2021-W03,PL-001,2553,2030,39
2021-W04,PL-001,3935,2380,51
2021-W05,PL-001,4251,1721,45
2021-W06,PL-001,5571,1777,25
2021-W07,PL-001,4782,1852,9
2021-W08,PL-001,5233,2324,31
2021-W09,PL-001,4640,1667,32
2021-W10,PL-001,5711,2351,39
2021-W11,PL-001,5456,1938,34
2021-W12,PL-001,5166,2164,16
2021-W13,PL-001,5937,1583,12
2021-W14,PL-001,3231,1363,18
2021-W15,PL-001,2030,2397,34
2021-W16,PL-001,4969,2223,29
2021-W17,PL-001,2195,1486,30
2021-W18,PL-001,5845,2097,28
2021-W19,PL-001,4037,2446,15
2021-W20,PL-001,4176,1241,6
2021-W21,PL-001,2551,1508,60
2021-W22,PL-001,1126,2244,42
2021-W23,PL-001,5115,1467,41
2021-W24,PL-001,3691,2052,9
2021-W25,PL-001,1042,1278,21
2021-W26,PL-001,1446,2245,44
2021-W27,PL-001,5139,2191,44
2021-W28,PL-001,1962,1692,57
2021-W29,PL-001,2733,2272,18
2021-W30,PL-001,4176,1965,24
2021-W31,PL-001,2532,1356,22
2021-W32,PL-001,4704,1573,41
2021-W33,PL-001,3995,2345,54
2021-W34,PL-001,5276,1387,38
2021-W35,PL-001,4683,2305,51
2021-W36,PL-001,5688,1622,33
2021-W37,PL-001,4570,1517,33
2021-W38,PL-001,3784,2313,16
2021-W39,PL-001,4947,1776,55
2021-W40,PL-001,5151,2277,7
2021-W41,PL-001,2604,1794,46
2021-W42,PL-001,2477,1798,44
2021-W43,PL-001,4306,1823,5
2021-W44,PL-001,4075,2154,25
2021-W45,PL-001,2627,2082,12
2021-W46,PL-001,4956,2120,17
2021-W47,PL-001,5096,1999,33
2021-W48,PL-001,2013,1449,43
2021-W49,PL-001,2500,1988,10
2021-W50,PL-001,2682,2048,34
2021-W51,PL-001,5348,2315,51
2021-W52,PL-001,4788,2393,36
2022-W01,PL-001,1362,1514,33
2022-W02,PL-001,4519,2290,52
2022-W03,PL-001,5382,2082,44
2022-W04,PL-001,5225,1730,28
2022-W05,PL-001,2910,2290,49
2022-W06,PL-001,4954,2239,20
2022-W07,PL-001,3924,1895,36
2022-W08,PL-001,2805,1533,13
2022-W09,PL-001,2377,1807,5
2022-W10,PL-001,3140,1457,8
2022-W11,PL-001,1685,1371,17
2022-W12,PL-001,3725,1684,26
2022-W13,PL-001,2485,1617,38
2022-W14,PL-001,3425,2446,6
2022-W15,PL-001,3501,2426,46
2022-W16,PL-001,1532,1715,52
2022-W17,PL-001,5498,1843,52
2022-W18,PL-001,3844,1754,59
2022-W19,PL-001,1376,2483,16
2022-W20,PL-001,2615,1229,60
2022-W21,PL-001,4810,1434,7
2022-W22,PL-001,1083,1765,13
2022-W23,PL-001,2756,1315,49
2022-W24,PL-001,2165,1394,43
2022-W25,PL-001,2372,1865,5
2022-W26,PL-001,3382,2355,21
2022-W27,PL-001,4895,2120,47
2022-W28,PL-001,2320,1836,40
2022-W29,PL-001,3904,1228,41
2022-W30,PL-001,1422,1741,60
2022-W31,PL-001,3206,2413,56
2022-W32,PL-001,1769,1644,41
2022-W33,PL-001,5388,1244,51
2022-W34,PL-001,4820,1490,6
2022-W35,PL-001,4683,2129,40
2022-W36,PL-001,5694,1286,39
2022-W37,PL-001,5222,1271,48
2022-W38,PL-001,2505,2282,41
2022-W39,PL-001,5897,1486,43
2022-W40,PL-001,1294,1848,59
2022-W41,PL-001,3071,2335,18
2022-W42,PL-001,1260,1460,16
2022-W43,PL-001,2800,2044,34
2022-W44,PL-001,4970,2448,6
2022-W45,PL-001,5727,2449,20
2022-W46,PL-001,4711,1762,20
2022-W47,PL-001,2836,1597,26
2022-W48,PL-001,3577,1649,47
2022-W49,PL-001,5013,1982,16
2022-W50,PL-001,4260,1595,53
2022-W51,PL-001,2518,1931,35
2022-W52,PL-001,3675,1831,48
2023-W01,PL-001,4926,1969,6
2023-W02,PL-001,2835,2340,32
2023-W03,PL-001,5723,1722,54
2023-W04,PL-001,4056,2064,29
2023-W05,PL-001,5619,2077,37
2023-W06,PL-001,4275,1770,20
2023-W07,PL-001,4110,1540,48
2023-W08,PL-001,2143,1904,21
2023-W09,PL-001,5247,2446,8
2023-W10,PL-001,3672,1851,40
2023-W11,PL-001,1078,1354,21
2023-W12,PL-001,5842,1978,7
2023-W13,PL-001,1587,1411,32
2023-W14,PL-001,1819,1390,19
2023-W15,PL-001,2442,2186,8
2023-W16,PL-001,1348,1990,59
2023-W17,PL-001,1910,2160,47
2023-W18,PL-001,1662,1314,13
2020-W02,PL-002,5398,2245,31
2020-W03,PL-002,4899,1626,44
2020-W04,PL-002,1067,2395,60
2020-W05,PL-002,4583,1704,14
2020-W06,PL-002,3109,1295,7
2020-W07,PL-002,1589,2230,10
2020-W08,PL-002,2503,2244,31
2020-W09,PL-002,4543,1883,53
2020-W10,PL-002,3353,1821,54
2020-W11,PL-002,3263,1803,35
2020-W12,PL-002,1810,2003,18
2020-W13,PL-002,1384,1599,6
2020-W14,PL-002,4105,1660,11
2020-W15,PL-002,4040,1205,7
2020-W16,PL-002,3465,1622,6
2020-W17,PL-002,4994,2116,45
2020-W18,PL-002,3590,2026,55
2020-W19,PL-002,4382,1296,50
2020-W20,PL-002,4127,2397,23
2020-W21,PL-002,3173,1496,21
2020-W22,PL-002,1416,1209,24
2020-W23,PL-002,4167,2480,49
2020-W24,PL-002,2340,1894,40
2020-W25,PL-002,4012,2161,57
2020-W26,PL-002,3383,1563,12
2020-W27,PL-002,4586,1924,13
2020-W28,PL-002,5661,1361,45
2020-W29,PL-002,5905,2164,29
2020-W30,PL-002,1367,1332,42
2020-W31,PL-002,4983,1529,24
2020-W32,PL-002,2236,1854,16
2020-W33,PL-002,4008,2049,43
2020-W34,PL-002,5084,2409,26
2020-W35,PL-002,3113,1443,14
2020-W36,PL-002,4992,1213,26
2020-W37,PL-002,5572,1782,35
2020-W38,PL-002,5268,1464,47
2020-W39,PL-002,4355,2423,6
2020-W40,PL-002,4553,2210,26
2020-W41,PL-002,4925,1360,21
2020-W42,PL-002,3317,2225,37
2020-W43,PL-002,4277,1443,51
2020-W44,PL-002,4427,2070,49
2020-W45,PL-002,1929,2108,14
2020-W46,PL-002,5592,2171,10
2020-W47,PL-002,1944,1535,53
2020-W48,PL-002,5864,1798,25
2020-W49,PL-002,2136,1922,41
2020-W50,PL-002,3764,2441,58
2020-W51,PL-002,2853,1412,26
2020-W52,PL-002,4867,2485,47
2020-W53,PL-002,4269,2190,12
2021-W01,PL-002,2475,1476,48
2021-W02,PL-002,2251,1393,51
2021-W03,PL-002,4609,1408,21
2021-W04,PL-002,5386,1975,37
2021-W05,PL-002,5997,2349,19
2021-W06,PL-002,5253,1477,42
2021-W07,PL-002,4625,2247,38
2021-W08,PL-002,2820,1624,24
2021-W09,PL-002,1967,2240,23
2021-W10,PL-002,1933,2440,31
2021-W11,PL-002,3865,2281,11
2021-W12,PL-002,3457,2164,5
2021-W13,PL-002,5864,1295,55
2021-W14,PL-002,3122,1202,40
2021-W15,PL-002,2044,1806,5
2021-W16,PL-002,4498,1605,50
2021-W17,PL-002,1899,1518,14
2021-W18,PL-002,1559,2178,46
2021-W19,PL-002,1929,1414,38
2021-W20,PL-002,3546,1891,8
2021-W21,PL-002,2709,1467,25
2021-W22,PL-002,2705,1765,10
2021-W23,PL-002,4588,1699,26
2021-W24,PL-002,1288,1423,26
2021-W25,PL-002,4563,1441,45
2021-W26,PL-002,3452,2336,19
2021-W27,PL-002,3126,2092,59
2021-W28,PL-002,5249,1340,43
2021-W29,PL-002,2979,2290,24
2021-W30,PL-002,3944,2137,9
2021-W31,PL-002,1236,1257,46
2021-W32,PL-002,5488,2063,42
2021-W33,PL-002,2530,1468,46
2021-W34,PL-002,3638,2174,59
2021-W35,PL-002,4154,2293,32
2021-W36,PL-002,2296,1416,25
2021-W37,PL-002,1578,1612,48
2021-W38,PL-002,1156,2342,38
2021-W39,PL-002,2389,1435,42
2021-W40,PL-002,5555,1353,43
2021-W41,PL-002,4056,2061,31
2021-W42,PL-002,5701,1560,26
2021-W43,PL-002,1817,1656,20
2021-W44,PL-002,1599,2156,56
2021-W45,PL-002,1486,2380,41
2021-W46,PL-002,4471,1445,41
2021-W47,PL-002,5021,1779,46
2021-W48,PL-002,4863,1809,14
2021-W49,PL-002,1783,2059,44
2021-W50,PL-002,2921,1496,9
2021-W51,PL-002,3469,1289,14
2021-W52,PL-002,4228,2288,58
2022-W01,PL-002,2833,1434,39
2022-W02,PL-002,2688,1991,31
2022-W03,PL-002,4993,1210,13
2022-W04,PL-002,2040,1807,9
2022-W05,PL-002,2044,2174,27
2022-W06,PL-002,3464,1405,56
2022-W07,PL-002,4799,1200,53
2022-W08,PL-002,3500,1867,11
2022-W09,PL-002,5218,2330,57
2022-W10,PL-002,5539,1574,11
2022-W11,PL-002,5137,1319,60
2022-W12,PL-002,1439,1583,59
2022-W13,PL-002,5275,2333,59
2022-W14,PL-002,2514,1440,36
2022-W15,PL-002,1955,1360,25
2022-W16,PL-002,1465,1469,25
2022-W17,PL-002,4002,1915,46
2022-W18,PL-002,2788,2476,40
2022-W19,PL-002,3727,1424,53
2022-W20,PL-002,5515,1846,40
2022-W21,PL-002,5103,1217,7
2022-W22,PL-002,5072,2410,30
2022-W23,PL-002,5812,1894,10
2022-W24,PL-002,4773,2311,28
2022-W25,PL-002,1740,2274,36
2022-W26,PL-002,4272,1346,11
2022-W27,PL-002,2458,1843,13
2022-W28,PL-002,3794,1231,21
2022-W29,PL-002,3288,1779,28
2022-W30,PL-002,4176,1503,50
2022-W31,PL-002,4781,1786,43
2022-W32,PL-002,2380,2416,33
2022-W33,PL-002,4075,1604,58
2022-W34,PL-002,3809,1305,9
2022-W35,PL-002,3822,2349,45
2022-W36,PL-002,2789,1218,6
2022-W37,PL-002,1716,1889,42
2022-W38,PL-002,4940,2030,59
2022-W39,PL-002,3198,1200,13
2022-W40,PL-002,2000,2426,50
2022-W41,PL-002,2405,1808,39
2022-W42,PL-002,2546,1206,17
2022-W43,PL-002,3190,1629,21
2022-W44,PL-002,3012,1276,56
2022-W45,PL-002,2111,2365,47
2022-W46,PL-002,5039,1323,18
2022-W47,PL-002,4633,1604,57
2022-W48,PL-002,1121,1332,35
2022-W49,PL-002,2962,2452,60
2022-W50,PL-002,4964,2208,26
2022-W51,PL-002,4569,2362,55
2022-W52,PL-002,4526,1631,11
2023-W01,PL-002,2701,1581,27
2023-W02,PL-002,4083,1878,22
2023-W03,PL-002,1487,2198,23
2023-W04,PL-002,1571,2315,47
2023-W05,PL-002,2045,2427,37
2023-W06,PL-002,5569,1605,48
2023-W07,PL-002,1734,1992,52
2023-W08,PL-002,5165,2459,21
2023-W09,PL-002,1520,2184,57
2023-W10,PL-002,2182,2357,25
2020-W02,PL-003,3169,2270,25
2020-W03,PL-003,4692,1689,26
2020-W04,PL-003,4465,1900,29
2020-W05,PL-003,2865,1602,17
2020-W06,PL-003,5643,2195,24
2020-W07,PL-003,4611,1334,37
2020-W08,PL-003,4758,1541,16
2020-W09,PL-003,2216,1233,55
2020-W10,PL-003,3259,1420,54
2020-W11,PL-003,5443,1953,51
2020-W12,PL-003,1377,1741,5
2020-W13,PL-003,3885,2322,57
2020-W14,PL-003,4067,2365,31
2020-W15,PL-003,1191,2130,7
2020-W16,PL-003,5394,1270,42
2020-W17,PL-003,1385,2342,48
2020-W18,PL-003,5963,2352,20
2020-W19,PL-003,4500,1720,56
2020-W20,PL-003,3330,1588,51
2020-W21,PL-003,5561,1302,55
2020-W22,PL-003,3851,2172,12
2020-W23,PL-003,2549,2414,8
2020-W24,PL-003,4374,2248,59
2020-W25,PL-003,1233,1304,16
2020-W26,PL-003,1896,1925,48
2020-W27,PL-003,4854,2142,34
2020-W28,PL-003,5556,1902,7
2020-W29,PL-003,2072,1409,47
2020-W30,PL-003,1402,1304,47
2020-W31,PL-003,3122,1887,23
2020-W32,PL-003,5465,1749,6
2020-W33,PL-003,5337,1533,31
2020-W34,PL-003,1791,2007,9
2020-W35,PL-003,5366,1628,7
2020-W36,PL-003,1711,2445,8
2020-W37,PL-003,1996,1885,20
2020-W38,PL-003,2917,1523,54
2020-W39,PL-003,1987,2372,42
2020-W40,PL-003,1324,1973,19
2020-W41,PL-003,1332,1700,23
2020-W42,PL-003,1667,2365,35
2020-W43,PL-003,4784,2371,12
2020-W44,PL-003,2745,1952,54
2020-W45,PL-003,4590,1732,13
2020-W46,PL-003,4053,1621,51
2020-W47,PL-003,1119,2087,13
2020-W48,PL-003,4674,2207,46
2020-W49,PL-003,2382,1659,39
2020-W50,PL-003,5480,1493,56
2020-W51,PL-003,5597,2484,47
2020-W52,PL-003,5129,2243,17
2020-W53,PL-003,3577,2289,55
2021-W01,PL-003,2370,2311,30
2021-W02,PL-003,3457,2238,33
2021-W03,PL-003,5391,2377,30
2021-W04,PL-003,2962,1880,37
2021-W05,PL-003,5056,2155,43
2021-W06,PL-003,5306,2351,21
2021-W07,PL-003,1514,2461,50
2021-W08,PL-003,4904,2152,54
2021-W09,PL-003,1579,1872,39
2021-W10,PL-003,1129,1219,28
2021-W11,PL-003,4346,1526,34
2021-W12,PL-003,3221,1496,57
2021-W13,PL-003,3977,2383,49
2021-W14,PL-003,2443,2275,55
2021-W15,PL-003,5119,1914,21
2021-W16,PL-003,2899,2374,23
2021-W17,PL-003,1361,2175,51
2021-W18,PL-003,1019,1912,35
2021-W19,PL-003,3268,1239,10
2021-W20,PL-003,3745,1914,49
2021-W21,PL-003,3629,2012,46
2021-W22,PL-003,2888,2011,46
2021-W23,PL-003,2439,2000,42
2021-W24,PL-003,1843,1540,34
2021-W25,PL-003,4032,2267,43
2021-W26,PL-003,4224,2462,29
2021-W27,PL-003,5329,1750,8
2021-W28,PL-003,4285,1840,36
2021-W29,PL-003,1721,2203,14
2021-W30,PL-003,1246,2491,9
2021-W31,PL-003,1334,1219,32
2021-W32,PL-003,4694,2317,26
2021-W33,PL-003,2413,2194,34
2021-W34,PL-003,4174,1459,43
2021-W35,PL-003,5575,2107,20
2021-W36,PL-003,3085,2293,59
2021-W37,PL-003,1166,1275,33
2021-W38,PL-003,2549,1848,23
2021-W39,PL-003,4518,2413,30
2021-W40,PL-003,2297,1492,42
2021-W41,PL-003,1351,1907,38
2021-W42,PL-003,1702,1456,10
2021-W43,PL-003,5523,1370,59
2021-W44,PL-003,3509,1499,20
2021-W45,PL-003,4490,1293,37
2021-W46,PL-003,5982,1597,44
2021-W47,PL-003,5081,1518,13
2021-W48,PL-003,4118,1221,31
2021-W49,PL-003,5730,1969,55
2021-W50,PL-003,2703,1364,17
2021-W51,PL-003,5742,2259,30
2021-W52,PL-003,5198,2090,25
2022-W01,PL-003,5678,2113,39
2022-W02,PL-003,4650,1459,36
2022-W03,PL-003,3671,1549,38
2022-W04,PL-003,5704,2133,22
2022-W05,PL-003,2069,1736,31
2022-W06,PL-003,3394,1441,42
2022-W07,PL-003,2135,1352,37
2022-W08,PL-003,4401,2192,52
2022-W09,PL-003,2568,1656,52
2022-W10,PL-003,5806,1210,58
2022-W11,PL-003,3516,1232,57
2022-W12,PL-003,1456,1251,55
2022-W13,PL-003,3190,2031,43
2022-W14,PL-003,3859,1318,48
2022-W15,PL-003,1402,1208,30
2022-W16,PL-003,2705,2427,36
2022-W17,PL-003,4633,2189,38
2022-W18,PL-003,4938,1975,47
2022-W19,PL-003,1995,2430,49
2022-W20,PL-003,3958,1907,41
2022-W21,PL-003,2462,1629,48
2022-W22,PL-003,2589,1902,44
2022-W23,PL-003,5552,2433,29
2022-W24,PL-003,2345,1359,16
2022-W25,PL-003,4303,1869,9
2022-W26,PL-003,4713,2040,6
2022-W27,PL-003,3688,1829,26
2022-W28,PL-003,3131,2188,45
2022-W29,PL-003,5913,2264,35
2022-W30,PL-003,1231,1269,42
2022-W31,PL-003,2161,1415,35
2022-W32,PL-003,2572,1825,45
2022-W33,PL-003,5156,1662,8
2022-W34,PL-003,3123,2033,54
2022-W35,PL-003,4752,1471,50
2022-W36,PL-003,3614,1484,39
2022-W37,PL-003,1708,1661,28
2022-W38,PL-003,3197,1805,10
2022-W39,PL-003,1483,1223,48
2022-W40,PL-003,4109,1736,50
2022-W41,PL-003,5319,1263,36
2022-W42,PL-003,4148,1290,13
2022-W43,PL-003,2796,1436,35
2022-W44,PL-003,1032,2371,22
2022-W45,PL-003,3765,1515,24
2022-W46,PL-003,4548,1676,42
2022-W47,PL-003,3552,2036,40
2022-W48,PL-003,2172,1654,26
2022-W49,PL-003,3843,2418,32
2022-W50,PL-003,2766,2211,35
2022-W51,PL-003,4122,1475,41
2022-W52,PL-003,3392,1316,25
2023-W01,PL-003,3797,1788,55
2023-W02,PL-003,4534,1770,7
2023-W03,PL-003,3509,1561,34
2023-W04,PL-003,2311,1924,40
2023-W05,PL-003,2217,2014,32
2023-W06,PL-003,2538,1661,25
2023-W07,PL-003,1364,1956,31
2023-W08,PL-003,2405,1414,36
2023-W09,PL-003,2534,1316,27
2023-W10,PL-003,2810,1595,28
2023-W11,PL-003,2090,1588,37
2023-W12,PL-003,1134,1224,38
2023-W13,PL-003,1114,2201,9
2023-W14,PL-003,5087,2412,53
2023-W15,PL-003,3859,1242,57
2023-W16,PL-003,5655,2189,26
2023-W17,PL-003,5032,2051,57
2023-W18,PL-003,1221,1398,58
2023-W19,PL-003,5224,1571,44
2023-W20,PL-003,1823,1623,12
2020-W02,PL-004,5398,2174,10
2020-W03,PL-004,4933,1216,40
2020-W04,PL-004,3396,1528,18
2020-W05,PL-004,1925,2069,30
2020-W06,PL-004,4964,2224,37
2020-W07,PL-004,4472,2153,44
2020-W08,PL-004,2502,1852,17
2020-W09,PL-004,5838,1289,37
2020-W10,PL-004,3116,1931,20
2020-W11,PL-004,2817,2086,39
2020-W12,PL-004,5996,1936,13
2020-W13,PL-004,3552,1304,45
2020-W14,PL-004,5055,1697,52
2020-W15,PL-004,4228,1885,7
2020-W16,PL-004,4291,2444,41
2020-W17,PL-004,3861,1953,21
2020-W18,PL-004,3537,1967,37
2020-W19,PL-004,4818,2079,34
2020-W20,PL-004,4980,1393,51
2020-W21,PL-004,2148,1638,50
2020-W22,PL-004,2001,1680,16
2020-W23,PL-004,5127,2168,41
2020-W24,PL-004,4631,1217,38
2020-W25,PL-004,3874,2095,52
2020-W26,PL-004,1935,2331,13
2020-W27,PL-004,5109,1470,48
2020-W28,PL-004,1016,1702,55
2020-W29,PL-004,2606,2173,18
2020-W30,PL-004,5233,2371,13
2020-W31,PL-004,3972,1606,26
2020-W32,PL-004,4618,2222,28
2020-W33,PL-004,2596,2479,7
2020-W34,PL-004,3035,2190,33
2020-W35,PL-004,2666,2490,49
2020-W36,PL-004,1157,2171,42
2020-W37,PL-004,1908,1354,36
2020-W38,PL-004,1890,2475,19
2020-W39,PL-004,2292,2393,43
2020-W40,PL-004,4123,2121,7
2020-W41,PL-004,5910,1970,9
2020-W42,PL-004,4650,1688,14
2020-W43,PL-004,2356,2216,51
2020-W44,PL-004,4990,2153,24
2020-W45,PL-004,5570,2169,27
2020-W46,PL-004,1615,1862,35
2020-W47,PL-004,3183,1221,51
2020-W48,PL-004,2326,1523,41
2020-W49,PL-004,1567,2318,15
2020-W50,PL-004,1772,1496,44
2020-W51,PL-004,1719,1965,53
2020-W52,PL-004,4333,1284,8
2020-W53,PL-004,2832,2479,44
2021-W01,PL-004,2716,2140,54
2021-W02,PL-004,4185,2083,59
2021-W03,PL-004,4858,1742,50
2021-W04,PL-004,1531,1387,28
2021-W05,PL-004,1347,1917,54
2021-W06,PL-004,2562,2409,49
2021-W07,PL-004,3202,1900,36
2021-W08,PL-004,5624,2326,53
2021-W09,PL-004,1373,1624,11
2021-W10,PL-004,4792,2460,6
2021-W11,PL-004,2359,2354,36
2021-W12,PL-004,4849,1262,8
2021-W13,PL-004,1397,2229,17
2021-W14,PL-004,2259,1391,18
2021-W15,PL-004,4732,1617,54
2021-W16,PL-004,2136,2314,39
2021-W17,PL-004,4808,2016,41
2021-W18,PL-004,4436,2285,38
2021-W19,PL-004,1584,1330,12
2021-W20,PL-004,2820,1257,58
2021-W21,PL-004,3140,1966,7
2021-W22,PL-004,1790,2380,43
2021-W23,PL-004,1555,1302,50
2021-W24,PL-004,2983,2056,43
2021-W25,PL-004,5281,2122,12
2021-W26,PL-004,1809,1607,11
2021-W27,PL-004,2227,2059,27
2021-W28,PL-004,1701,2327,32
2021-W29,PL-004,5902,1537,57
2021-W30,PL-004,2766,2403,50
2021-W31,PL-004,3132,2382,33
2021-W32,PL-004,1020,1549,35
2021-W33,PL-004,5672,1792,13
2021-W34,PL-004,4500,2456,35
2021-W35,PL-004,4592,1810,59
2021-W36,PL-004,1945,1524,44
2021-W37,PL-004,3573,2259,42
2021-W38,PL-004,3001,1895,35
2021-W39,PL-004,4197,1362,45
2021-W40,PL-004,1104,2072,35
2021-W41,PL-004,1566,2258,40
2021-W42,PL-004,1029,1531,44
2021-W43,PL-004,5401,1877,18
2021-W44,PL-004,4045,1901,33
2021-W45,PL-004,2828,2025,34
2021-W46,PL-004,5322,2210,60
2021-W47,PL-004,4017,2487,30
2021-W48,PL-004,3401,1745,10
2021-W49,PL-004,1291,2003,24
2021-W50,PL-004,3355,1871,7
2021-W51,PL-004,4398,1318,28
2021-W52,PL-004,3292,2101,38
2022-W01,PL-004,5636,1660,6
2022-W02,PL-004,1519,2203,24
2022-W03,PL-004,1066,2220,38
2022-W04,PL-004,5231,1853,21
2022-W05,PL-004,5006,2132,42
2022-W06,PL-004,2773,2122,21
2022-W07,PL-004,3759,1479,45
2022-W08,PL-004,3199,1390,41
2022-W09,PL-004,5079,1875,35
2022-W10,PL-004,2757,1300,36
2022-W11,PL-004,2632,1330,55
2022-W12,PL-004,1737,1250,44
2022-W13,PL-004,4038,2008,8
2022-W14,PL-004,1561,1647,23
2022-W15,PL-004,3976,2041,55
2022-W16,PL-004,3930,1233,25
2022-W17,PL-004,2709,1459,52
2022-W18,PL-004,4739,2424,52
2022-W19,PL-004,3327,1310,43
2022-W20,PL-004,3171,1902,59
2022-W21,PL-004,1930,1495,57
2022-W22,PL-004,3010,2009,8
2022-W23,PL-004,1359,2078,56
2022-W24,PL-004,4308,2124,9
2022-W25,PL-004,4460,2228,39
2022-W26,PL-004,4714,1615,31
2022-W27,PL-004,1141,1534,44
2022-W28,PL-004,1817,1825,13
2022-W29,PL-004,1866,1855,5
2022-W30,PL-004,1232,1447,18
2022-W31,PL-004,5402,1771,54
2022-W32,PL-004,5809,1604,52
2022-W33,PL-004,3091,2388,33
2022-W34,PL-004,5485,2485,55
2022-W35,PL-004,2369,1826,47
2022-W36,PL-004,1079,2446,48
2022-W37,PL-004,3667,1242,19
2022-W38,PL-004,2075,1789,21
2022-W39,PL-004,4944,2040,8
2022-W40,PL-004,2585,1260,38
2022-W41,PL-004,1488,1626,21
2022-W42,PL-004,4939,1479,41
2022-W43,PL-004,2386,1942,48
2022-W44,PL-004,1583,2418,43
2022-W45,PL-004,1022,1249,5
2022-W46,PL-004,1019,2032,24
2022-W47,PL-004,2916,1559,49
2022-W48,PL-004,4288,1874,60
2022-W49,PL-004,3664,2073,11
2022-W50,PL-004,4634,2185,27
2022-W51,PL-004,2161,2495,27
2022-W52,PL-004,4263,1549,59
2023-W01,PL-004,1160,2224,11
2023-W02,PL-004,2797,2322,19
2023-W03,PL-004,3157,1277,40
2023-W04,PL-004,5783,1723,47
2023-W05,PL-004,4339,2042,43
2023-W06,PL-004,3153,1301,34
2023-W07,PL-004,3720,2233,34
2023-W08,PL-004,2837,1577,24
2023-W09,PL-004,1230,1886,44
2023-W10,PL-004,4267,1778,56
2023-W11,PL-004,2174,2189,11
2023-W12,PL-004,1583,1994,17
2023-W13,PL-004,2626,2297,27
2023-W14,PL-004,1621,2415,29
2023-W15,PL-004,3520,1908,13
2023-W16,PL-004,2770,1234,56
2023-W17,PL-004,4703,2029,33
2023-W18,PL-004,3470,2166,31
2023-W19,PL-004,5167,1514,33
2023-W20,PL-004,1994,1856,19
2023-W21,PL-004,4901,1603,50
2020-W02,PL-005,6102,2066,37
2020-W03,PL-005,6542,1800,37
2020-W04,PL-005,5872,1282,26
2020-W05,PL-005,6558,1736,24
2020-W06,PL-005,2323,1688,18
2020-W07,PL-005,3859,2072,26
2020-W08,PL-005,4594,1166,20
2020-W09,PL-005,4288,1117,40
2020-W10,PL-005,1942,2014,58
2020-W11,PL-005,7790,2087,28
2020-W12,PL-005,2315,1636,5
2020-W13,PL-005,4876,1077,40
2020-W14,PL-005,6847,1034,52
2020-W15,PL-005,6480,1447,50
2020-W16,PL-005,4177,1476,26
2020-W17,PL-005,1942,2173,48
2020-W18,PL-005,4807,1875,54
2020-W19,PL-005,6427,1994,27
2020-W20,PL-005,1684,1605,23
2020-W21,PL-005,5915,1367,12
2020-W22,PL-005,7273,1276,11
2020-W23,PL-005,2066,2091,38
2020-W24,PL-005,3611,2042,54
2020-W25,PL-005,2751,2164,22
2020-W26,PL-005,5527,1170,26
2020-W27,PL-005,4547,1667,14
2020-W28,PL-005,6313,1762,11
2020-W29,PL-005,2129,1961,27
2020-W30,PL-005,5367,1510,15
2020-W31,PL-005,3225,2197,51
2020-W32,PL-005,2047,1237,53
2020-W33,PL-005,7691,1470,25
2020-W34,PL-005,1708,1537,54
2020-W35,PL-005,7606,1617,21
2020-W36,PL-005,2922,2048,48
2020-W37,PL-005,4479,1091,53
2020-W38,PL-005,6850,1092,25
2020-W39,PL-005,2695,2159,57
2020-W40,PL-005,1120,1210,42
2020-W41,PL-005,2319,1073,21
2020-W42,PL-005,6887,1780,40
2020-W43,PL-005,5531,2173,31
2020-W44,PL-005,4375,1784,22
2020-W45,PL-005,1363,2026,26
2020-W46,PL-005,3867,1898,20
2020-W47,PL-005,7510,1610,38
2020-W48,PL-005,1258,1677,34
2020-W49,PL-005,4488,1069,46
2020-W50,PL-005,2001,1782,5
2020-W51,PL-005,6983,1536,18
2020-W52,PL-005,2769,1485,14
2020-W53,PL-005,7372,1638,14
2021-W01,PL-005,5871,1920,25
2021-W02,PL-005,5395,1611,16
2021-W03,PL-005,6407,1968,60
2021-W04,PL-005,2980,1842,25
2021-W05,PL-005,6267,1315,51
2021-W06,PL-005,5391,1353,18
2021-W07,PL-005,1505,1205,47
2021-W08,PL-005,3035,1926,52
2021-W09,PL-005,4567,1608,54
2021-W10,PL-005,3428,2135,23
2021-W11,PL-005,2746,1172,31
2021-W12,PL-005,4435,1098,6
2021-W13,PL-005,7245,1950,52
2021-W14,PL-005,5747,1830,53
2021-W15,PL-005,6812,1572,60
2021-W16,PL-005,6265,1632,51
2021-W17,PL-005,2087,1485,25
2021-W18,PL-005,6877,1697,41
2021-W19,PL-005,2457,1989,13
2021-W20,PL-005,4042,1421,45
2021-W21,PL-005,3408,2114,27
2021-W22,PL-005,5665,1239,46
2021-W23,PL-005,3217,1282,34
2021-W24,PL-005,4295,1037,56
2021-W25,PL-005,3610,1563,24
2021-W26,PL-005,4926,2110,10
2021-W27,PL-005,5651,1614,29
2021-W28,PL-005,3112,1329,37
2021-W29,PL-005,1410,1341,37
2021-W30,PL-005,2401,1044,23
2021-W31,PL-005,2890,1427,34
2021-W32,PL-005,1500,1006,5
2021-W33,PL-005,3416,1360,43
2021-W34,PL-005,5435,1455,52
2021-W35,PL-005,6356,2180,39
2021-W36,PL-005,3000,1560,47
2021-W37,PL-005,6539,1354,13
2021-W38,PL-005,4064,1231,59
2021-W39,PL-005,6083,1218,55
2021-W40,PL-005,1993,1297,5
2021-W41,PL-005,2746,1849,38
2021-W42,PL-005,2816,1878,46
2021-W43,PL-005,5608,1901,24
2021-W44,PL-005,3385,1040,37
2021-W45,PL-005,3149,1480,30
2021-W46,PL-005,7849,1813,12
2021-W47,PL-005,6441,2075,9
2021-W48,PL-005,1254,1356,42
2021-W49,PL-005,4183,1581,22
2021-W50,PL-005,6638,1833,49
2021-W51,PL-005,4994,1621,32
2021-W52,PL-005,3261,1687,6
2022-W01,PL-005,3509,1072,28
2022-W02,PL-005,7440,1778,57
2022-W03,PL-005,5155,1066,15
2022-W04,PL-005,3225,1249,48
2022-W05,PL-005,5352,2061,58
2022-W06,PL-005,7619,1482,33
2022-W07,PL-005,1880,1410,47
2022-W08,PL-005,1462,1640,56
2022-W09,PL-005,5343,2153,34
2022-W10,PL-005,1549,1439,16
2022-W11,PL-005,1257,1402,45
2022-W12,PL-005,1974,1564,34
2022-W13,PL-005,5717,1881,11
2022-W14,PL-005,3947,2010,35
2022-W15,PL-005,4860,1918,50
2022-W16,PL-005,4165,1498,37
2022-W17,PL-005,1429,1447,35
2022-W18,PL-005,2792,2020,27
2022-W19,PL-005,4303,1587,34
2022-W20,PL-005,2003,1990,36
2022-W21,PL-005,3933,1703,55
2022-W22,PL-005,6566,2095,11
2022-W23,PL-005,6149,2140,34
2022-W24,PL-005,6784,1652,36
2022-W25,PL-005,6622,1366,42
2022-W26,PL-005,6040,1583,35
2022-W27,PL-005,5808,1981,44
2022-W28,PL-005,6101,1353,26
2022-W29,PL-005,7349,2023,27
2022-W30,PL-005,5239,1781,22
2022-W31,PL-005,4876,1119,40
2022-W32,PL-005,1565,1128,15
2022-W33,PL-005,3891,1668,42
2022-W34,PL-005,3806,1811,54
2022-W35,PL-005,3432,1426,31
2022-W36,PL-005,5040,1211,45
2022-W37,PL-005,2345,1990,42
2022-W38,PL-005,5781,1568,20
2022-W39,PL-005,6456,1299,22
2022-W40,PL-005,3108,1136,22
2022-W41,PL-005,7625,1269,50
2022-W42,PL-005,6441,1801,39
2022-W43,PL-005,5773,1304,53
2022-W44,PL-005,6552,1898,37
2022-W45,PL-005,6158,1073,60
2022-W46,PL-005,1950,1801,15
2022-W47,PL-005,7973,1231,57
2022-W48,PL-005,5137,2095,38
2022-W49,PL-005,3023,1351,17
2022-W50,PL-005,2457,1608,23
2022-W51,PL-005,5802,2193,10
2022-W52,PL-005,6777,2114,59
2023-W01,PL-005,3860,1989,33
2023-W02,PL-005,3574,1300,10
2023-W03,PL-005,6318,1993,25
2023-W04,PL-005,3783,1569,26
2023-W05,PL-005,3779,2070,56
2023-W06,PL-005,1587,1952,53
2023-W07,PL-005,6760,1367,6
2023-W08,PL-005,1838,1318,11
2023-W09,PL-005,2743,1080,42
2023-W10,PL-005,6291,2199,5
2023-W11,PL-005,6012,1473,17
2023-W12,PL-005,4719,1631,31
2023-W13,PL-005,4192,1115,41
2023-W14,PL-005,5097,1392,51
2023-W15,PL-005,3126,1131,11
2023-W16,PL-005,6040,1994,42
2023-W17,PL-005,7281,1581,44
2023-W18,PL-005,2136,1195,34
2023-W19,PL-005,4374,1510,32
2023-W20,PL-005,1688,1897,22
2023-W21,PL-005,2918,1698,41
2023-W22,PL-005,4510,1910,17
2023-W23,PL-005,4219,2106,6
2023-W24,PL-005,3783,1151,17
2023-W25,PL-005,4458,1944,9
2023-W26,PL-005,7204,1880,17
2023-W27,PL-005,5544,2133,44
2023-W28,PL-005,1161,1805,25
2023-W29,PL-005,6512,1991,32
2023-W30,PL-005,3577,1792,9
2023-W31,PL-005,6829,1741,23
2023-W32,PL-005,4538,1408,17
2023-W33,PL-005,3800,1371,50
2023-W34,PL-005,7387,2074,51
2023-W35,PL-005,1360,1186,51
2023-W36,PL-005,5777,2182,25
2023-W37,PL-005,3620,1591,56
2023-W38,PL-005,6472,1530,16
2023-W39,PL-005,3792,1450,58
2023-W40,PL-005,7117,1520,39
2023-W41,PL-005,2925,2163,39
2023-W42,PL-005,1552,1895,40
2023-W43,PL-005,6844,1329,17
2023-W44,PL-005,4283,1707,57
2023-W45,PL-005,6872,2046,22
2023-W46,PL-005,1848,2004,54
2023-W47,PL-005,3707,1716,44
2023-W48,PL-005,6798,1613,55
2023-W49,PL-005,1624,1716,38
2023-W50,PL-005,3844,2029,9
2023-W51,PL-005,2831,2099,10
2023-W52,PL-005,3458,2140,34
2024-W01,PL-005,4464,1776,27
2024-W02,PL-005,7370,1175,33
2024-W03,PL-005,7584,1685,9
2024-W04,PL-005,4783,2050,32
2024-W05,PL-005,6298,1876,11
2024-W06,PL-005,4402,2085,20
2024-W07,PL-005,4263,1090,19
2024-W08,PL-005,6956,1272,11
2024-W09,PL-005,2173,2025,39
2024-W10,PL-005,6276,1089,33
2024-W11,PL-005,1716,1861,38
2024-W12,PL-005,3842,2176,33
2024-W13,PL-005,3543,1003,43
2024-W14,PL-005,4473,1437,40
2024-W15,PL-005,3678,2165,29
2024-W16,PL-005,3762,2071,18
2024-W17,PL-005,5370,1775,33
2024-W18,PL-005,6291,1598,33
2024-W19,PL-005,5893,1355,6
2024-W20,PL-005,6174,2121,57
2024-W21,PL-005,3652,1837,33
2024-W22,PL-005,5840,2180,23
2024-W23,PL-005,6357,2189,7
2024-W24,PL-005,4468,1050,15
2024-W25,PL-005,6390,1667,51
2024-W26,PL-005,6185,1886,10
2024-W27,PL-005,5173,1037,50
2024-W28,PL-005,2662,1103,58
2024-W29,PL-005,4505,1383,58
2024-W30,PL-005,4020,1187,58
2024-W31,PL-005,7031,1529,14
2024-W32,PL-005,1171,1285,23
2024-W33,PL-005,1582,1373,41
2020-W02,PL-006,4073,1203,10
2020-W03,PL-006,4895,1155,44
2020-W04,PL-006,6274,1581,26
2020-W05,PL-006,6275,1472,5
2020-W06,PL-006,1173,1983,60
2020-W07,PL-006,3590,1877,18
2020-W08,PL-006,2018,2045,48
2020-W09,PL-006,4391,1155,19
2020-W10,PL-006,2060,2079,19
2020-W11,PL-006,4459,1650,5
2020-W12,PL-006,7880,1967,22
2020-W13,PL-006,1054,1580,27
2020-W14,PL-006,2007,1218,10
2020-W15,PL-006,4105,1010,19
2020-W16,PL-006,6002,1534,35
2020-W17,PL-006,7560,2008,52
2020-W18,PL-006,4635,2033,47
2020-W19,PL-006,7408,1286,54
2020-W20,PL-006,5306,1573,42
2020-W21,PL-006,5061,1373,18
2020-W22,PL-006,6867,1715,43
2020-W23,PL-006,2559,2078,51
2020-W24,PL-006,4218,1986,21
2020-W25,PL-006,3298,2185,35
2020-W26,PL-006,2449,1848,26
2020-W27,PL-006,7325,1330,17
2020-W28,PL-006,6566,1893,25
2020-W29,PL-006,5627,1057,28
2020-W30,PL-006,3977,2122,6
2020-W31,PL-006,2173,1448,37
2020-W32,PL-006,3658,2015,42
2020-W33,PL-006,3282,1205,58
2020-W34,PL-006,2144,1795,59
2020-W35,PL-006,4625,1380,51
2020-W36,PL-006,4826,1047,36
2020-W37,PL-006,4689,1340,15
2020-W38,PL-006,7855,2024,13
2020-W39,PL-006,7795,1840,26
2020-W40,PL-006,1924,1880,40
2020-W41,PL-006,6959,1598,18
2020-W42,PL-006,5700,1266,5
2020-W43,PL-006,1070,1229,5
2020-W44,PL-006,7952,1875,6
2020-W45,PL-006,2356,1907,32
2020-W46,PL-006,4549,1539,48
2020-W47,PL-006,3165,1941,55
2020-W48,PL-006,3551,1886,20
2020-W49,PL-006,3915,1544,57
2020-W50,PL-006,6650,2076,29
2020-W51,PL-006,4301,1400,33
2020-W52,PL-006,4559,2102,20
2020-W53,PL-006,6995,1416,27
2021-W01,PL-006,7992,1593,6
2021-W02,PL-006,5185,1693,30
2021-W03,PL-006,1963,1609,39
2021-W04,PL-006,3585,1888,48
2021-W05,PL-006,5555,1269,14
2021-W06,PL-006,4626,1709,26
2021-W07,PL-006,3593,1383,44
2021-W08,PL-006,3145,1729,32
2021-W09,PL-006,6590,1195,40
2021-W10,PL-006,1734,1533,31
2021-W11,PL-006,2495,1938,25
2021-W12,PL-006,4198,1139,32
2021-W13,PL-006,6230,1462,58
2021-W14,PL-006,1930,1076,31
2021-W15,PL-006,1913,1701,30
2021-W16,PL-006,3305,1769,32
2021-W17,PL-006,4403,1709,34
2021-W18,PL-006,4990,1099,48
2021-W19,PL-006,5841,1911,28
2021-W20,PL-006,2594,1180,43
2021-W21,PL-006,2964,1365,50
2021-W22,PL-006,7954,1167,13
2021-W23,PL-006,4199,2135,25
2021-W24,PL-006,6738,2031,57
2021-W25,PL-006,3707,1371,37
2021-W26,PL-006,2687,2024,36
2021-W27,PL-006,4834,1183,38
2021-W28,PL-006,2836,1350,28
2021-W29,PL-006,4924,1130,11
2021-W30,PL-006,4341,1320,11
2021-W31,PL-006,6498,1971,9
2021-W32,PL-006,7659,2109,15
2021-W33,PL-006,6581,2090,12
2021-W34,PL-006,1850,1950,36
2021-W35,PL-006,1514,1876,47
2021-W36,PL-006,7755,1403,29
2021-W37,PL-006,3948,1230,15
2021-W38,PL-006,4953,1029,27
2021-W39,PL-006,6087,1998,49
2021-W40,PL-006,2286,1720,50
2021-W41,PL-006,5473,1928,12
2021-W42,PL-006,5226,1989,36
2021-W43,PL-006,2243,1126,17
2021-W44,PL-006,1809,1371,46
2021-W45,PL-006,3918,1021,19
2021-W46,PL-006,7008,1468,58
2021-W47,PL-006,3255,1963,22
2021-W48,PL-006,4804,2110,48
2021-W49,PL-006,5206,1039,59
2021-W50,PL-006,5818,2192,30
2021-W51,PL-006,2580,1106,44
2021-W52,PL-006,3996,1360,16
2022-W01,PL-006,1050,1497,57
2022-W02,PL-006,3195,1088,51
2022-W03,PL-006,4295,1355,10
2022-W04,PL-006,3124,1285,38
2022-W05,PL-006,6187,1688,56
2022-W06,PL-006,2776,1648,23
2022-W07,PL-006,2382,1823,13
2022-W08,PL-006,7653,1373,55
2022-W09,PL-006,6157,1961,29
2022-W10,PL-006,5593,1806,56
2022-W11,PL-006,3370,1599,6
2022-W12,PL-006,2388,1725,18
2022-W13,PL-006,4894,1972,10
2022-W14,PL-006,6312,2119,23
2022-W15,PL-006,5261,1966,22
2022-W16,PL-006,7248,2061,35
2022-W17,PL-006,6628,1681,51
2022-W18,PL-006,2051,2191,13
2022-W19,PL-006,7934,1277,33
2022-W20,PL-006,4705,1835,18
2022-W21,PL-006,3501,1126,31
2022-W22,PL-006,1724,1716,32
2022-W23,PL-006,7184,1234,9
2022-W24,PL-006,1003,1542,53
2022-W25,PL-006,2942,1484,19
2022-W26,PL-006,7172,1769,46
2022-W27,PL-006,3543,1424,57
2022-W28,PL-006,7874,2151,9
2022-W29,PL-006,1351,1322,30
2022-W30,PL-006,1154,1119,48
2022-W31,PL-006,5151,1813,55
2022-W32,PL-006,6336,1297,13
2022-W33,PL-006,3863,1480,25
2022-W34,PL-006,1942,1607,8
2022-W35,PL-006,6536,1303,35
2022-W36,PL-006,4508,1270,31
2022-W37,PL-006,3440,2044,48
2022-W38,PL-006,1859,2145,7
2022-W39,PL-006,6110,1158,29
2022-W40,PL-006,4024,1202,6
2022-W41,PL-006,4011,1025,29
2022-W42,PL-006,3356,1895,24
2022-W43,PL-006,6593,2153,15
2022-W44,PL-006,7297,1938,24
2022-W45,PL-006,7089,1442,28
2022-W46,PL-006,4387,2053,32
2022-W47,PL-006,7536,1528,13
2022-W48,PL-006,7303,1391,46
2022-W49,PL-006,7856,1087,13
2022-W50,PL-006,3904,1487,56
2022-W51,PL-006,2942,1739,54
2022-W52,PL-006,1449,1263,24
2023-W01,PL-006,4823,1247,31
2023-W02,PL-006,3569,1381,41
2023-W03,PL-006,6930,1596,42
2023-W04,PL-006,1217,1878,19
2023-W05,PL-006,4299,2013,22
2023-W06,PL-006,6650,1303,48
2023-W07,PL-006,2458,1337,57
2023-W08,PL-006,2384,1960,52
2023-W09,PL-006,5040,1977,26
2023-W10,PL-006,6462,1333,11
2023-W11,PL-006,2258,1554,55
2023-W12,PL-006,7898,2062,58
2023-W13,PL-006,4274,1498,39
2023-W14,PL-006,3369,1169,39
2023-W15,PL-006,4234,1313,22
2023-W16,PL-006,1180,1476,33
2023-W17,PL-006,7415,2103,13
2023-W18,PL-006,5843,1001,7
2023-W19,PL-006,6721,2127,25
2023-W20,PL-006,5821,1578,32
2023-W21,PL-006,2746,1331,20
2023-W22,PL-006,7885,2169,13
2023-W23,PL-006,2299,1320,48
2023-W24,PL-006,4715,1835,35
2023-W25,PL-006,1733,1668,11
2023-W26,PL-006,2336,2030,46
2023-W27,PL-006,4088,2111,33
2023-W28,PL-006,2460,1621,23
2023-W29,PL-006,7532,1219,20
2023-W30,PL-006,7345,1607,52
2023-W31,PL-006,5399,1367,7
2023-W32,PL-006,6880,1844,7
2023-W33,PL-006,1577,2152,45
2023-W34,PL-006,5538,1029,33
2023-W35,PL-006,5153,1012,58
2023-W36,PL-006,1076,1885,34
2023-W37,PL-006,3199,2093,12
2020-W02,PL-007,1088,1565,47
2020-W03,PL-007,4549,1386,12
2020-W04,PL-007,4838,1091,38
2020-W05,PL-007,6102,1874,33
2020-W06,PL-007,1164,1579,11
2020-W07,PL-007,7595,2140,32
2020-W08,PL-007,5856,2084,10
2020-W09,PL-007,1466,1799,14
2020-W10,PL-007,4243,1054,31
2020-W11,PL-007,2014,1148,10
2020-W12,PL-007,6496,2100,56
2020-W13,PL-007,5503,1282,52
2020-W14,PL-007,6890,1032,20
2020-W15,PL-007,4847,1180,59
2020-W16,PL-007,1584,1919,19
2020-W17,PL-007,5942,1375,57
2020-W18,PL-007,4680,1657,13
2020-W19,PL-007,6412,1235,42
2020-W20,PL-007,1074,1599,19
2020-W21,PL-007,7375,1779,15
2020-W22,PL-007,1432,1038,15
2020-W23,PL-007,6058,1203,10
2020-W24,PL-007,2463,1319,25
2020-W25,PL-007,6952,1281,36
2020-W26,PL-007,4435,1162,26
2020-W27,PL-007,3560,1571,58
2020-W28,PL-007,7150,1704,29
2020-W29,PL-007,7083,2074,23
2020-W30,PL-007,3913,1392,50
2020-W31,PL-007,5353,1086,18
2020-W32,PL-007,6843,1472,22
2020-W33,PL-007,7756,1841,45
2020-W34,PL-007,7872,2035,5
2020-W35,PL-007,6432,1454,43
2020-W36,PL-007,7012,1628,48
2020-W37,PL-007,5107,2022,23
2020-W38,PL-007,7942,1670,55
2020-W39,PL-007,4428,1118,19
2020-W40,PL-007,4508,2198,60
2020-W41,PL-007,4244,1533,12
2020-W42,PL-007,7272,2133,33
2020-W43,PL-007,5160,1871,46
2020-W44,PL-007,6244,2163,45
2020-W45,PL-007,2387,1216,41
2020-W46,PL-007,1251,1571,10
2020-W47,PL-007,7003,1247,12
2020-W48,PL-007,5601,2038,50
2020-W49,PL-007,5324,1507,56
2020-W50,PL-007,6101,1945,35
2020-W51,PL-007,7514,1093,56
2020-W52,PL-007,3279,1274,14
2020-W53,PL-007,4046,1782,28
2021-W01,PL-007,2244,1745,34
2021-W02,PL-007,5139,1204,19
2021-W03,PL-007,7571,1939,49
2021-W04,PL-007,1483,2167,48
2021-W05,PL-007,6413,1047,38
2021-W06,PL-007,4019,1225,37
2021-W07,PL-007,6271,1082,29
2021-W08,PL-007,6462,1280,24
2021-W09,PL-007,4775,1605,30
2021-W10,PL-007,1055,1913,27
2021-W11,PL-007,5970,1583,53
2021-W12,PL-007,2328,1368,22
2021-W13,PL-007,1424,2148,59
2021-W14,PL-007,3498,1321,17
2021-W15,PL-007,7721,1974,12
2021-W16,PL-007,3995,1177,18
2021-W17,PL-007,1447,1018,28
2021-W18,PL-007,5172,1324,57
2021-W19,PL-007,5348,1276,60
2021-W20,PL-007,6690,2090,7
2021-W21,PL-007,1774,1681,18
2021-W22,PL-007,3024,1439,9
2021-W23,PL-007,7947,1690,60
2021-W24,PL-007,3030,1873,37
2021-W25,PL-007,7801,1245,39
2021-W26,PL-007,2229,1101,15
2021-W27,PL-007,2579,1791,25
2021-W28,PL-007,4875,1055,20
2021-W29,PL-007,7645,1568,20
2021-W30,PL-007,1302,1423,42
2021-W31,PL-007,1376,1334,21
2021-W32,PL-007,4671,1574,49
2021-W33,PL-007,2469,1490,28
2021-W34,PL-007,7966,1656,38
2021-W35,PL-007,4756,1349,5
2021-W36,PL-007,3427,1571,47
2021-W37,PL-007,1076,2185,52
2021-W38,PL-007,4193,1304,39
2021-W39,PL-007,6882,2027,14
2021-W40,PL-007,1345,1007,12
2021-W41,PL-007,6051,2143,18
2021-W42,PL-007,3011,1743,42
2021-W43,PL-007,7943,1777,43
2021-W44,PL-007,3664,1516,35
2021-W45,PL-007,6086,1511,59
2021-W46,PL-007,1691,1169,26
2021-W47,PL-007,5216,1781,27
2021-W48,PL-007,1120,1973,41
2021-W49,PL-007,1368,1417,37
2021-W50,PL-007,4552,1207,6
2021-W51,PL-007,5420,1402,20
2021-W52,PL-007,7937,1477,20
2022-W01,PL-007,6046,2031,18
2022-W02,PL-007,1153,1121,37
2022-W03,PL-007,1253,1253,60
2022-W04,PL-007,4733,1089,49
2022-W05,PL-007,3815,1119,57
2022-W06,PL-007,7443,1755,25
2022-W07,PL-007,6398,1592,39
2022-W08,PL-007,4103,1381,23
2022-W09,PL-007,7246,2049,49
2022-W10,PL-007,6628,1541,16
2022-W11,PL-007,7258,1392,45
2022-W12,PL-007,6066,2037,53
2022-W13,PL-007,2814,2081,13
2022-W14,PL-007,3346,1889,18
2022-W15,PL-007,1798,1956,54
2022-W16,PL-007,2672,1558,15
2022-W17,PL-007,1036,1715,59
2022-W18,PL-007,7519,1683,53
2022-W19,PL-007,2896,2039,36
2022-W20,PL-007,1192,1094,58
2022-W21,PL-007,6876,1877,23
2022-W22,PL-007,4219,1643,20
2022-W23,PL-007,1922,1589,27
2022-W24,PL-007,5561,1602,60
2022-W25,PL-007,5571,1504,24
2022-W26,PL-007,5364,1841,28
2022-W27,PL-007,4183,1682,51
2022-W28,PL-007,3114,1931,24
2022-W29,PL-007,1619,1983,52
2022-W30,PL-007,7924,1459,53
2022-W31,PL-007,2851,1776,52
2022-W32,PL-007,1394,1203,29
2022-W33,PL-007,4246,1959,9
2022-W34,PL-007,5718,1716,39
2022-W35,PL-007,5782,2004,17
2022-W36,PL-007,5270,2130,55
2022-W37,PL-007,7174,1424,49
2022-W38,PL-007,4638,1313,35
2022-W39,PL-007,7381,1059,6
2022-W40,PL-007,7572,1991,35
2022-W41,PL-007,3196,1795,7
2022-W42,PL-007,3418,2127,43
2022-W43,PL-007,7876,2199,46
2022-W44,PL-007,2830,1290,34
2022-W45,PL-007,3439,1066,18
2022-W46,PL-007,2097,2188,35
2022-W47,PL-007,6936,1924,35
2022-W48,PL-007,7076,1838,60
2022-W49,PL-007,4338,1258,16
2022-W50,PL-007,3037,2188,19
2022-W51,PL-007,3468,2145,55
2022-W52,PL-007,7298,1644,60
2023-W01,PL-007,1200,2129,17
2023-W02,PL-007,3770,1587,36
2023-W03,PL-007,1676,1006,25
2023-W04,PL-007,1775,1727,44
2023-W05,PL-007,5377,1868,22
2023-W06,PL-007,6084,1490,21
2023-W07,PL-007,6592,1868,17
2023-W08,PL-007,6031,1230,9
2023-W09,PL-007,1228,1788,43
2023-W10,PL-007,5552,1378,50
2023-W11,PL-007,6967,1785,46
2023-W12,PL-007,3962,1863,51
2023-W13,PL-007,1718,1853,5
2023-W14,PL-007,4849,1699,41
2023-W15,PL-007,4636,1476,50
2023-W16,PL-007,2077,1417,6
2023-W17,PL-007,1464,1820,21
2023-W18,PL-007,4801,1159,50
2023-W19,PL-007,4896,1407,31
2023-W20,PL-007,1687,1626,25
2023-W21,PL-007,7451,1600,6
2023-W22,PL-007,2745,1254,52
2023-W23,PL-007,5636,1852,10
2023-W24,PL-007,5458,2066,49
2023-W25,PL-007,6303,2101,13
2023-W26,PL-007,5147,1561,27
2023-W27,PL-007,7442,2087,16
2023-W28,PL-007,1444,1410,41
2023-W29,PL-007,6903,1008,54
2023-W30,PL-007,4917,1240,20
2023-W31,PL-007,7764,1257,57
2023-W32,PL-007,4532,1659,59
2023-W33,PL-007,5424,1237,39
2023-W34,PL-007,1442,1716,5
2023-W35,PL-007,1552,1284,13
2023-W36,PL-007,2350,2113,36
2023-W37,PL-007,5536,1048,7
2023-W38,PL-007,5195,1930,33
2023-W39,PL-007,1556,1830,51
2023-W40,PL-007,1255,1360,45
2023-W41,PL-007,3741,1051,52
2023-W42,PL-007,3242,1562,22
2023-W43,PL-007,5529,1677,17
2023-W44,PL-007,4506,1764,53
2023-W45,PL-007,3330,1148,41
2023-W46,PL-007,2765,1880,46
2023-W47,PL-007,7605,1959,10
2023-W48,PL-007,6460,1592,52
2023-W49,PL-007,3759,1463,23
2023-W50,PL-007,1598,1039,25
2023-W51,PL-007,4602,1667,42
2023-W52,PL-007,4377,1263,55
2024-W01,PL-007,4828,2010,21
2024-W02,PL-007,2183,1461,8
2024-W03,PL-007,6949,1431,47
2024-W04,PL-007,2110,1508,48
2024-W05,PL-007,4058,1247,31
2024-W06,PL-007,3514,1590,60
2024-W07,PL-007,3469,1524,42
2024-W08,PL-007,2731,1329,60
2024-W09,PL-007,2859,1433,52
2024-W10,PL-007,6129,1664,29
2024-W11,PL-007,3287,1312,39
2024-W12,PL-007,4164,1216,8
2020-W02,PL-008,4553,1169,38
2020-W03,PL-008,2315,1606,23
2020-W04,PL-008,3277,1025,28
2020-W05,PL-008,5722,1304,59
2020-W06,PL-008,3776,1731,36
2020-W07,PL-008,4473,1519,7
2020-W08,PL-008,3543,1427,49
2020-W09,PL-008,6184,1741,30
2020-W10,PL-008,4585,1856,59
2020-W11,PL-008,5373,2152,40
2020-W12,PL-008,6571,1427,52
2020-W13,PL-008,2784,1577,18
2020-W14,PL-008,5847,2050,54
2020-W15,PL-008,2231,1397,50
2020-W16,PL-008,3126,1498,20
2020-W17,PL-008,2500,1531,36
2020-W18,PL-008,6518,1800,19
2020-W19,PL-008,3728,1857,28
2020-W20,PL-008,4854,1258,48
2020-W21,PL-008,2597,1526,10
2020-W22,PL-008,1448,1412,19
2020-W23,PL-008,1866,1325,36
2020-W24,PL-008,4888,1059,26
2020-W25,PL-008,1992,1325,22
2020-W26,PL-008,1606,1839,11
2020-W27,PL-008,2718,1079,23
2020-W28,PL-008,6476,1511,13
2020-W29,PL-008,6639,1947,12
2020-W30,PL-008,5293,1194,39
2020-W31,PL-008,3960,1352,40
2020-W32,PL-008,6042,1771,39
2020-W33,PL-008,4920,1486,11
2020-W34,PL-008,7493,1401,47
2020-W35,PL-008,2431,1774,12
2020-W36,PL-008,1698,1331,7
2020-W37,PL-008,2843,1663,17
2020-W38,PL-008,5339,1761,29
2020-W39,PL-008,4962,1284,9
2020-W40,PL-008,3818,1975,35
2020-W41,PL-008,1450,1773,15
2020-W42,PL-008,2522,2002,37
2020-W43,PL-008,6484,1394,60
2020-W44,PL-008,3427,1504,16
2020-W45,PL-008,6131,2128,28
2020-W46,PL-008,6775,1417,9
2020-W47,PL-008,2467,2181,28
2020-W48,PL-008,3050,1524,15
2020-W49,PL-008,7990,1721,38
2020-W50,PL-008,3591,1532,56
2020-W51,PL-008,3148,1531,45
2020-W52,PL-008,7123,1717,45
2020-W53,PL-008,5386,1912,41
2021-W01,PL-008,4777,1047,5
2021-W02,PL-008,1110,1511,10
2021-W03,PL-008,2758,1643,39
2021-W04,PL-008,2840,1581,42
2021-W05,PL-008,5696,1381,34
2021-W06,PL-008,1587,1562,25
2021-W07,PL-008,6709,2039,52
2021-W08,PL-008,4668,1459,34
2021-W09,PL-008,5584,1913,34
2021-W10,PL-008,3909,1171,49
2021-W11,PL-008,2610,1363,24
2021-W12,PL-008,1171,1283,17
2021-W13,PL-008,1883,1198,11
2021-W14,PL-008,4458,1995,42
2021-W15,PL-008,5330,1420,35
2021-W16,PL-008,7675,1652,60
2021-W17,PL-008,5975,1535,47
2021-W18,PL-008,7629,1816,17
2021-W19,PL-008,5204,1132,32
2021-W20,PL-008,6483,1438,19
2021-W21,PL-008,1796,2043,40
2021-W22,PL-008,5654,1782,29
2021-W23,PL-008,4907,1827,9
2021-W24,PL-008,7740,1382,37
2021-W25,PL-008,5477,2111,55
2021-W26,PL-008,1919,1029,57
2021-W27,PL-008,5448,2025,59
2021-W28,PL-008,7825,1020,13
2021-W29,PL-008,6756,1988,60
2021-W30,PL-008,7119,2143,7
2021-W31,PL-008,2369,1431,18
2021-W32,PL-008,4986,1933,50
2021-W33,PL-008,6781,1873,13
2021-W34,PL-008,4682,1749,25
2021-W35,PL-008,6353,1370,26
2021-W36,PL-008,3357,1792,45
2021-W37,PL-008,7927,1181,14
2021-W38,PL-008,2157,1880,24
2021-W39,PL-008,1712,1438,6
2021-W40,PL-008,6381,2063,15
2021-W41,PL-008,2059,2055,12
2021-W42,PL-008,7838,1230,53
2021-W43,PL-008,1374,1558,27
2021-W44,PL-008,5038,1114,10
2021-W45,PL-008,2164,2041,20
2021-W46,PL-008,1693,1679,43
2021-W47,PL-008,2909,1343,41
2021-W48,PL-008,5088,1000,59
2021-W49,PL-008,3088,1095,39
2021-W50,PL-008,7279,1541,30
2021-W51,PL-008,5796,1264,29
2021-W52,PL-008,5948,1915,18
2022-W01,PL-008,5676,2071,36
2022-W02,PL-008,1224,1443,16
2022-W03,PL-008,3409,1634,59
2022-W04,PL-008,3468,1525,20
2022-W05,PL-008,6557,1221,47
2022-W06,PL-008,2469,1353,49
2022-W07,PL-008,7814,1998,50
2022-W08,PL-008,2313,1107,57
2022-W09,PL-008,7823,1170,27
2022-W10,PL-008,2653,1832,11
2022-W11,PL-008,4550,1905,58
2022-W12,PL-008,1103,1562,15
2022-W13,PL-008,6966,1175,14
2022-W14,PL-008,2667,2085,26
2022-W15,PL-008,3225,1578,5
2022-W16,PL-008,5189,1125,23
2022-W17,PL-008,7041,2031,34
2022-W18,PL-008,7563,1291,25
2022-W19,PL-008,1289,1955,10
2022-W20,PL-008,4081,1440,17
2022-W21,PL-008,2467,1839,7
2022-W22,PL-008,6155,1042,56
2022-W23,PL-008,5629,2169,5
2022-W24,PL-008,1389,1346,46
2022-W25,PL-008,1314,1824,25
2022-W26,PL-008,6067,1385,28
2022-W27,PL-008,6365,1983,45
2022-W28,PL-008,1921,1289,40
2022-W29,PL-008,2961,1979,13
2022-W30,PL-008,5597,1606,10
2022-W31,PL-008,2404,1357,13
2022-W32,PL-008,2364,1039,18
2022-W33,PL-008,2602,1447,31
2022-W34,PL-008,1242,1664,50
2022-W35,PL-008,5645,2016,58
2022-W36,PL-008,3160,1448,5
2022-W37,PL-008,1114,1360,25
2022-W38,PL-008,3176,1701,14
2022-W39,PL-008,5859,1421,22
2022-W40,PL-008,2882,1411,39
2022-W41,PL-008,1194,1545,36
2022-W42,PL-008,1549,1057,31
2022-W43,PL-008,7551,2164,17
2022-W44,PL-008,4042,1529,18
2022-W45,PL-008,5570,1158,15
2022-W46,PL-008,4439,1623,23
2022-W47,PL-008,6910,1552,47
2022-W48,PL-008,4907,1766,43
2022-W49,PL-008,7654,1969,42
2022-W50,PL-008,2381,1554,42
2022-W51,PL-008,1290,1484,48
2022-W52,PL-008,3518,2098,27
2023-W01,PL-008,1072,1809,20
2023-W02,PL-008,3182,1683,33
2023-W03,PL-008,6339,1498,55
2023-W04,PL-008,4016,1279,19
2023-W05,PL-008,1117,2182,21
2023-W06,PL-008,7787,1389,52
2023-W07,PL-008,6945,1046,26
2023-W08,PL-008,2678,1895,8
2023-W09,PL-008,1283,1780,58
2023-W10,PL-008,5480,1971,57
2023-W11,PL-008,2106,1649,15
2023-W12,PL-008,2886,1964,48
2023-W13,PL-008,3221,1773,15
2023-W14,PL-008,4980,1578,47
2023-W15,PL-008,7661,1362,24
2023-W16,PL-008,7299,1518,29
2023-W17,PL-008,6145,1219,36
2023-W18,PL-008,6609,1205,30
2023-W19,PL-008,2457,1781,49
2023-W20,PL-008,4135,1587,22
2023-W21,PL-008,1212,1448,10
2023-W22,PL-008,7719,2178,42
2020-W02,PL-009,2994,1107,14
2020-W03,PL-009,2016,612,28
2020-W04,PL-009,6394,778,22
2020-W05,PL-009,3984,827,30
2020-W06,PL-009,4487,621,9
2020-W07,PL-009,6532,1298,13
2020-W08,PL-009,2902,1146,48
2020-W09,PL-009,2512,1228,48
2020-W10,PL-009,3152,1236,60
2020-W11,PL-009,8903,1358,48
2020-W12,PL-009,7305,659,30
2020-W13,PL-009,5569,606,47
2020-W14,PL-009,2287,1144,53
2020-W15,PL-009,8625,1147,6
2020-W16,PL-009,6011,854,8
2020-W17,PL-009,3744,1396,12
2020-W18,PL-009,9339,1026,24
2020-W19,PL-009,8188,1119,8
2020-W20,PL-009,6048,1282,5
2020-W21,PL-009,8282,980,26
2020-W22,PL-009,2738,762,55
2020-W23,PL-009,2918,706,20
2020-W24,PL-009,5106,870,37
2020-W25,PL-009,4623,706,56
2020-W26,PL-009,3401,910,24
2020-W27,PL-009,6246,1260,47
2020-W28,PL-009,3368,1048,50
2020-W29,PL-009,3269,1132,27
2020-W30,PL-009,8196,1072,56
2020-W31,PL-009,2264,739,20
2020-W32,PL-009,6939,1037,8
2020-W33,PL-009,5709,1110,26
2020-W34,PL-009,8652,703,35
2020-W35,PL-009,7578,947,30
2020-W36,PL-009,7322,1142,5
2020-W37,PL-009,4152,1389,34
2020-W38,PL-009,9085,977,57
2020-W39,PL-009,9688,1167,13
2020-W40,PL-009,6110,744,29
2020-W41,PL-009,5172,1364,54
2020-W42,PL-009,2138,817,30
2020-W43,PL-009,4404,1291,41
2020-W44,PL-009,2015,614,18
2020-W45,PL-009,2901,1060,57
2020-W46,PL-009,8414,731,48
2020-W47,PL-009,5306,1301,58
2020-W48,PL-009,8277,1163,12
2020-W49,PL-009,3955,1260,58
2020-W50,PL-009,9022,1290,6
2020-W51,PL-009,9838,1193,7
2020-W52,PL-009,9234,894,19
2020-W53,PL-009,9193,829,33
2021-W01,PL-009,2540,653,34
2021-W02,PL-009,8857,1042,54
2021-W03,PL-009,6999,1335,18
2021-W04,PL-009,6817,1226,37
2021-W05,PL-009,3177,637,49
2021-W06,PL-009,6386,655,22
2021-W07,PL-009,8255,1055,52
2021-W08,PL-009,2010,1134,20
2021-W09,PL-009,4612,1257,30
2021-W10,PL-009,6472,1178,40
2021-W11,PL-009,6111,1200,36
2021-W12,PL-009,5196,971,10
2021-W13,PL-009,3049,877,41
2021-W14,PL-009,7687,1273,57
2021-W15,PL-009,5579,1012,6
2021-W16,PL-009,6820,1150,42
2021-W17,PL-009,7160,963,36
2021-W18,PL-009,7285,1136,11
2021-W19,PL-009,6397,1289,17
2021-W20,PL-009,9474,1117,15
2021-W21,PL-009,8682,678,8
2021-W22,PL-009,9732,953,54
2021-W23,PL-009,2863,636,51
2021-W24,PL-009,2082,809,55
2021-W25,PL-009,5308,883,59
2021-W26,PL-009,2722,1200,10
2021-W27,PL-009,9208,891,16
2021-W28,PL-009,2115,1030,49
2021-W29,PL-009,9272,1242,56
2021-W30,PL-009,2898,1378,5
2021-W31,PL-009,2887,660,29
2021-W32,PL-009,3190,1184,48
2021-W33,PL-009,4286,1145,49
2021-W34,PL-009,2624,1219,39
2021-W35,PL-009,7141,673,40
2021-W36,PL-009,8363,1271,42
2021-W37,PL-009,8227,773,33
2021-W38,PL-009,6519,1376,59
2021-W39,PL-009,5848,1206,56
2021-W40,PL-009,4375,839,57
2021-W41,PL-009,5091,734,34
2021-W42,PL-009,6768,947,46
2021-W43,PL-009,6380,1063,26
2021-W44,PL-009,5451,763,23
2021-W45,PL-009,5977,1336,39
2021-W46,PL-009,7883,1163,47
2021-W47,PL-009,9044,951,43
2021-W48,PL-009,9105,1050,42
2021-W49,PL-009,5089,767,46
2021-W50,PL-009,6596,866,16
2021-W51,PL-009,5279,1179,15
2021-W52,PL-009,3006,914,40
2022-W01,PL-009,9300,1023,56
2022-W02,PL-009,4751,1021,11
2022-W03,PL-009,4880,815,23
2022-W04,PL-009,6318,688,22
2022-W05,PL-009,9815,1085,32
2022-W06,PL-009,9940,1148,51
2022-W07,PL-009,5452,830,8
2022-W08,PL-009,6136,1051,23
2022-W09,PL-009,3540,1307,8
2022-W10,PL-009,3435,764,29
2022-W11,PL-009,7909,959,43
2022-W12,PL-009,4558,1152,36
2022-W13,PL-009,2449,1276,45
2022-W14,PL-009,7776,1190,5
2022-W15,PL-009,9208,621,5
2022-W16,PL-009,6542,1100,54
2022-W17,PL-009,4681,914,48
2022-W18,PL-009,2465,1247,24
2022-W19,PL-009,5338,1388,60
2022-W20,PL-009,7220,836,36
2022-W21,PL-009,5162,1136,22
2022-W22,PL-009,4416,680,22
2022-W23,PL-009,8180,736,32
2022-W24,PL-009,7067,1067,21
2022-W25,PL-009,6623,853,52
2022-W26,PL-009,5072,677,53
2022-W27,PL-009,3193,1041,9
2022-W28,PL-009,4083,1206,42
2022-W29,PL-009,6113,1315,10
2022-W30,PL-009,3642,1261,26
2022-W31,PL-009,8830,1329,27
2022-W32,PL-009,9978,1273,5
2022-W33,PL-009,3306,1051,7
2022-W34,PL-009,7547,738,50
2022-W35,PL-009,9642,609,19
2022-W36,PL-009,7869,1146,38
2022-W37,PL-009,9353,1040,16
2022-W38,PL-009,7628,723,52
2022-W39,PL-009,2873,1222,9
2022-W40,PL-009,5658,1261,44
2022-W41,PL-009,5084,917,32
2022-W42,PL-009,7152,891,57
2022-W43,PL-009,9616,1219,25
2022-W44,PL-009,8231,855,56
2022-W45,PL-009,6426,816,9
2022-W46,PL-009,4402,780,10
2022-W47,PL-009,3302,949,33
2022-W48,PL-009,2144,944,12
2022-W49,PL-009,5071,1220,55
2022-W50,PL-009,5468,1383,36
2022-W51,PL-009,7794,800,57
2022-W52,PL-009,7106,995,37
2023-W01,PL-009,3134,1264,9
2023-W02,PL-009,5298,1082,50
2023-W03,PL-009,9553,1041,54
2023-W04,PL-009,9375,1009,21
2023-W05,PL-009,3432,905,60
2023-W06,PL-009,7275,1059,39
2023-W07,PL-009,6419,1045,42
2023-W08,PL-009,7116,1396,46
2023-W09,PL-009,4125,821,5
2020-W02,PL-010,9206,1377,40
2020-W03,PL-010,9596,723,44
2020-W04,PL-010,5748,769,45
2020-W05,PL-010,4149,983,27
2020-W06,PL-010,6368,711,36
2020-W07,PL-010,3197,1014,51
2020-W08,PL-010,4706,1124,49
2020-W09,PL-010,9415,1162,33
2020-W10,PL-010,7139,833,52
2020-W11,PL-010,5438,624,54
2020-W12,PL-010,9958,612,5
2020-W13,PL-010,2261,1255,52
2020-W14,PL-010,2724,1234,25
2020-W15,PL-010,3645,656,20
2020-W16,PL-010,5911,1189,52
2020-W17,PL-010,9996,893,18
2020-W18,PL-010,4586,1129,15
2020-W19,PL-010,6038,948,11
2020-W20,PL-010,9110,958,29
2020-W21,PL-010,9984,691,50
2020-W22,PL-010,2130,742,41
2020-W23,PL-010,8441,1319,53
2020-W24,PL-010,8124,706,20
2020-W25,PL-010,7880,759,53
2020-W26,PL-010,8056,799,33
2020-W27,PL-010,2462,958,38
2020-W28,PL-010,9335,1288,40
2020-W29,PL-010,2715,649,48
2020-W30,PL-010,2992,841,32
2020-W31,PL-010,4829,1302,17
2020-W32,PL-010,5727,837,21
2020-W33,PL-010,9364,1110,58
2020-W34,PL-010,7616,1161,25
2020-W35,PL-010,3521,911,47
2020-W36,PL-010,6233,672,48
2020-W37,PL-010,6842,1227,53
2020-W38,PL-010,3355,1308,30
2020-W39,PL-010,6710,1264,44
2020-W40,PL-010,2248,685,17
2020-W41,PL-010,3467,1358,56
2020-W42,PL-010,2549,808,43
2020-W43,PL-010,6330,1275,35
2020-W44,PL-010,3186,1157,59
2020-W45,PL-010,7627,1367,5
2020-W46,PL-010,8867,805,19
2020-W47,PL-010,7359,1022,19
2020-W48,PL-010,9134,646,5
2020-W49,PL-010,7960,939,23
2020-W50,PL-010,5804,1344,44
2020-W51,PL-010,4877,1327,21
2020-W52,PL-010,8237,1010,21
2020-W53,PL-010,7622,809,55
2021-W01,PL-010,5417,1132,20
2021-W02,PL-010,9745,884,14
2021-W03,PL-010,2505,1063,49
2021-W04,PL-010,2243,1229,18
2021-W05,PL-010,2549,968,50
2021-W06,PL-010,4094,1282,43
2021-W07,PL-010,8865,885,34
2021-W08,PL-010,8331,1030,25
2021-W09,PL-010,9342,1250,55
2021-W10,PL-010,6232,1019,40
2021-W11,PL-010,9153,1185,40
2021-W12,PL-010,2916,1379,58
2021-W13,PL-010,7692,893,34
2021-W14,PL-010,9791,1243,48
2021-W15,PL-010,8761,1355,52
2021-W16,PL-010,3968,1253,55
2021-W17,PL-010,5368,994,23
2021-W18,PL-010,2458,863,46
2021-W19,PL-010,8461,952,26
2021-W20,PL-010,9224,849,9
2021-W21,PL-010,6901,610,31
2021-W22,PL-010,5104,936,56
2021-W23,PL-010,2913,1173,5
2021-W24,PL-010,8416,936,36
2021-W25,PL-010,7068,1056,31
2021-W26,PL-010,8622,854,17
2021-W27,PL-010,3113,1129,51
2021-W28,PL-010,5170,1230,13
2021-W29,PL-010,8783,813,55
2021-W30,PL-010,4839,722,31
2021-W31,PL-010,2818,680,11
2021-W32,PL-010,2188,1336,45
2021-W33,PL-010,5013,903,29
2021-W34,PL-010,7167,752,20
2021-W35,PL-010,9703,1064,29
2021-W36,PL-010,3867,640,49
2021-W37,PL-010,9015,703,59
2021-W38,PL-010,7848,1240,13
2021-W39,PL-010,4042,939,43
2021-W40,PL-010,9363,940,38
2021-W41,PL-010,6139,715,35
2021-W42,PL-010,2714,1110,48
2021-W43,PL-010,3908,772,43
2021-W44,PL-010,2019,647,53
2021-W45,PL-010,5303,1175,29
2021-W46,PL-010,7386,788,20
2021-W47,PL-010,6918,1220,48
2021-W48,PL-010,8986,1162,51
2021-W49,PL-010,8574,1137,35
2021-W50,PL-010,6390,1116,14
2021-W51,PL-010,6065,1284,47
2021-W52,PL-010,6417,1037,57
2022-W01,PL-010,8610,919,13
2022-W02,PL-010,9483,1121,9
2022-W03,PL-010,5261,1249,31
2022-W04,PL-010,4928,822,7
2022-W05,PL-010,7721,1347,44
2022-W06,PL-010,3879,1034,22
2022-W07,PL-010,4237,1191,6
2022-W08,PL-010,3738,993,26
2022-W09,PL-010,4275,897,5
2022-W10,PL-010,9425,1340,55
2022-W11,PL-010,6253,1284,46
2022-W12,PL-010,2005,1112,54
2022-W13,PL-010,7595,726,25
2022-W14,PL-010,3777,956,56
2022-W15,PL-010,8249,1147,31
2022-W16,PL-010,4243,1199,9
2022-W17,PL-010,8181,935,29
2022-W18,PL-010,4648,1240,37
2022-W19,PL-010,7841,1280,44
2022-W20,PL-010,4973,769,32
2022-W21,PL-010,3800,1232,5
2022-W22,PL-010,9251,1267,5
2022-W23,PL-010,8841,1032,5
2022-W24,PL-010,8241,938,31
2022-W25,PL-010,2524,1034,6
2022-W26,PL-010,8340,771,33
2022-W27,PL-010,3596,993,13
2022-W28,PL-010,7519,1127,18
2022-W29,PL-010,2703,1045,51
2022-W30,PL-010,3162,736,35
2022-W31,PL-010,3713,904,56
2022-W32,PL-010,6519,1291,9
2022-W33,PL-010,7650,1360,12
2022-W34,PL-010,8990,678,41
2022-W35,PL-010,2738,845,56
2022-W36,PL-010,7002,778,25
2022-W37,PL-010,8123,628,16
2022-W38,PL-010,3742,834,37
2022-W39,PL-010,2927,1384,56
2022-W40,PL-010,7434,1126,38
2022-W41,PL-010,9545,1368,42
2022-W42,PL-010,3194,675,33
2022-W43,PL-010,8491,892,7
2022-W44,PL-010,3138,1104,40
2022-W45,PL-010,7780,1377,48
2022-W46,PL-010,2395,975,19
2022-W47,PL-010,6726,931,18
2022-W48,PL-010,3083,1099,21
2022-W49,PL-010,5236,1049,41
2022-W50,PL-010,6799,1375,54
2022-W51,PL-010,5772,879,49
2022-W52,PL-010,2427,1161,58
2023-W01,PL-010,3979,809,57
2023-W02,PL-010,5894,1115,10
2023-W03,PL-010,5717,1065,59
2023-W04,PL-010,9610,1319,60
2023-W05,PL-010,9175,875,25
2023-W06,PL-010,5387,617,23
2023-W07,PL-010,4993,1169,5
2023-W08,PL-010,2466,1307,47
2023-W09,PL-010,9495,602,57
2023-W10,PL-010,3880,797,14
2023-W11,PL-010,2605,1159,39
2023-W12,PL-010,6614,749,17
2023-W13,PL-010,9350,836,24
2023-W14,PL-010,4935,830,22
2023-W15,PL-010,9803,1012,51
2023-W16,PL-010,2452,658,39
2023-W17,PL-010,8595,862,36
2020-W02,PL-011,15452,713,22
2020-W03,PL-011,9031,454,36
2020-W04,PL-011,17580,843,20
2020-W05,PL-011,16322,434,7
2020-W06,PL-011,8504,401,59
2020-W07,PL-011,11547,776,41
2020-W08,PL-011,17897,867,32
2020-W09,PL-011,5175,658,13
2020-W10,PL-011,16259,665,31
2020-W11,PL-011,16195,648,58
2020-W12,PL-011,10167,496,58
2020-W13,PL-011,9130,765,10
2020-W14,PL-011,18849,459,36
2020-W15,PL-011,12099,443,41
2020-W16,PL-011,15493,430,25
2020-W17,PL-011,10282,720,43
2020-W18,PL-011,10394,575,36
2020-W19,PL-011,10986,899,31
2020-W20,PL-011,11506,449,33
2020-W21,PL-011,16400,686,22
2020-W22,PL-011,18310,618,43
2020-W23,PL-011,19641,842,8
2020-W24,PL-011,14337,838,39
2020-W25,PL-011,6724,500,8
2020-W26,PL-011,8752,673,43
2020-W27,PL-011,7584,575,25
2020-W28,PL-011,9657,502,44
2020-W29,PL-011,19397,508,24
2020-W30,PL-011,12648,568,6
2020-W31,PL-011,17062,570,14
2020-W32,PL-011,16519,715,6
2020-W33,PL-011,10848,438,44
2020-W34,PL-011,19142,418,39
2020-W35,PL-011,12996,850,5
2020-W36,PL-011,5906,820,18
2020-W37,PL-011,18912,681,27
2020-W38,PL-011,9041,883,30
2020-W39,PL-011,5317,402,13
2020-W40,PL-011,9415,590,33
2020-W41,PL-011,19249,715,32
2020-W42,PL-011,14010,505,10
2020-W43,PL-011,15557,580,48
2020-W44,PL-011,11961,645,23
2020-W45,PL-011,7056,533,47
2020-W46,PL-011,15350,712,38
2020-W47,PL-011,9463,703,8
2020-W48,PL-011,10529,495,9
2020-W49,PL-011,14236,523,40
2020-W50,PL-011,7579,873,26
2020-W51,PL-011,6596,822,55
2020-W52,PL-011,14675,812,19
2020-W53,PL-011,17063,504,51
2021-W01,PL-011,10471,815,32
2021-W02,PL-011,18970,599,47
2021-W03,PL-011,8664,866,8
2021-W04,PL-011,9283,580,57
2021-W05,PL-011,8034,675,49
2021-W06,PL-011,16117,539,57
2021-W07,PL-011,10607,694,48
2021-W08,PL-011,13178,463,34
2021-W09,PL-011,10448,748,30
2021-W10,PL-011,18720,653,45
2021-W11,PL-011,16108,675,25
2021-W12,PL-011,8608,645,60
2021-W13,PL-011,11774,824,50
2021-W14,PL-011,19031,724,11
2021-W15,PL-011,17893,795,27
2021-W16,PL-011,8876,814,19
2021-W17,PL-011,7170,627,35
2021-W18,PL-011,5962,882,21
2021-W19,PL-011,7452,817,42
2021-W20,PL-011,10344,718,36
2021-W21,PL-011,14307,767,22
2021-W22,PL-011,18454,493,54
2021-W23,PL-011,18490,550,49
2021-W24,PL-011,12488,725,25
2021-W25,PL-011,5794,695,39
2021-W26,PL-011,19703,605,58
2021-W27,PL-011,6914,758,14
2021-W28,PL-011,9877,684,7
2021-W29,PL-011,6469,473,19
2021-W30,PL-011,8593,529,39
2021-W31,PL-011,17388,614,31
2021-W32,PL-011,15620,420,56
2021-W33,PL-011,9491,498,41
2021-W34,PL-011,17681,705,54
2021-W35,PL-011,18723,676,59
2021-W36,PL-011,19558,513,58
2021-W37,PL-011,16348,794,26
2021-W38,PL-011,12990,589,29
2021-W39,PL-011,17171,889,56
2021-W40,PL-011,17569,404,43
2021-W41,PL-011,5432,494,9
2021-W42,PL-011,17322,566,22
2021-W43,PL-011,6649,703,12
2021-W44,PL-011,10798,625,32
2021-W45,PL-011,8525,477,17
2021-W46,PL-011,13687,585,9
2021-W47,PL-011,19167,819,14
2021-W48,PL-011,18087,880,38
2021-W49,PL-011,18142,871,53
2021-W50,PL-011,15583,614,17
2021-W51,PL-011,15968,656,55
2021-W52,PL-011,5154,753,24
2022-W01,PL-011,14606,425,11
2022-W02,PL-011,11651,712,59
2022-W03,PL-011,10820,799,60
2022-W04,PL-011,11884,457,45
2022-W05,PL-011,6339,526,53
2022-W06,PL-011,14208,637,42
2022-W07,PL-011,18515,446,51
2022-W08,PL-011,8051,739,27
2022-W09,PL-011,17724,517,21
2022-W10,PL-011,12096,894,47
2022-W11,PL-011,9793,658,40
2022-W12,PL-011,10912,654,9
2022-W13,PL-011,8776,466,26
2022-W14,PL-011,15985,665,11
2022-W15,PL-011,10719,667,42
2022-W16,PL-011,11840,706,6
2022-W17,PL-011,14913,528,19
2022-W18,PL-011,13001,472,21
2022-W19,PL-011,10966,588,12
2022-W20,PL-011,13765,743,34
2022-W21,PL-011,9709,661,36
2022-W22,PL-011,16998,645,30
2022-W23,PL-011,9680,460,58
2022-W24,PL-011,12886,781,37
2022-W25,PL-011,12214,703,5
2022-W26,PL-011,5022,651,45
2022-W27,PL-011,6408,884,45
2022-W28,PL-011,6158,660,25
2022-W29,PL-011,7205,701,26
2022-W30,PL-011,6670,648,47
2022-W31,PL-011,16897,511,10
2022-W32,PL-011,5630,445,27
2022-W33,PL-011,15364,406,15
2022-W34,PL-011,6207,713,20
2022-W35,PL-011,9390,495,12
2022-W36,PL-011,16108,649,60
2022-W37,PL-011,9441,836,58
2022-W38,PL-011,9237,859,54
2022-W39,PL-011,7243,862,50
2022-W40,PL-011,16374,840,41
2022-W41,PL-011,9683,470,47
2022-W42,PL-011,16138,812,39
2022-W43,PL-011,11561,414,56
2022-W44,PL-011,15864,549,46
2022-W45,PL-011,10301,479,16
2022-W46,PL-011,15472,750,37
2022-W47,PL-011,5989,872,9
2022-W48,PL-011,14612,894,28
2022-W49,PL-011,6700,760,52
2022-W50,PL-011,11185,840,9
2022-W51,PL-011,14371,644,8
2022-W52,PL-011,17024,629,50
2023-W01,PL-011,11075,670,15
2023-W02,PL-011,8929,893,6
2023-W03,PL-011,6675,571,45
2023-W04,PL-011,5283,882,37
2023-W05,PL-011,17746,879,40
2023-W06,PL-011,8003,441,10
2023-W07,PL-011,7605,889,36
2023-W08,PL-011,16952,503,41
2023-W09,PL-011,14151,555,36
2023-W10,PL-011,11588,602,52
2023-W11,PL-011,12590,698,25
2023-W12,PL-011,6582,570,49
2023-W13,PL-011,10056,487,51
2023-W14,PL-011,8125,733,51
2023-W15,PL-011,11454,707,25
2023-W16,PL-011,7925,651,28
2023-W17,PL-011,18001,463,28
2023-W18,PL-011,9036,476,26
2023-W19,PL-011,10804,833,54
2023-W20,PL-011,18546,535,14
2023-W21,PL-011,10108,717,11
2023-W22,PL-011,11007,519,27
2023-W23,PL-011,19544,635,8
2023-W24,PL-011,12258,777,7
2020-W02,PL-012,17405,479,24
2020-W03,PL-012,7619,834,58
2020-W04,PL-012,5229,405,5
2020-W05,PL-012,7108,889,18
2020-W06,PL-012,8068,808,48
2020-W07,PL-012,17198,822,60
2020-W08,PL-012,15599,841,31
2020-W09,PL-012,6619,481,42
2020-W10,PL-012,15927,591,41
2020-W11,PL-012,5005,742,9
2020-W12,PL-012,19979,632,7
2020-W13,PL-012,11301,613,56
2020-W14,PL-012,6926,846,55
2020-W15,PL-012,8779,443,60
2020-W16,PL-012,17999,617,59
2020-W17,PL-012,6104,860,16
2020-W18,PL-012,19024,705,27
2020-W19,PL-012,17892,645,19
2020-W20,PL-012,13699,782,12
2020-W21,PL-012,5197,883,23
2020-W22,PL-012,14052,798,18
2020-W23,PL-012,10796,499,25
2020-W24,PL-012,19079,636,42
2020-W25,PL-012,17735,504,53
2020-W26,PL-012,18850,490,5
2020-W27,PL-012,6409,444,36
2020-W28,PL-012,10482,475,36
2020-W29,PL-012,17241,603,45
2020-W30,PL-012,10474,781,21
2020-W31,PL-012,18220,896,23
2020-W32,PL-012,12592,873,43
2020-W33,PL-012,8533,518,9
2020-W34,PL-012,14401,726,35
2020-W35,PL-012,8176,854,54
2020-W36,PL-012,15757,442,39
2020-W37,PL-012,7916,585,33
2020-W38,PL-012,5339,539,59
2020-W39,PL-012,17104,488,22
2020-W40,PL-012,18399,479,32
2020-W41,PL-012,5290,726,16
2020-W42,PL-012,19741,586,38
2020-W43,PL-012,13533,649,47
2020-W44,PL-012,18345,637,50
2020-W45,PL-012,9613,447,50
2020-W46,PL-012,18718,874,20
2020-W47,PL-012,15386,744,14
2020-W48,PL-012,18924,509,21
2020-W49,PL-012,10611,694,31
2020-W50,PL-012,7612,610,36
2020-W51,PL-012,18969,875,54
2020-W52,PL-012,5585,852,26
2020-W53,PL-012,8155,800,18
2021-W01,PL-012,12358,759,48
2021-W02,PL-012,19281,587,18
2021-W03,PL-012,9404,700,6
2021-W04,PL-012,17909,474,49
2021-W05,PL-012,14188,485,12
2021-W06,PL-012,6346,863,18
2021-W07,PL-012,14340,693,57
2021-W08,PL-012,6553,829,50
2021-W09,PL-012,19194,723,12
2021-W10,PL-012,16059,800,24
2021-W11,PL-012,15113,451,36
2021-W12,PL-012,7316,862,34
2021-W13,PL-012,10167,799,22
2021-W14,PL-012,16814,663,25
2021-W15,PL-012,12340,663,25
2021-W16,PL-012,16958,565,11
2021-W17,PL-012,13418,899,31
2021-W18,PL-012,9955,545,49
2021-W19,PL-012,9237,567,50
2021-W20,PL-012,14838,506,50
2021-W21,PL-012,19606,793,48
2021-W22,PL-012,14572,550,26
2021-W23,PL-012,7619,553,59
2021-W24,PL-012,13178,556,10
2021-W25,PL-012,18157,465,49
2021-W26,PL-012,7634,753,47
2021-W27,PL-012,6145,499,46
2021-W28,PL-012,5698,597,15
2021-W29,PL-012,9837,750,60
2021-W30,PL-012,15753,430,18
2021-W31,PL-012,6509,443,39
2021-W32,PL-012,9418,671,36
2021-W33,PL-012,8881,464,23
2021-W34,PL-012,15397,490,38
2021-W35,PL-012,9088,453,27
2021-W36,PL-012,12001,589,33
2021-W37,PL-012,12289,438,10
2021-W38,PL-012,12706,673,14
2021-W39,PL-012,14469,400,31
2021-W40,PL-012,15714,654,17
2021-W41,PL-012,7323,686,57
2021-W42,PL-012,17092,457,28
2021-W43,PL-012,16843,721,45
2021-W44,PL-012,9735,703,54
2021-W45,PL-012,12432,453,6
2021-W46,PL-012,9348,838,28
2021-W47,PL-012,15239,628,9
2021-W48,PL-012,11061,746,8
2021-W49,PL-012,11419,701,18
2021-W50,PL-012,19949,728,7
2021-W51,PL-012,15977,847,28
2021-W52,PL-012,10786,505,48
2022-W01,PL-012,13713,573,20
2022-W02,PL-012,18418,826,46
2022-W03,PL-012,15984,840,6
2022-W04,PL-012,8700,461,42
2022-W05,PL-012,14607,620,22
2022-W06,PL-012,5292,508,14
2022-W07,PL-012,17171,696,40
2022-W08,PL-012,16510,756,10
2022-W09,PL-012,19729,870,29
2022-W10,PL-012,8546,544,23
2022-W11,PL-012,15799,605,53
2022-W12,PL-012,16910,753,39
2022-W13,PL-012,19730,791,35
2022-W14,PL-012,14512,875,17
2022-W15,PL-012,12097,750,44
2022-W16,PL-012,6820,844,60
2022-W17,PL-012,14734,721,6
2022-W18,PL-012,17923,701,5
2022-W19,PL-012,9076,838,41
2022-W20,PL-012,16315,750,55
2022-W21,PL-012,9489,884,8
2022-W22,PL-012,12852,621,47
2022-W23,PL-012,16664,644,55
2022-W24,PL-012,5659,536,56
2022-W25,PL-012,12727,849,16
2022-W26,PL-012,12666,416,14
2022-W27,PL-012,6091,881,57
2022-W28,PL-012,7985,782,48
2022-W29,PL-012,7351,562,53
2022-W30,PL-012,13484,559,19
2022-W31,PL-012,17365,834,45
2022-W32,PL-012,11559,452,34
2022-W33,PL-012,14266,627,45
2022-W34,PL-012,16600,620,49
2022-W35,PL-012,19153,805,47
2022-W36,PL-012,15118,731,12
2022-W37,PL-012,6978,511,12
2022-W38,PL-012,6233,885,55
2022-W39,PL-012,12331,805,60
2022-W40,PL-012,13572,444,54
2022-W41,PL-012,12486,556,60
2022-W42,PL-012,14609,715,54
2022-W43,PL-012,17991,846,15
2022-W44,PL-012,12604,650,40
2022-W45,PL-012,6200,445,43
2022-W46,PL-012,8255,449,26
2022-W47,PL-012,14559,430,21
2022-W48,PL-012,10739,796,39
2022-W49,PL-012,14807,667,56
2022-W50,PL-012,11019,872,55
2022-W51,PL-012,15112,766,24
2022-W52,PL-012,19318,691,49
2023-W01,PL-012,8853,767,40
2023-W02,PL-012,13461,794,19
2023-W03,PL-012,7594,689,59
2023-W04,PL-012,11153,719,37
2020-W02,PL-013,1830,2576,43
2020-W03,PL-013,1161,2116,60
2020-W04,PL-013,2299,2023,19
2020-W05,PL-013,651,2426,11
2020-W06,PL-013,2376,3310,27
2020-W07,PL-013,1895,3220,58
2020-W08,PL-013,746,3437,42
2020-W09,PL-013,2769,3231,29
2020-W10,PL-013,1587,2855,16
2020-W11,PL-013,2077,2339,50
2020-W12,PL-013,1763,3630,49
2020-W13,PL-013,1613,3405,9
2020-W14,PL-013,2389,3215,47
2020-W15,PL-013,719,3169,46
2020-W16,PL-013,930,2373,8
2020-W17,PL-013,2754,2980,44
2020-W18,PL-013,1870,3183,55
2020-W19,PL-013,2048,2774,9
2020-W20,PL-013,2308,2104,13
2020-W21,PL-013,1224,3902,11
2020-W22,PL-013,818,2789,5
2020-W23,PL-013,1171,2829,26
2020-W24,PL-013,2599,3486,26
2020-W25,PL-013,2097,2922,36
2020-W26,PL-013,1506,3823,46
2020-W27,PL-013,2003,2777,5
2020-W28,PL-013,805,2854,23
2020-W29,PL-013,2728,2539,58
2020-W30,PL-013,2555,2965,23
2020-W31,PL-013,1998,3957,32
2020-W32,PL-013,1698,2999,39
2020-W33,PL-013,1024,3360,6
2020-W34,PL-013,2039,3649,56
2020-W35,PL-013,1418,2691,16
2020-W36,PL-013,2876,3834,56
2020-W37,PL-013,2560,3931,42
2020-W38,PL-013,2682,2838,43
2020-W39,PL-013,2357,2098,12
2020-W40,PL-013,1203,2802,43
2020-W41,PL-013,1903,3187,10
2020-W42,PL-013,1025,3719,34
2020-W43,PL-013,2053,3796,59
2020-W44,PL-013,1211,2553,26
2020-W45,PL-013,2251,2411,55
2020-W46,PL-013,671,2306,24
2020-W47,PL-013,2719,2638,47
2020-W48,PL-013,1086,3005,39
2020-W49,PL-013,1314,2316,22
2020-W50,PL-013,2143,2271,22
2020-W51,PL-013,1973,2910,27
2020-W52,PL-013,1876,2556,54
2020-W53,PL-013,1545,2528,52
2021-W01,PL-013,2872,2461,51
2021-W02,PL-013,2250,3268,18
2021-W03,PL-013,1314,2357,38
2021-W04,PL-013,1988,3388,32
2021-W05,PL-013,1493,3580,39
2021-W06,PL-013,2821,2292,39
2021-W07,PL-013,2149,2716,33
2021-W08,PL-013,634,2858,32
2021-W09,PL-013,1242,3099,40
2021-W10,PL-013,1832,3422,37
2021-W11,PL-013,1987,3579,19
2021-W12,PL-013,1727,3431,49
2021-W13,PL-013,1377,3135,60
2021-W14,PL-013,545,2275,54
2021-W15,PL-013,1396,2600,60
2021-W16,PL-013,540,2339,57
2021-W17,PL-013,2221,2879,40
2021-W18,PL-013,1850,2162,10
2021-W19,PL-013,810,3047,6
2021-W20,PL-013,2321,3430,17
2021-W21,PL-013,723,3325,13
2021-W22,PL-013,844,3952,51
2021-W23,PL-013,1478,2929,60
2021-W24,PL-013,2491,2941,10
2021-W25,PL-013,2225,3783,14
2021-W26,PL-013,2591,2115,32
2021-W27,PL-013,1392,3129,12
2021-W28,PL-013,1995,3243,41
2021-W29,PL-013,2811,3187,32
2021-W30,PL-013,667,3631,40
2021-W31,PL-013,1883,3212,5
2021-W32,PL-013,2959,3304,51
2021-W33,PL-013,2311,3084,14
2021-W34,PL-013,2020,3484,15
2021-W35,PL-013,2795,2358,58
2021-W36,PL-013,695,3288,32
2021-W37,PL-013,1366,2847,52
2021-W38,PL-013,2688,3831,56
2021-W39,PL-013,1616,3310,58
2021-W40,PL-013,2533,2075,9
2021-W41,PL-013,1661,2231,31
2021-W42,PL-013,2902,2514,56
2021-W43,PL-013,2843,2579,38
2021-W44,PL-013,1241,3641,45
2021-W45,PL-013,1486,3158,18
2021-W46,PL-013,1011,3885,55
2021-W47,PL-013,989,2484,20
2021-W48,PL-013,2013,3568,40
2021-W49,PL-013,2894,3101,48
2021-W50,PL-013,2763,2611,47
2021-W51,PL-013,2840,2375,21
2021-W52,PL-013,2234,3000,44
2022-W01,PL-013,2308,3851,9
2022-W02,PL-013,951,2790,39
2022-W03,PL-013,2280,3995,41
2022-W04,PL-013,1447,2861,44
2022-W05,PL-013,1790,3861,26
2022-W06,PL-013,2580,2848,24
2022-W07,PL-013,602,3413,36
2022-W08,PL-013,2335,3783,14
2022-W09,PL-013,2688,2464,8
2022-W10,PL-013,635,3317,39
2022-W11,PL-013,2970,2319,56
2022-W12,PL-013,1711,2414,31
2022-W13,PL-013,2082,2502,14
2022-W14,PL-013,2755,3364,50
2022-W15,PL-013,2526,2657,59
2022-W16,PL-013,928,2113,26
2022-W17,PL-013,1585,3431,9
2022-W18,PL-013,1769,2927,30
2022-W19,PL-013,2706,3142,46
2022-W20,PL-013,1545,3171,29
2022-W21,PL-013,2610,3327,41
2022-W22,PL-013,2129,3406,5
2022-W23,PL-013,1930,3297,5
2022-W24,PL-013,2600,2271,29
2022-W25,PL-013,646,2358,58
2022-W26,PL-013,2278,3541,60
2022-W27,PL-013,1240,3568,5
2022-W28,PL-013,1769,3337,20
2022-W29,PL-013,1860,2888,33
2022-W30,PL-013,2642,2958,44
2022-W31,PL-013,1910,2682,6
2022-W32,PL-013,1915,3122,59
2022-W33,PL-013,663,2916,8
2022-W34,PL-013,2615,3677,25
2022-W35,PL-013,2446,3979,18
2022-W36,PL-013,1798,2738,6
2022-W37,PL-013,515,3471,55
2022-W38,PL-013,2316,2727,57
2022-W39,PL-013,2582,3217,51
2022-W40,PL-013,762,3175,29
2022-W41,PL-013,946,3348,46
2022-W42,PL-013,2822,2147,60
2022-W43,PL-013,2002,3493,6
2022-W44,PL-013,2345,3468,6
2022-W45,PL-013,2201,2661,59
2022-W46,PL-013,615,3069,16
2022-W47,PL-013,2901,2356,52
2022-W48,PL-013,884,3241,13
2022-W49,PL-013,2871,2834,18
2022-W50,PL-013,2478,2529,26
2022-W51,PL-013,1125,3082,15
2022-W52,PL-013,1655,3374,29
2023-W01,PL-013,774,3026,18
2023-W02,PL-013,775,2018,25
2023-W03,PL-013,1415,2276,31
2023-W04,PL-013,985,3525,46
2023-W05,PL-013,1749,2470,41
2023-W06,PL-013,2122,3033,25
2023-W07,PL-013,731,2233,41
2023-W08,PL-013,1707,3779,60
2023-W09,PL-013,1457,2590,8
2023-W10,PL-013,1806,3090,37
2023-W11,PL-013,1950,2275,30
2023-W12,PL-013,937,2814,5
2023-W13,PL-013,536,2513,8
2023-W14,PL-013,555,3426,6
2023-W15,PL-013,2112,3018,38
2023-W16,PL-013,1061,2702,8
2023-W17,PL-013,1669,3187,5
2023-W18,PL-013,2542,3410,30
2023-W19,PL-013,2508,3236,54
2023-W20,PL-013,1996,2076,41
2023-W21,PL-013,2908,3696,14
2023-W22,PL-013,2103,2284,20
2023-W23,PL-013,2239,3830,43
2023-W24,PL-013,763,2956,27
2023-W25,PL-013,1456,2996,55
2023-W26,PL-013,865,2477,10
2023-W27,PL-013,611,3323,43
2023-W28,PL-013,2411,2907,7
2023-W29,PL-013,2857,3977,24
2023-W30,PL-013,2374,2439,27
2023-W31,PL-013,672,2684,13
2023-W32,PL-013,1695,3022,51
2023-W33,PL-013,2642,2442,55
2023-W34,PL-013,1015,2733,22
2023-W35,PL-013,1091,2557,53
2023-W36,PL-013,2047,3575,12
2023-W37,PL-013,1316,3678,46
2023-W38,PL-013,566,2452,54
2023-W39,PL-013,856,3987,30
2023-W40,PL-013,1476,3049,36
2023-W41,PL-013,1476,3720,43
2023-W42,PL-013,1012,2181,31
2023-W43,PL-013,1257,3066,37
2023-W44,PL-013,1929,2096,15
2023-W45,PL-013,2181,2991,49
2023-W46,PL-013,1512,2883,17
2023-W47,PL-013,759,3995,9
2023-W48,PL-013,736,2561,50
2023-W49,PL-013,2371,3346,19
2023-W50,PL-013,615,2623,17
2023-W51,PL-013,868,2205,16
2023-W52,PL-013,2760,2697,52
2024-W01,PL-013,912,2533,52
2024-W02,PL-013,775,2351,38
2024-W03,PL-013,1824,2615,54
2024-W04,PL-013,1836,2100,8
2024-W05,PL-013,2121,2216,28
2024-W06,PL-013,2875,2343,29
2024-W07,PL-013,837,2066,32
2024-W08,PL-013,2387,3794,29
2024-W09,PL-013,1805,3819,45
2024-W10,PL-013,1735,2437,15
2024-W11,PL-013,1420,3559,29
2024-W12,PL-013,1246,2860,45
2024-W13,PL-013,2488,3801,10
2024-W14,PL-013,2832,2707,9
2024-W15,PL-013,2292,2066,56
2024-W16,PL-013,752,2931,32
2024-W17,PL-013,528,3222,59
2020-W02,PL-014,1579,3999,14
2020-W03,PL-014,796,2283,38
2020-W04,PL-014,1532,2569,58
2020-W05,PL-014,1969,2948,38
2020-W06,PL-014,1440,2168,14
2020-W07,PL-014,528,3494,60
2020-W08,PL-014,2230,3685,41
2020-W09,PL-014,2042,3178,22
2020-W10,PL-014,2365,2552,44
2020-W11,PL-014,1370,3285,34
2020-W12,PL-014,1814,3924,42
2020-W13,PL-014,877,2991,14
2020-W14,PL-014,2032,2365,60
2020-W15,PL-014,1686,2764,30
2020-W16,PL-014,2386,2543,56
2020-W17,PL-014,1076,3779,25
2020-W18,PL-014,2141,3201,47
2020-W19,PL-014,1257,3278,25
2020-W20,PL-014,1827,2170,50
2020-W21,PL-014,679,2573,23
2020-W22,PL-014,709,2410,20
2020-W23,PL-014,2510,2487,56
2020-W24,PL-014,2190,2756,53
2020-W25,PL-014,1656,2954,18
2020-W26,PL-014,2923,3028,52
2020-W27,PL-014,2242,2327,60
2020-W28,PL-014,1884,3852,28
2020-W29,PL-014,1959,3988,31
2020-W30,PL-014,719,3781,59
2020-W31,PL-014,2637,3359,13
2020-W32,PL-014,1610,2766,10
2020-W33,PL-014,2429,2382,9
2020-W34,PL-014,981,2692,30
2020-W35,PL-014,2585,2958,30
2020-W36,PL-014,2088,3642,38
2020-W37,PL-014,502,2137,20
2020-W38,PL-014,1765,3823,22
2020-W39,PL-014,2300,3908,9
2020-W40,PL-014,2193,2788,25
2020-W41,PL-014,2686,3217,57
2020-W42,PL-014,855,2736,22
2020-W43,PL-014,2487,2634,44
2020-W44,PL-014,2037,3359,13
2020-W45,PL-014,2335,2739,10
2020-W46,PL-014,1358,2613,60
2020-W47,PL-014,1481,3579,17
2020-W48,PL-014,2162,3877,54
2020-W49,PL-014,2925,2599,57
2020-W50,PL-014,1895,2472,5
2020-W51,PL-014,1786,3437,60
2020-W52,PL-014,916,2066,55
2020-W53,PL-014,1954,2823,14
2021-W01,PL-014,2291,2078,27
2021-W02,PL-014,1983,2958,43
2021-W03,PL-014,2781,2848,22
2021-W04,PL-014,1917,2394,30
2021-W05,PL-014,2496,3928,52
2021-W06,PL-014,2711,2508,55
2021-W07,PL-014,2176,3443,12
2021-W08,PL-014,2237,3169,37
2021-W09,PL-014,2826,2738,37
2021-W10,PL-014,1443,2378,16
2021-W11,PL-014,1683,3206,33
2021-W12,PL-014,746,3468,47
2021-W13,PL-014,1596,2093,44
2021-W14,PL-014,1874,3364,25
2021-W15,PL-014,811,3759,54
2021-W16,PL-014,753,3061,48
2021-W17,PL-014,1938,3914,26
2021-W18,PL-014,1063,2922,50
2021-W19,PL-014,1077,3964,10
2021-W20,PL-014,2894,3368,42
2021-W21,PL-014,1419,3305,32
2021-W22,PL-014,1525,3188,22
2021-W23,PL-014,2402,2441,16
2021-W24,PL-014,2275,3311,26
2021-W25,PL-014,2723,2238,55
2021-W26,PL-014,1864,3280,31
2021-W27,PL-014,1358,2092,31
2021-W28,PL-014,1687,2655,38
2021-W29,PL-014,2672,2933,60
2021-W30,PL-014,558,3977,35
2021-W31,PL-014,2296,3428,51
2021-W32,PL-014,520,3295,17
2021-W33,PL-014,963,3699,53
2021-W34,PL-014,2543,2481,36
2021-W35,PL-014,2623,2376,7
2021-W36,PL-014,1064,3771,11
2021-W37,PL-014,1701,2641,37
2021-W38,PL-014,1469,3182,9
2021-W39,PL-014,2496,2632,58
2021-W40,PL-014,698,3757,8
2021-W41,PL-014,1135,3065,16
2021-W42,PL-014,885,2945,39
2021-W43,PL-014,2644,2095,11
2021-W44,PL-014,1946,3635,50
2021-W45,PL-014,697,3213,49
2021-W46,PL-014,1952,2168,42
2021-W47,PL-014,748,2623,18
2021-W48,PL-014,2433,2990,41
2021-W49,PL-014,2748,3952,35
2021-W50,PL-014,2609,3186,46
2021-W51,PL-014,1877,2429,34
2021-W52,PL-014,899,2695,5
2022-W01,PL-014,2319,2284,34
2022-W02,PL-014,2821,2432,49
2022-W03,PL-014,2257,2959,56
2022-W04,PL-014,1777,2887,15
2022-W05,PL-014,1488,2211,25
2022-W06,PL-014,2226,2350,8
2022-W07,PL-014,2552,2784,51
2022-W08,PL-014,1277,2089,51
2022-W09,PL-014,1161,3108,40
2022-W10,PL-014,2992,2413,11
2022-W11,PL-014,2649,3096,30
2022-W12,PL-014,1355,2762,50
2022-W13,PL-014,2530,3134,23
2022-W14,PL-014,1273,2673,59
2022-W15,PL-014,2464,3414,34
2022-W16,PL-014,2567,3050,27
2022-W17,PL-014,2990,2934,29
2022-W18,PL-014,830,3263,43
2022-W19,PL-014,1724,3218,37
2022-W20,PL-014,834,3905,9
2022-W21,PL-014,1609,3733,53
2022-W22,PL-014,876,2645,41
2022-W23,PL-014,895,2125,17
2022-W24,PL-014,1513,3054,38
2022-W25,PL-014,1061,3353,43
2022-W26,PL-014,2314,2308,27
2022-W27,PL-014,2895,2799,17
2022-W28,PL-014,2008,2413,22
2022-W29,PL-014,2846,3084,22
2022-W30,PL-014,2464,3324,59
2022-W31,PL-014,612,2051,33
2022-W32,PL-014,773,3838,17
2022-W33,PL-014,1014,3363,45
2022-W34,PL-014,2596,3926,25
2022-W35,PL-014,2734,3437,14
2022-W36,PL-014,2996,2317,42
2022-W37,PL-014,684,3413,51
2022-W38,PL-014,933,3568,47
2022-W39,PL-014,2874,3896,39
2022-W40,PL-014,1346,2769,55
2022-W41,PL-014,2913,2769,32
2022-W42,PL-014,911,3604,55
2022-W43,PL-014,836,2833,10
2022-W44,PL-014,2719,2446,8
2022-W45,PL-014,1828,2964,53
2022-W46,PL-014,577,2972,33
2022-W47,PL-014,1676,2300,34
2022-W48,PL-014,2086,3672,42
2022-W49,PL-014,2606,2435,14
2022-W50,PL-014,1203,3481,13
2022-W51,PL-014,529,2380,13
2022-W52,PL-014,2396,3200,42
2023-W01,PL-014,1233,2159,13
2023-W02,PL-014,1353,2428,50
2023-W03,PL-014,2861,2099,11
2023-W04,PL-014,1126,3695,60
2023-W05,PL-014,1246,3604,7
2023-W06,PL-014,1948,2268,58
2023-W07,PL-014,1673,3093,36
2023-W08,PL-014,2637,3978,46
2023-W09,PL-014,2082,2527,21
2023-W10,PL-014,2383,2542,11
2023-W11,PL-014,2519,2448,23
2023-W12,PL-014,2174,3987,45
2023-W13,PL-014,806,2548,60
2023-W14,PL-014,2285,3925,14
2023-W15,PL-014,1852,3325,42
2023-W16,PL-014,644,3754,59
2023-W17,PL-014,1475,2110,23
2023-W18,PL-014,2345,2505,18
2023-W19,PL-014,2524,2533,37
2023-W20,PL-014,2941,3599,23
2023-W21,PL-014,2778,3955,53
2023-W22,PL-014,2932,3992,31
2023-W23,PL-014,728,2605,13
2023-W24,PL-014,1479,3910,19
2023-W25,PL-014,1892,3914,30
2023-W26,PL-014,2639,2582,41
2023-W27,PL-014,1696,3826,57
2023-W28,PL-014,990,3655,18
2023-W29,PL-014,1639,3017,36
2023-W30,PL-014,2294,2717,8
2023-W31,PL-014,2364,3888,34
2023-W32,PL-014,1887,3529,28
2023-W33,PL-014,661,2832,53
2023-W34,PL-014,1063,3612,40
2023-W35,PL-014,2157,3631,60
2023-W36,PL-014,1046,3985,58
2023-W37,PL-014,2604,3727,30
2023-W38,PL-014,2970,3820,52
2023-W39,PL-014,2981,3284,51
2023-W40,PL-014,1960,2678,50
2023-W41,PL-014,2748,2903,20
2023-W42,PL-014,573,2884,5
2023-W43,PL-014,1649,3451,31
2023-W44,PL-014,721,3694,46
2023-W45,PL-014,1493,3479,46
2023-W46,PL-014,1685,2541,53
2023-W47,PL-014,2866,2674,60
2023-W48,PL-014,2679,2658,59
2023-W49,PL-014,2988,2084,15
2023-W50,PL-014,755,2410,53
2023-W51,PL-014,598,3898,60
2023-W52,PL-014,1094,2443,24
2024-W01,PL-014,2969,2645,55
2024-W02,PL-014,1895,2002,33
2024-W03,PL-014,747,3431,44
2024-W04,PL-014,713,2986,24
2024-W05,PL-014,600,3510,42
2024-W06,PL-014,1270,2348,20
2024-W07,PL-014,2570,2268,18
2024-W08,PL-014,2929,2805,53
2024-W09,PL-014,2272,3755,44
2024-W10,PL-014,2384,2729,23
2024-W11,PL-014,1662,3553,56
2024-W12,PL-014,538,2967,22
2024-W13,PL-014,2651,2149,22
2024-W14,PL-014,2803,2638,17
2024-W15,PL-014,1611,2297,30
2024-W16,PL-014,1037,2315,46
2024-W17,PL-014,1699,3713,58
2024-W18,PL-014,2912,2323,59
2024-W19,PL-014,2593,3372,7
2024-W20,PL-014,1376,3360,13
2024-W21,PL-014,2979,2937,48
2024-W22,PL-014,725,2241,45
2024-W23,PL-014,1493,2734,40
2024-W24,PL-014,625,2798,28
2024-W25,PL-014,2194,3892,33
2024-W26,PL-014,2136,2199,51
2024-W27,PL-014,1185,2007,38
2024-W28,PL-014,930,2286,59
2020-W02,PL-015,1680,3477,14
2020-W03,PL-015,709,3860,49
2020-W04,PL-015,2500,2383,32
2020-W05,PL-015,2306,2835,58
2020-W06,PL-015,2614,3260,29
2020-W07,PL-015,2091,3207,38
2020-W08,PL-015,973,3386,30
2020-W09,PL-015,1020,2369,53
2020-W10,PL-015,1568,3659,48
2020-W11,PL-015,1817,2534,27
2020-W12,PL-015,2509,3691,18
2020-W13,PL-015,2021,3540,24
2020-W14,PL-015,1734,3459,48
2020-W15,PL-015,2822,2412,8
2020-W16,PL-015,904,2843,6
2020-W17,PL-015,1819,3635,31
2020-W18,PL-015,740,2977,58
2020-W19,PL-015,2837,2476,17
2020-W20,PL-015,772,2950,48
2020-W21,PL-015,1332,3106,32
2020-W22,PL-015,1221,2139,28
2020-W23,PL-015,1500,2663,28
2020-W24,PL-015,2314,3954,42
2020-W25,PL-015,1091,3416,14
2020-W26,PL-015,2506,3030,25
2020-W27,PL-015,1387,2532,51
2020-W28,PL-015,519,3271,21
2020-W29,PL-015,764,2614,44
2020-W30,PL-015,1165,2292,52
2020-W31,PL-015,2315,3232,55
2020-W32,PL-015,1196,3666,46
2020-W33,PL-015,2288,2510,58
2020-W34,PL-015,796,3891,52
2020-W35,PL-015,1025,2061,58
2020-W36,PL-015,907,3166,31
2020-W37,PL-015,2591,3733,41
2020-W38,PL-015,1794,2607,19
2020-W39,PL-015,1242,2805,20
2020-W40,PL-015,1823,2303,24
2020-W41,PL-015,920,2028,14
2020-W42,PL-015,2237,2502,51
2020-W43,PL-015,1748,3688,54
2020-W44,PL-015,1348,3441,29
2020-W45,PL-015,1542,3944,34
2020-W46,PL-015,1697,3909,18
2020-W47,PL-015,821,2462,32
2020-W48,PL-015,2795,3272,35
2020-W49,PL-015,1096,2210,20
2020-W50,PL-015,2085,2924,10
2020-W51,PL-015,2872,3241,8
2020-W52,PL-015,619,2076,6
2020-W53,PL-015,1733,3517,32
2021-W01,PL-015,1645,3581,20
2021-W02,PL-015,2368,3079,37
2021-W03,PL-015,825,3315,38
2021-W04,PL-015,1034,2880,46
2021-W05,PL-015,2407,2824,37
2021-W06,PL-015,1700,2974,53
2021-W07,PL-015,919,2248,18
2021-W08,PL-015,925,3326,27
2021-W09,PL-015,1758,3727,36
2021-W10,PL-015,2305,2328,8
2021-W11,PL-015,2058,2601,28
2021-W12,PL-015,2606,3838,32
2021-W13,PL-015,1805,3966,25
2021-W14,PL-015,2601,3403,27
2021-W15,PL-015,1748,3692,38
2021-W16,PL-015,2646,2478,39
2021-W17,PL-015,931,3938,5
2021-W18,PL-015,680,2204,24
2021-W19,PL-015,1366,2166,8
2021-W20,PL-015,2393,2756,47
2021-W21,PL-015,1588,2768,51
2021-W22,PL-015,522,2668,28
2021-W23,PL-015,1349,3650,23
2021-W24,PL-015,2708,3007,30
2021-W25,PL-015,2369,3840,41
2021-W26,PL-015,2293,2474,43
2021-W27,PL-015,1317,2736,28
2021-W28,PL-015,1924,3744,14
2021-W29,PL-015,2635,3116,11
2021-W30,PL-015,2578,3331,55
2021-W31,PL-015,2132,3813,20
2021-W32,PL-015,1547,3562,50
2021-W33,PL-015,1724,2889,40
2021-W34,PL-015,1753,3468,13
2021-W35,PL-015,964,2162,22
2021-W36,PL-015,789,2109,11
2021-W37,PL-015,785,3047,44
2021-W38,PL-015,1966,2564,40
2021-W39,PL-015,920,3880,30
2021-W40,PL-015,1906,3775,43
2021-W41,PL-015,1739,2763,20
2021-W42,PL-015,2928,2928,39
2021-W43,PL-015,2179,3814,7
2021-W44,PL-015,1309,2382,55
2021-W45,PL-015,1271,2509,30
2021-W46,PL-015,1358,3661,7
2021-W47,PL-015,1930,3821,14
2021-W48,PL-015,2318,3848,30
2021-W49,PL-015,834,3912,50
2021-W50,PL-015,2175,3463,38
2021-W51,PL-015,2415,3778,39
2021-W52,PL-015,1346,3482,48
2022-W01,PL-015,2988,3369,31
2022-W02,PL-015,531,3154,59
2022-W03,PL-015,652,2507,58
2022-W04,PL-015,1087,3981,30
2022-W05,PL-015,1261,3268,57
2022-W06,PL-015,2048,2386,25
2022-W07,PL-015,2200,2350,32
2022-W08,PL-015,2298,2916,23
2022-W09,PL-015,2383,2601,27
2022-W10,PL-015,1908,2108,6
2022-W11,PL-015,1702,2082,19
2022-W12,PL-015,2463,2734,8
2022-W13,PL-015,724,2967,5
2022-W14,PL-015,958,3249,6
2022-W15,PL-015,1404,3578,28
2022-W16,PL-015,699,3832,49
2022-W17,PL-015,752,2492,38
2022-W18,PL-015,1083,2583,49
2022-W19,PL-015,568,2682,13
2022-W20,PL-015,2180,3339,33
2022-W21,PL-015,2137,2471,11
2022-W22,PL-015,553,3643,22
2022-W23,PL-015,2170,3899,58
2022-W24,PL-015,2574,2069,41
2022-W25,PL-015,723,3448,35
2022-W26,PL-015,511,3849,51
2022-W27,PL-015,709,2976,33
2022-W28,PL-015,537,2829,31
2022-W29,PL-015,805,3837,37
2022-W30,PL-015,910,3959,46
2022-W31,PL-015,2271,3770,24
2022-W32,PL-015,723,2000,18
2022-W33,PL-015,2312,2799,55
2022-W34,PL-015,718,3181,36
2022-W35,PL-015,2274,2759,25
2022-W36,PL-015,1228,3416,60
2022-W37,PL-015,1789,3014,51
2022-W38,PL-015,2041,2827,17
2022-W39,PL-015,2237,3644,51
2022-W40,PL-015,2045,2194,10
2022-W41,PL-015,2342,2301,13
2022-W42,PL-015,2875,2335,16
2022-W43,PL-015,2726,2131,21
2022-W44,PL-015,2485,3664,50
2022-W45,PL-015,2369,2565,12
2022-W46,PL-015,2554,3955,28
2022-W47,PL-015,775,2848,41
2022-W48,PL-015,1250,3679,12
2022-W49,PL-015,2374,2184,31
2022-W50,PL-015,1151,2336,24
2022-W51,PL-015,1894,3976,16
2022-W52,PL-015,1864,3720,38
2023-W01,PL-015,2238,2234,49
2023-W02,PL-015,2954,3173,22
2023-W03,PL-015,1273,3841,38
2023-W04,PL-015,2183,2244,9
2023-W05,PL-015,1020,3869,47
2023-W06,PL-015,1306,2345,22
2023-W07,PL-015,1370,3117,5
2023-W08,PL-015,1513,2987,53
2023-W09,PL-015,925,3105,36
2023-W10,PL-015,2710,2683,39
2023-W11,PL-015,1812,2329,15
2023-W12,PL-015,2835,2749,53
2023-W13,PL-015,2753,2346,40
2023-W14,PL-015,934,3205,30
2023-W15,PL-015,2092,3664,59
2023-W16,PL-015,2469,2569,31
2023-W17,PL-015,1777,2322,21
2023-W18,PL-015,997,2427,33
2023-W19,PL-015,2171,2658,32
2023-W20,PL-015,2785,3963,58
2023-W21,PL-015,1505,2637,19
2023-W22,PL-015,1653,3633,60
2023-W23,PL-015,1659,2245,42
2023-W24,PL-015,2215,3078,46
2023-W25,PL-015,1400,3507,25
2023-W26,PL-015,1963,3737,41
2023-W27,PL-015,1643,3850,30
2023-W28,PL-015,601,3364,30
2023-W29,PL-015,1548,3595,52
2023-W30,PL-015,2172,2754,30
2023-W31,PL-015,2256,2617,24
2023-W32,PL-015,1589,3473,43
2023-W33,PL-015,2431,3684,14
2023-W34,PL-015,1493,2121,39
2023-W35,PL-015,2166,3191,36
2023-W36,PL-015,1995,2942,45
2023-W37,PL-015,1533,3589,50
2023-W38,PL-015,1607,2561,58
2023-W39,PL-015,2261,3837,60
2023-W40,PL-015,1620,2784,40
2020-W02,PL-016,2743,3732,19
2020-W03,PL-016,686,3088,48
2020-W04,PL-016,2972,3752,44
2020-W05,PL-016,791,3863,32
2020-W06,PL-016,2083,2112,24
2020-W07,PL-016,2527,3566,19
2020-W08,PL-016,1876,2659,17
2020-W09,PL-016,2916,2339,6
2020-W10,PL-016,2919,3213,43
2020-W11,PL-016,1867,2747,55
2020-W12,PL-016,2059,3222,45
2020-W13,PL-016,2771,3241,26
2020-W14,PL-016,1328,2913,44
2020-W15,PL-016,1322,2653,9
2020-W16,PL-016,609,2647,14
2020-W17,PL-016,2469,3999,26
2020-W18,PL-016,1408,2287,39
2020-W19,PL-016,2196,2307,25
2020-W20,PL-016,957,3514,8
2020-W21,PL-016,1501,3625,35
2020-W22,PL-016,2281,2706,38
2020-W23,PL-016,1148,2942,15
2020-W24,PL-016,772,3606,24
2020-W25,PL-016,1149,3801,45
2020-W26,PL-016,2032,2917,25
2020-W27,PL-016,1883,2142,43
2020-W28,PL-016,1528,2037,24
2020-W29,PL-016,2800,3120,19
2020-W30,PL-016,2180,2129,24
2020-W31,PL-016,652,3732,33
2020-W32,PL-016,2511,2843,23
2020-W33,PL-016,2085,3921,32
2020-W34,PL-016,2518,2030,14
2020-W35,PL-016,2726,2889,38
2020-W36,PL-016,753,2201,22
2020-W37,PL-016,2944,3937,54
2020-W38,PL-016,2011,2342,51
2020-W39,PL-016,1548,2710,34
2020-W40,PL-016,1581,2386,42
2020-W41,PL-016,1233,2374,34
2020-W42,PL-016,2655,3575,43
2020-W43,PL-016,2375,2579,60
2020-W44,PL-016,642,2382,46
2020-W45,PL-016,2860,2875,59
2020-W46,PL-016,1029,3065,40
2020-W47,PL-016,1136,3702,33
2020-W48,PL-016,731,3429,59
2020-W49,PL-016,2962,2754,46
2020-W50,PL-016,1800,2663,43
2020-W51,PL-016,2756,2043,20
2020-W52,PL-016,1603,3235,24
2020-W53,PL-016,822,3060,22
2021-W01,PL-016,2046,3102,53
2021-W02,PL-016,2929,2319,27
2021-W03,PL-016,1590,2401,59
2021-W04,PL-016,782,3429,22
2021-W05,PL-016,2777,3263,47
2021-W06,PL-016,2748,3752,8
2021-W07,PL-016,2142,2435,60
2021-W08,PL-016,1184,2772,17
2021-W09,PL-016,1990,2617,40
2021-W10,PL-016,1178,2698,29
2021-W11,PL-016,2500,3757,58
2021-W12,PL-016,2965,3523,10
2021-W13,PL-016,2542,3212,58
2021-W14,PL-016,1922,3864,51
2021-W15,PL-016,1089,3166,44
2021-W16,PL-016,583,3614,5
2021-W17,PL-016,517,3319,50
2021-W18,PL-016,1193,3062,48
2021-W19,PL-016,2971,3769,5
2021-W20,PL-016,941,2220,18
2021-W21,PL-016,2753,3770,13
2021-W22,PL-016,1072,2363,48
2021-W23,PL-016,1061,2704,57
2021-W24,PL-016,2008,2669,19
2021-W25,PL-016,1467,3248,44
2021-W26,PL-016,1650,2208,44
2021-W27,PL-016,726,2528,17
2021-W28,PL-016,1093,2403,52
2021-W29,PL-016,2276,3444,57
2021-W30,PL-016,1162,2992,7
2021-W31,PL-016,2551,3974,36
2021-W32,PL-016,1270,3336,16
2021-W33,PL-016,2157,3357,21
2021-W34,PL-016,1237,2963,42
2021-W35,PL-016,649,3494,23
2021-W36,PL-016,2474,2645,33
2021-W37,PL-016,2005,2962,34
2021-W38,PL-016,2799,2933,26
2021-W39,PL-016,1897,3971,5
2021-W40,PL-016,2439,2449,37
2021-W41,PL-016,948,3342,25
2021-W42,PL-016,2609,3635,8
2021-W43,PL-016,2993,2717,18
2021-W44,PL-016,1331,2352,18
2021-W45,PL-016,528,3060,49
2021-W46,PL-016,1337,3093,35
2021-W47,PL-016,2082,3180,56
2021-W48,PL-016,2254,3370,55
2021-W49,PL-016,1849,3594,27
2021-W50,PL-016,2996,2506,46
2021-W51,PL-016,887,3229,34
2021-W52,PL-016,2714,2110,12
2022-W01,PL-016,1541,2018,59
2022-W02,PL-016,1243,2337,39
2022-W03,PL-016,702,3311,32
2022-W04,PL-016,1618,2495,19
2022-W05,PL-016,2596,3519,8
2022-W06,PL-016,1435,3239,19
2022-W07,PL-016,1184,2628,22
2022-W08,PL-016,2252,3766,29
2022-W09,PL-016,1189,2204,55
2022-W10,PL-016,1515,3466,55
2022-W11,PL-016,2568,2218,54
2022-W12,PL-016,2711,2838,59
2022-W13,PL-016,1587,2471,54
2022-W14,PL-016,2179,2762,26
2022-W15,PL-016,663,3549,29
2022-W16,PL-016,601,2199,49
2022-W17,PL-016,520,2712,30
2022-W18,PL-016,1929,3779,32
2022-W19,PL-016,2350,2549,16
2022-W20,PL-016,1709,3968,59
2022-W21,PL-016,2486,3432,8
2022-W22,PL-016,1995,2652,48
2022-W23,PL-016,2085,3222,52
2022-W24,PL-016,1764,2166,17
2022-W25,PL-016,1088,3163,58
2022-W26,PL-016,1143,2813,23
2022-W27,PL-016,1310,2927,23
2022-W28,PL-016,1309,2838,22
2022-W29,PL-016,1167,3668,56
2022-W30,PL-016,2733,2518,48
2022-W31,PL-016,1285,3837,40
2022-W32,PL-016,1023,2567,18
2022-W33,PL-016,2386,2962,16
2022-W34,PL-016,2059,2223,7
2022-W35,PL-016,682,2233,45
2022-W36,PL-016,2908,3879,38
2022-W37,PL-016,2265,3252,39
2022-W38,PL-016,2588,3745,50
2022-W39,PL-016,1397,2714,32
2022-W40,PL-016,974,2947,15
2022-W41,PL-016,1311,3947,9
2022-W42,PL-016,2640,2201,47
2022-W43,PL-016,1040,2497,43
2022-W44,PL-016,584,3266,50
2022-W45,PL-016,1547,2583,44
2022-W46,PL-016,2378,3338,54
2022-W47,PL-016,1778,3674,33
2022-W48,PL-016,2383,3534,50
2022-W49,PL-016,666,2143,51
2022-W50,PL-016,2008,2976,54
2022-W51,PL-016,2785,2806,44
2022-W52,PL-016,740,3683,32
2023-W01,PL-016,1500,3254,39
2023-W02,PL-016,796,3919,5
2023-W03,PL-016,2802,2794,12
2023-W04,PL-016,2847,2384,36
2023-W05,PL-016,619,3528,40
2023-W06,PL-016,1420,2591,14
2023-W07,PL-016,806,2406,16
2023-W08,PL-016,2562,3308,41
2023-W09,PL-016,1853,3810,44
2023-W10,PL-016,993,2638,30
2023-W11,PL-016,2051,2192,45
2023-W12,PL-016,2311,2122,42
2023-W13,PL-016,1865,3351,15
2023-W14,PL-016,2922,3029,40
2023-W15,PL-016,2720,3899,5
2023-W16,PL-016,2899,3408,11
2023-W17,PL-016,1750,2908,57
2023-W18,PL-016,1225,2065,47
2023-W19,PL-016,1722,3306,26
2023-W20,PL-016,1372,2723,22
2023-W21,PL-016,1598,2385,22
2023-W22,PL-016,923,3495,50
2023-W23,PL-016,990,2909,44
2023-W24,PL-016,1824,3883,9
2023-W25,PL-016,2150,2032,35
2023-W26,PL-016,1444,2017,9
2023-W27,PL-016,688,2331,36
2023-W28,PL-016,1125,3741,20
2023-W29,PL-016,1509,3222,26
2023-W30,PL-016,2887,2590,27
2023-W31,PL-016,2878,3368,43
2023-W32,PL-016,2014,2582,46
2023-W33,PL-016,2830,3081,20
2023-W34,PL-016,2915,2230,46
2023-W35,PL-016,2167,2053,20
2023-W36,PL-016,1775,3581,17
2023-W37,PL-016,766,3962,43
2023-W38,PL-016,1911,2359,40
2023-W39,PL-016,1414,3947,28
2023-W40,PL-016,2277,3173,15
2023-W41,PL-016,2941,2059,12
2023-W42,PL-016,877,2471,15
2023-W43,PL-016,2155,2739,59
2023-W44,PL-016,1790,3557,41
2023-W45,PL-016,1547,3204,25
2023-W46,PL-016,2260,2339,51
2023-W47,PL-016,1387,3722,48
2023-W48,PL-016,1858,3024,55
2023-W49,PL-016,831,2759,41
2023-W50,PL-016,647,3067,56
2023-W51,PL-016,828,3718,55
2023-W52,PL-016,953,2993,39
2024-W01,PL-016,1423,3182,28
2024-W02,PL-016,1589,2802,31
2024-W03,PL-016,658,3790,52
2024-W04,PL-016,2751,2795,40
2024-W05,PL-016,860,2158,51
2024-W06,PL-016,2713,2601,6
2024-W07,PL-016,1504,2316,13
2024-W08,PL-016,2727,3079,47
2024-W09,PL-016,1546,3461,16
2024-W10,PL-016,2215,2979,19
2024-W11,PL-016,1356,2308,27
2024-W12,PL-016,2877,3179,29
2024-W13,PL-016,2472,2548,13
2024-W14,PL-016,542,3102,36
2024-W15,PL-016,2695,3842,51
2024-W16,PL-016,1526,2333,39
2024-W17,PL-016,1922,3483,49
2024-W18,PL-016,771,3643,57
2024-W19,PL-016,2368,3844,48
2024-W20,PL-016,1411,2999,60
2024-W21,PL-016,2244,2841,34
2024-W22,PL-016,642,3664,56
2024-W23,PL-016,1883,3075,55
2024-W24,PL-016,2634,3594,33
2024-W25,PL-016,554,3549,37
2024-W26,PL-016,2691,2416,53
2024-W27,PL-016,528,2078,17
2024-W28,PL-016,2590,2179,43
2024-W29,PL-016,1063,2114,32
2020-W02,PL-017,1517,2939,58
2020-W03,PL-017,1134,2499,35
2020-W04,PL-017,1101,3347,25
2020-W05,PL-017,2574,2431,35
2020-W06,PL-017,1211,2866,56
2020-W07,PL-017,1066,3841,31
2020-W08,PL-017,2820,3526,12
2020-W09,PL-017,916,2859,55
2020-W10,PL-017,1889,2120,55
2020-W11,PL-017,2884,2627,30
2020-W12,PL-017,853,2329,14
2020-W13,PL-017,2027,3607,15
2020-W14,PL-017,1333,2843,41
2020-W15,PL-017,1261,2764,14
2020-W16,PL-017,516,3640,37
2020-W17,PL-017,1818,3124,48
2020-W18,PL-017,2171,2633,23
2020-W19,PL-017,1250,2915,6
2020-W20,PL-017,764,2921,57
2020-W21,PL-017,2870,3365,34
2020-W22,PL-017,1689,2519,43
2020-W23,PL-017,2533,3320,38
2020-W24,PL-017,837,3509,39
2020-W25,PL-017,2633,2958,8
2020-W26,PL-017,798,2744,24
2020-W27,PL-017,1038,2091,23
2020-W28,PL-017,1378,2546,12
2020-W29,PL-017,678,3728,31
2020-W30,PL-017,2157,2859,19
2020-W31,PL-017,1129,3505,6
2020-W32,PL-017,2926,3645,27
2020-W33,PL-017,1199,3608,54
2020-W34,PL-017,1658,2940,33
2020-W35,PL-017,2380,3629,8
2020-W36,PL-017,1326,2571,33
2020-W37,PL-017,991,3568,51
2020-W38,PL-017,552,3507,43
2020-W39,PL-017,1085,2190,23
2020-W40,PL-017,905,2814,18
2020-W41,PL-017,1943,3979,21
2020-W42,PL-017,2688,3323,27
2020-W43,PL-017,2731,3740,22
2020-W44,PL-017,2941,2787,52
2020-W45,PL-017,2431,2128,23
2020-W46,PL-017,2762,2093,24
2020-W47,PL-017,1915,2127,32
2020-W48,PL-017,2439,3210,58
2020-W49,PL-017,2956,2594,51
2020-W50,PL-017,1568,3478,49
2020-W51,PL-017,802,3666,25
2020-W52,PL-017,1623,2188,47
2020-W53,PL-017,1208,2306,11
2021-W01,PL-017,675,3458,33
2021-W02,PL-017,1179,2351,29
2021-W03,PL-017,2803,3211,31
2021-W04,PL-017,1376,2664,10
2021-W05,PL-017,872,3271,49
2021-W06,PL-017,2388,2258,24
2021-W07,PL-017,524,3007,42
2021-W08,PL-017,2034,3518,38
2021-W09,PL-017,1121,3431,56
2021-W10,PL-017,2974,2215,18
2021-W11,PL-017,2398,2408,21
2021-W12,PL-017,1226,3377,48
2021-W13,PL-017,2064,3282,32
2021-W14,PL-017,699,3691,35
2021-W15,PL-017,1964,2723,16
2021-W16,PL-017,1429,3229,24
2021-W17,PL-017,526,2123,7
2021-W18,PL-017,1824,2649,41
2021-W19,PL-017,880,2216,28
2021-W20,PL-017,1019,2808,52
2021-W21,PL-017,537,3164,59
2021-W22,PL-017,1111,2796,31
2021-W23,PL-017,554,2305,28
2021-W24,PL-017,2892,2099,53
2021-W25,PL-017,2613,3597,24
2021-W26,PL-017,2074,2955,16
2021-W27,PL-017,2636,2273,20
2021-W28,PL-017,806,2670,35
2021-W29,PL-017,2580,3503,10
2021-W30,PL-017,2978,3153,25
2021-W31,PL-017,981,2150,34
2021-W32,PL-017,847,3251,44
2021-W33,PL-017,2794,3612,31
2021-W34,PL-017,1293,2253,60
2021-W35,PL-017,2080,2856,14
2021-W36,PL-017,2920,3615,50
2021-W37,PL-017,916,2724,59
2021-W38,PL-017,2778,3375,42
2021-W39,PL-017,1165,2380,52
2021-W40,PL-017,2351,2303,8
2021-W41,PL-017,2062,3502,6
2021-W42,PL-017,2455,3655,33
2021-W43,PL-017,1491,3722,29
2021-W44,PL-017,1611,3743,37
2021-W45,PL-017,2696,3310,57
2021-W46,PL-017,1853,3991,52
2021-W47,PL-017,1047,3394,24
2021-W48,PL-017,1733,2064,39
2021-W49,PL-017,1498,3064,18
2021-W50,PL-017,2179,3856,41
2021-W51,PL-017,2992,2746,20
2021-W52,PL-017,2848,3873,59
2022-W01,PL-017,2754,2871,42
2022-W02,PL-017,1436,3239,48
2022-W03,PL-017,1328,3282,26
2022-W04,PL-017,893,3916,59
2022-W05,PL-017,2253,2386,39
2022-W06,PL-017,1171,3823,17
2022-W07,PL-017,1532,3371,18
2022-W08,PL-017,2051,3816,14
2022-W09,PL-017,2816,2985,38
2022-W10,PL-017,852,3258,58
2022-W11,PL-017,661,3554,27
2022-W12,PL-017,2628,2613,45
2022-W13,PL-017,2782,2737,40
2022-W14,PL-017,2387,2888,33
2022-W15,PL-017,1117,2884,25
2022-W16,PL-017,2925,3310,35
2022-W17,PL-017,1442,3773,20
2022-W18,PL-017,595,3626,30
2022-W19,PL-017,771,3222,14
2022-W20,PL-017,539,2002,45
2022-W21,PL-017,929,3888,42
2022-W22,PL-017,565,3976,53
2022-W23,PL-017,1060,2346,33
2022-W24,PL-017,2949,3521,35
2022-W25,PL-017,1917,3167,59
2022-W26,PL-017,2761,3099,22
2022-W27,PL-017,1423,3029,34
2022-W28,PL-017,2955,3915,36
2022-W29,PL-017,2283,2367,44
2022-W30,PL-017,2058,2060,40
2022-W31,PL-017,1481,2458,18
2022-W32,PL-017,1765,2474,10
2022-W33,PL-017,785,2583,48
2022-W34,PL-017,2771,2845,25
2022-W35,PL-017,1969,3555,6
2022-W36,PL-017,2456,3270,55
2022-W37,PL-017,611,2863,56
2022-W38,PL-017,2481,2949,8
2022-W39,PL-017,1488,2783,55
2022-W40,PL-017,1396,3767,29
2022-W41,PL-017,779,2557,8
2022-W42,PL-017,2910,3185,22
2022-W43,PL-017,2502,3763,42
2022-W44,PL-017,1121,3359,55
2022-W45,PL-017,2623,3508,8
2022-W46,PL-017,1741,3151,9
2022-W47,PL-017,2913,3722,15
2022-W48,PL-017,2202,3725,10
2022-W49,PL-017,2703,2844,25
2022-W50,PL-017,921,2694,8
2022-W51,PL-017,1421,3223,42
2022-W52,PL-017,2728,2494,54
2023-W01,PL-017,1743,2447,33
2023-W02,PL-017,963,3949,16
2023-W03,PL-017,1346,2622,17
2023-W04,PL-017,1381,3945,9
2023-W05,PL-017,1314,3341,29
2023-W06,PL-017,1855,3535,50
2023-W07,PL-017,1782,2200,55
2023-W08,PL-017,1827,3278,57
2023-W09,PL-017,1479,2948,51
2023-W10,PL-017,2765,2473,38
2023-W11,PL-017,2135,2928,60
2023-W12,PL-017,2235,2173,34
2023-W13,PL-017,2963,3251,49
2023-W14,PL-017,2794,2290,55
2023-W15,PL-017,2546,3716,19
2023-W16,PL-017,2378,2387,19
2023-W17,PL-017,1830,2225,46
2023-W18,PL-017,1498,3687,22
2023-W19,PL-017,1345,3825,37
2023-W20,PL-017,1381,3451,57
2023-W21,PL-017,2647,2789,60
2023-W22,PL-017,1319,2499,42
2023-W23,PL-017,1346,2245,57
2023-W24,PL-017,2966,2779,52
2023-W25,PL-017,2869,3411,14
2023-W26,PL-017,1466,2218,9
2023-W27,PL-017,714,2486,7
2023-W28,PL-017,1501,2115,10
2023-W29,PL-017,1013,2009,56
2023-W30,PL-017,661,3912,6
2023-W31,PL-017,1001,3762,29
2023-W32,PL-017,1633,3844,13
2023-W33,PL-017,1967,3893,22
2023-W34,PL-017,2267,3483,58
2023-W35,PL-017,2512,3646,57
2023-W36,PL-017,2960,3216,40
2023-W37,PL-017,2314,2084,15
2023-W38,PL-017,1739,3689,59
2023-W39,PL-017,1505,2953,23
2023-W40,PL-017,2785,2452,35
2023-W41,PL-017,2704,2675,46
2023-W42,PL-017,1376,3900,19
2023-W43,PL-017,861,2499,13
2023-W44,PL-017,1075,3225,52
2023-W45,PL-017,1410,2122,34
