Line_No,Process_ID,Local_Process_Desc,WC_ID,Station_No,Linked_Asset_ID,Product_Ref,Material_Ref
L01,PR-0003,BOLT TORQUING,WU1,S01,000150000001,MER-VEH-COMPACT-0001,
L01,PR-0002,RESISTANCE WELDING,WU2,S01,000150000002,MER-VEH-COMPACT-0001,MER-FUEL-INJECTOR-0038
L01,PR-0002,RESISTANCE WELDING,WU3,S01,000150000003,MER-VEH-COMPACT-0001,MER-CLUTCH-ASSEMBLY-0033
L01,PR-0001,BEAD APPLICATION,WU4,S02,000150000004,MER-VEH-COMPACT-0001,MER-CENTER-CONSOLE-0018
L01,PR-0001,BEAD APPLICATION,WU5,S02,000150000005,MER-VEH-COMPACT-0001,MER-CYLINDER-HEAD-0028
L01,PR-0001,BEAD APPLICATION,WU6,S02,000150000006,MER-VEH-COMPACT-0001,MER-FUEL-INJECTOR-0038
L01,PR-0018,DRAW FORMING,WU7,S03,000150000007,MER-VEH-COMPACT-0001,MER-BRAKE-SYSTEM-0012
L01,PR-0016,SHEET METAL FORMING,WU8,S03,000150000008,MER-VEH-COMPACT-0001,MER-GEAR-SET-0034
L01,PR-0003,BOLT TORQUING,WU9,S04,000150000009,MER-VEH-COMPACT-0001,
L01,PR-0031,TRANSMISSION HOUSING STAMPING,WU10,S04,,MER-VEH-COMPACT-0001,MER-EXHAUST-PIPE-0042
L02,PR-0052,BUILD - ENGINE BLOCK,WU11,S01,000150000010,MER-VEH-SUV-0001,MER-SEATS-0016
L02,PR-0178,ENGINE BLOCK CURING,WU12,S02,000150000011,MER-VEH-SUV-0001,
L02,PR-0007,BASE COAT SPRAY,WU13,S02,000150000013,MER-VEH-SUV-0001,MER-FUEL-INJECTOR-0038
L02,PR-0005,PRESSURE DECAY TEST,WU14,S02,000150000014,MER-VEH-SUV-0001,
L03,PR-0171,DRILLING - SEAT FRAME,WU15,S01,000150000015,MER-VEH-SUV-0001,
L03,PR-0143,CUTTING - HOOD PANEL,WU16,S01,000150000016,MER-VEH-SUV-0001,
L03,PR-0131,FITTING - SEAT FRAME,WU17,S01,000150000017,MER-VEH-SUV-0001,MER-BODY-SHELL-0003
L03,PR-0020,WIRE CRIMPING,WU18,S02,,MER-VEH-SUV-0001,MER-DASHBOARD-0017
L03,PR-0021,CUSHION MOLDING,WU19,S03,000150000018,MER-VEH-SUV-0001,MER-STEERING-SYSTEM-0013
L03,PR-0131,FITTING - SEAT FRAME,WU20,S03,000150000019,MER-VEH-SUV-0001,MER-BODY-SHELL-0003
L03,PR-0009,STACKING OPERATION,WU21,S04,000150000020,MER-VEH-SUV-0001,MER-INFOTAINMENT-UNI-0025
L04,PR-0002,RESISTANCE WELDING,WU22,S01,000150000021,MER-VEH-COMPACT-0001,MER-LOW-VOLTAGE-BATT-0023
L04,PR-0184,ALIGNMENT - DOOR MODULE,WU23,S02,000150000022,MER-VEH-COMPACT-0001,
L04,PR-0079,TRUNK LID ASSEMBLY,WU24,S03,000150000023,MER-VEH-COMPACT-0001,MER-DASHBOARD-0017
L04,PR-0001,BEAD APPLICATION,WU25,S03,000150000024,MER-VEH-COMPACT-0001,MER-FUEL-PUMP-0037
L04,PR-0001,BEAD APPLICATION,WU26,S04,000150000025,MER-VEH-COMPACT-0001,MER-BRAKE-SYSTEM-0012
L04,PR-0100,MACHINING - BRAKE CALIPER,WU27,S04,000150000026,MER-VEH-COMPACT-0001,
L04,PR-0003,BOLT TORQUING,WU28,S04,000150000027,MER-VEH-COMPACT-0001,
L05,PR-0034,CHASSIS FRAME MOLDING,WU29,S01,000150000028,MER-VEH-SUV-0001,MER-FUEL-TANK-0036
L05,PR-0001,BEAD APPLICATION,WU30,S02,000150000029,MER-VEH-SUV-0001,MER-CYLINDER-BLOCK-0027
L05,PR-0002,RESISTANCE WELDING,WU31,S03,000150000030,MER-VEH-SUV-0001,MER-FUEL-INJECTOR-0038
L05,PR-0045,STAMPING - CENTER CONSOLE,WU32,S04,000150000031,MER-VEH-SUV-0001,MER-BODY-SHELL-0003
L06,PR-0178,ENGINE BLOCK CURING,WU33,S01,000150000032,MER-VEH-COMPACT-0001,
L06,PR-0011,EOL FUNCTIONAL CHECK,WU34,S02,000150000033,MER-VEH-COMPACT-0001,
L06,PR-0001,BEAD APPLICATION,WU35,S03,000150000034,MER-VEH-COMPACT-0001,MER-MUFFLER-0041
L06,PR-0002,RESISTANCE WELDING,WU36,S03,000150000035,MER-VEH-COMPACT-0001,MER-BODY-SHELL-0003
L07,PR-0002,RESISTANCE WELDING,WU37,S01,000150000036,MER-VEH-SUV-0001,MER-PISTONS-0030
L07,PR-0137,PACKAGING - CHASSIS FRAME,WU38,S02,000150000037,MER-VEH-SUV-0001,MER-GEARBOX-HOUSING-0032
L08,PR-0007,BASE COAT SPRAY,WU39,S01,000150000038,MER-VEH-SUV-0001,MER-FENDERS-0008
L08,PR-0147,TRIMMING - BATTERY MODULE,WU40,S01,000150000039,MER-VEH-SUV-0001,
L08,PR-0088,ROOF RAIL DRILLING,WU41,S02,,MER-VEH-SUV-0001,
L08,PR-0008,CLEAR COAT SPRAY,WU42,S02,000150000040,MER-VEH-SUV-0001,MER-DOORS-0004
L08,PR-0001,BEAD APPLICATION,WU43,S02,000150000041,MER-VEH-SUV-0001,MER-DOORS-0004
L09,PR-0171,DRILLING - SEAT FRAME,WU44,S01,000150000042,MER-VEH-COMPACT-0001,
L09,PR-0001,BEAD APPLICATION,WU45,S02,000150000043,MER-VEH-COMPACT-0001,MER-BUMPER-REAR-0007
L09,PR-0086,STEERING COLUMN DRILLING,WU46,S03,000150000044,MER-VEH-COMPACT-0001,
L09,PR-0006,CATHODIC DIP COATING,WU47,S03,000150000045,MER-VEH-COMPACT-0001,MER-BUMPER-REAR-0007
L09,PR-0003,BOLT TORQUING,WU48,S04,000150000046,MER-VEH-COMPACT-0001,
L09,PR-0006,CATHODIC DIP COATING,WU49,S04,000150000047,MER-VEH-COMPACT-0001,MER-MUFFLER-0041
L10,PR-0005,PRESSURE DECAY TEST,WU50,S01,000150000048,MER-VEH-SUV-0001,
L10,PR-0032,TESTING - FUEL RAIL,WU51,S01,000150000049,MER-VEH-SUV-0001,
L10,PR-0016,SHEET METAL FORMING,WU52,S01,000150000050,MER-VEH-SUV-0001,MER-FRONT-SUSPENSION-0010
L10,PR-0003,BOLT TORQUING,WU53,S02,000150000051,MER-VEH-SUV-0001,
L10,PR-0012,UNDERBODY SEAM SEALING,WU54,S02,000150000052,MER-VEH-SUV-0001,MER-GEAR-SET-0034
L10,PR-0006,CATHODIC DIP COATING,WU55,S03,,MER-VEH-SUV-0001,MER-HOOD-0005
L10,PR-0126,ASSEMBLY - REAR AXLE,WU56,S04,000150000053,MER-VEH-SUV-0001,MER-CYLINDER-HEAD-0028
L11,PR-0107,PACKING - FUEL RAIL,WU57,S01,000150000054,MER-VEH-COMPACT-0001,MER-DOOR-PANELS-0019
L11,PR-0021,CUSHION MOLDING,WU58,S02,000150000055,MER-VEH-COMPACT-0001,MER-LOW-VOLTAGE-BATT-0023
L11,PR-0164,TRUNK LID CUTTING,WU59,S02,000150000056,MER-VEH-COMPACT-0001,
L11,PR-0005,PRESSURE DECAY TEST,WU60,S02,000150000057,MER-VEH-COMPACT-0001,
L12,PR-0001,BEAD APPLICATION,WU61,S01,000150000058,MER-VEH-COMPACT-0001,MER-CLUTCH-ASSEMBLY-0033
L12,PR-0001,BEAD APPLICATION,WU62,S01,000150000059,MER-VEH-COMPACT-0001,MER-FRONT-SUSPENSION-0010
L12,PR-0075,FUSING - DOOR MODULE,WU63,S01,000150000060,MER-VEH-COMPACT-0001,MER-BODY-SHELL-0003
L12,PR-0005,PRESSURE DECAY TEST,WU64,S02,000150000061,MER-VEH-COMPACT-0001,
L12,PR-0088,ROOF RAIL DRILLING,WU65,S02,,MER-VEH-COMPACT-0001,
L13,PR-0008,CLEAR COAT SPRAY,WU66,S01,000150000062,MER-VEH-SUV-0001,MER-REAR-SUSPENSION-0011
L13,PR-0001,BEAD APPLICATION,WU67,S01,000150000063,MER-VEH-SUV-0001,MER-GEAR-SET-0034
L13,PR-0013,DOOR MOUNTING,WU68,S02,000150000064,MER-VEH-SUV-0001,MER-INFOTAINMENT-UNI-0025
L13,PR-0018,DRAW FORMING,WU69,S02,000150000065,MER-VEH-SUV-0001,MER-CATALYTIC-CONVER-0040
L13,PR-0008,CLEAR COAT SPRAY,WU70,S02,000150000066,MER-VEH-SUV-0001,MER-FUEL-TANK-0036
L13,PR-0077,FASTENING - EXHAUST MANIFOLD,WU71,S03,000150000067,MER-VEH-SUV-0001,MER-FENDERS-0008
L14,PR-0025,CELL FORMATION,WU72,S01,000150000068,MER-VEH-SUV-0001,
L14,PR-0005,PRESSURE DECAY TEST,WU73,S01,000150000069,MER-VEH-SUV-0001,
L14,PR-0038,SETTING - BODY PANEL,WU74,S02,000150000070,MER-VEH-SUV-0001,
L14,PR-0004,AOI CHECK,WU75,S02,000150000071,MER-VEH-SUV-0001,
L15,PR-0078,ASSEMBLY - FLOOR PAN,WU76,S01,000150000072,MER-VEH-SUV-0001,MER-DOORS-0004
L15,PR-0003,BOLT TORQUING,WU77,S01,000150000073,MER-VEH-SUV-0001,
L15,PR-0028,GEAR HOBBING,WU78,S01,000150000074,MER-VEH-SUV-0001,
L15,PR-0006,CATHODIC DIP COATING,WU79,S02,000150000075,MER-VEH-SUV-0001,MER-BODY-SHELL-0003
L15,PR-0001,BEAD APPLICATION,WU80,S02,000150000076,MER-VEH-SUV-0001,MER-FRONT-SUSPENSION-0010
L15,PR-0023,INTERIOR FITTING,WU81,S03,000150000077,MER-VEH-SUV-0001,MER-HEADLINER-0020
L16,PR-0005,PRESSURE DECAY TEST,WU82,S01,000150000078,MER-VEH-SUV-0001,
L16,PR-0023,INTERIOR FITTING,WU83,S01,,MER-VEH-SUV-0001,MER-BODY-SHELL-0003
L16,PR-0013,DOOR MOUNTING,WU84,S01,,MER-VEH-SUV-0001,MER-FUEL-PUMP-0037
L16,PR-0001,BEAD APPLICATION,WU85,S02,000150000079,MER-VEH-SUV-0001,MER-HEADLINER-0020
L17,PR-0002,RESISTANCE WELDING,WU86,S01,000150000080,MER-VEH-COMPACT-0001,MER-GEARBOX-HOUSING-0032
L17,PR-0034,CHASSIS FRAME MOLDING,WU87,S01,000150000081,MER-VEH-COMPACT-0001,MER-FUEL-PUMP-0037
L17,PR-0009,STACKING OPERATION,WU88,S02,000150000082,MER-VEH-COMPACT-0001,MER-DOORS-0004
L17,PR-0009,STACKING OPERATION,WU89,S02,000150000083,MER-VEH-COMPACT-0001,MER-DOOR-PANELS-0019
L17,PR-0001,BEAD APPLICATION,WU90,S02,000150000084,MER-VEH-COMPACT-0001,MER-CRANKSHAFT-0029
L17,PR-0003,BOLT TORQUING,WU91,S03,,MER-VEH-COMPACT-0001,
L17,PR-0029,CONNECTOR TERMINATION,WU92,S03,000150000085,MER-VEH-COMPACT-0001,MER-EXHAUST-PIPE-0042
L17,PR-0103,DISPENSING - FUEL RAIL,WU93,S03,000150000086,MER-VEH-COMPACT-0001,MER-GEAR-SET-0034
L18,PR-0016,SHEET METAL FORMING,WU94,S01,000150000087,MER-VEH-SUV-0001,MER-REAR-SUSPENSION-0011
L18,PR-0013,DOOR MOUNTING,WU95,S02,000150000088,MER-VEH-SUV-0001,MER-BRAKE-SYSTEM-0012
L18,PR-0009,STACKING OPERATION,WU96,S02,000150000089,MER-VEH-SUV-0001,MER-GEAR-SET-0034
L18,PR-0030,BLOCK MACHINING,WU97,S03,000150000090,MER-VEH-SUV-0001,
L18,PR-0061,SUSPENSION ARM CUTTING,WU98,S03,000150000091,MER-VEH-SUV-0001,
L19,PR-0002,RESISTANCE WELDING,WU99,S01,000150000092,MER-VEH-SUV-0001,MER-CYLINDER-HEAD-0028
L19,PR-0037,INSPECTION - GLASS PANEL,WU100,S01,000150000093,MER-VEH-SUV-0001,
L19,PR-0002,RESISTANCE WELDING,WU101,S02,000150000094,MER-VEH-SUV-0001,MER-BRAKE-SYSTEM-0012
L20,PR-0001,BEAD APPLICATION,WU102,S01,000150000095,MER-VEH-SUV-0001,MER-WIRING-HARNESS-0022
L20,PR-0001,BEAD APPLICATION,WU103,S01,000150000096,MER-VEH-SUV-0001,MER-CATALYTIC-CONVER-0040
L20,PR-0001,BEAD APPLICATION,WU104,S01,000150000097,MER-VEH-SUV-0001,MER-FRONT-SUSPENSION-0010
L20,PR-0003,BOLT TORQUING,WU105,S02,000150000098,MER-VEH-SUV-0001,
L20,PR-0001,BEAD APPLICATION,WU106,S02,000150000099,MER-VEH-SUV-0001,MER-WHEELS-0014
L20,PR-0001,BEAD APPLICATION,WU107,S02,000150000100,MER-VEH-SUV-0001,MER-FUEL-INJECTOR-0038
L20,PR-0001,BEAD APPLICATION,WU108,S03,000150000101,MER-VEH-SUV-0001,MER-CRANKSHAFT-0029
L21,PR-0001,BEAD APPLICATION,WU109,S01,000150000102,MER-VEH-SUV-0001,MER-REAR-SUSPENSION-0011
L21,PR-0004,AOI CHECK,WU110,S02,000150000103,MER-VEH-SUV-0001,
L21,PR-0071,ALIGNMENT - SEAT FRAME,WU111,S02,000150000104,MER-VEH-SUV-0001,
L21,PR-0015,MOTOR COIL WINDING,WU112,S03,000150000105,MER-VEH-SUV-0001,MER-STEERING-SYSTEM-0013
L21,PR-0001,BEAD APPLICATION,WU113,S04,000150000106,MER-VEH-SUV-0001,MER-FUEL-TANK-0036
L22,PR-0005,PRESSURE DECAY TEST,WU114,S01,,MER-VEH-SUV-0001,
L22,PR-0007,BASE COAT SPRAY,WU115,S02,000150000107,MER-VEH-SUV-0001,MER-STEERING-SYSTEM-0013
L22,PR-0002,RESISTANCE WELDING,WU116,S02,000150000108,MER-VEH-SUV-0001,MER-PISTONS-0030
L22,PR-0005,PRESSURE DECAY TEST,WU117,S02,000150000109,MER-VEH-SUV-0001,
L23,PR-0004,AOI CHECK,WU118,S01,000150000110,MER-VEH-SUV-0001,
L23,PR-0010,CABLE ROUTING,WU119,S01,000150000111,MER-VEH-SUV-0001,MER-WIRING-HARNESS-0022
L23,PR-0034,CHASSIS FRAME MOLDING,WU120,S02,,MER-VEH-SUV-0001,MER-REAR-SUSPENSION-0011
L23,PR-0009,STACKING OPERATION,WU121,S02,000150000112,MER-VEH-SUV-0001,MER-DASHBOARD-0017
L23,PR-0001,BEAD APPLICATION,WU122,S02,000150000113,MER-VEH-SUV-0001,MER-PISTONS-0030
L24,PR-0001,BEAD APPLICATION,WU123,S01,000150000114,MER-VEH-COMPACT-0001,MER-GEAR-SET-0034
L24,PR-0104,WELDING - DASHBOARD ASSEMBLY,WU124,S01,000150000115,MER-VEH-COMPACT-0001,MER-BODY-SHELL-0003
L24,PR-0033,CUTTING OPERATION - GLASS PANEL,WU125,S01,000150000116,MER-VEH-COMPACT-0001,
L24,PR-0027,CRANK GRINDING,WU126,S02,000150000117,MER-VEH-COMPACT-0001,
L24,PR-0120,PACKING - REAR AXLE,WU127,S03,000150000118,MER-VEH-COMPACT-0001,MER-FUEL-INJECTOR-0038
L24,PR-0014,ALIGNMENT CHECK,WU128,S03,000150000119,MER-VEH-COMPACT-0001,
L24,PR-0001,BEAD APPLICATION,WU129,S03,000150000120,MER-VEH-COMPACT-0001,MER-REAR-SUSPENSION-0011
L24,PR-0037,INSPECTION - GLASS PANEL,WU130,S04,000150000121,MER-VEH-COMPACT-0001,
L24,PR-0001,BEAD APPLICATION,WU131,S04,000150000122,MER-VEH-COMPACT-0001,MER-CYLINDER-HEAD-0028
L25,PR-0028,GEAR HOBBING,WU132,S01,000150000123,MER-VEH-COMPACT-0001,
L25,PR-0006,CATHODIC DIP COATING,WU133,S01,000150000124,MER-VEH-COMPACT-0001,MER-STEERING-SYSTEM-0013
L25,PR-0001,BEAD APPLICATION,WU134,S02,000150000125,MER-VEH-COMPACT-0001,MER-BRAKE-SYSTEM-0012
L25,PR-0001,BEAD APPLICATION,WU135,S02,000150000126,MER-VEH-COMPACT-0001,MER-FUEL-INJECTOR-0038
L25,PR-0006,CATHODIC DIP COATING,WU136,S02,000150000127,MER-VEH-COMPACT-0001,MER-PISTONS-0030
L26,PR-0018,DRAW FORMING,WU137,S01,000150000128,MER-VEH-COMPACT-0001,MER-CATALYTIC-CONVER-0040
L26,PR-0002,RESISTANCE WELDING,WU138,S02,000150000129,MER-VEH-COMPACT-0001,MER-BODY-SHELL-0003
L26,PR-0001,BEAD APPLICATION,WU139,S02,000150000130,MER-VEH-COMPACT-0001,MER-BRAKE-SYSTEM-0012
L26,PR-0005,PRESSURE DECAY TEST,WU140,S02,000150000131,MER-VEH-COMPACT-0001,
L26,PR-0063,GRINDING - BODY PANEL,WU141,S03,000150000132,MER-VEH-COMPACT-0001,
L26,PR-0056,BUMPER FASCIA CURING,WU142,S03,000150000133,MER-VEH-COMPACT-0001,
L26,PR-0031,TRANSMISSION HOUSING STAMPING,WU143,S03,000150000134,MER-VEH-COMPACT-0001,MER-DOORS-0004
L27,PR-0007,BASE COAT SPRAY,WU144,S01,000150000135,MER-VEH-SUV-0001,MER-HEADLINER-0020
L27,PR-0008,CLEAR COAT SPRAY,WU145,S01,000150000136,MER-VEH-SUV-0001,MER-HEADLINER-0020
L27,PR-0002,RESISTANCE WELDING,WU146,S01,000150000137,MER-VEH-SUV-0001,MER-EXHAUST-PIPE-0042
L27,PR-0001,BEAD APPLICATION,WU147,S02,000150000138,MER-VEH-SUV-0001,MER-REAR-SUSPENSION-0011
L27,PR-0001,BEAD APPLICATION,WU148,S02,000150000139,MER-VEH-SUV-0001,MER-CYLINDER-HEAD-0028
L27,PR-0088,ROOF RAIL DRILLING,WU149,S02,000150000140,MER-VEH-SUV-0001,
L27,PR-0010,CABLE ROUTING,WU150,S03,000150000141,MER-VEH-SUV-0001,MER-EXHAUST-PIPE-0042
L27,PR-0001,BEAD APPLICATION,WU151,S03,000150000142,MER-VEH-SUV-0001,MER-HOOD-0005
L27,PR-0013,DOOR MOUNTING,WU152,S04,000150000143,MER-VEH-SUV-0001,MER-DOOR-PANELS-0019
L28,PR-0003,BOLT TORQUING,WU153,S01,000150000144,MER-VEH-SUV-0001,
L28,PR-0007,BASE COAT SPRAY,WU154,S02,000150000145,MER-VEH-SUV-0001,MER-DASHBOARD-0017
L28,PR-0029,CONNECTOR TERMINATION,WU155,S02,000150000146,MER-VEH-SUV-0001,MER-BODY-SHELL-0003
L28,PR-0066,MILLING - RADIATOR CORE,WU156,S03,,MER-VEH-SUV-0001,
L28,PR-0034,CHASSIS FRAME MOLDING,WU157,S03,000150000147,MER-VEH-SUV-0001,MER-CENTER-CONSOLE-0018
L29,PR-0109,FUSING - WHEEL HUB,WU158,S01,000150000148,MER-VEH-COMPACT-0001,MER-BRAKE-SYSTEM-0012
L29,PR-0002,RESISTANCE WELDING,WU159,S02,000150000149,MER-VEH-COMPACT-0001,MER-WHEELS-0014
L29,PR-0027,CRANK GRINDING,WU160,S03,,MER-VEH-COMPACT-0001,
L29,PR-0105,EXHAUST MANIFOLD FORMING,WU161,S03,,MER-VEH-COMPACT-0001,MER-REAR-SUSPENSION-0011
L29,PR-0003,BOLT TORQUING,WU162,S03,000150000150,MER-VEH-COMPACT-0001,
L29,PR-0062,TRIMMING - WHEEL HUB,WU163,S04,000150000151,MER-VEH-COMPACT-0001,
L30,PR-0141,SUSPENSION ARM FASTENING,WU164,S01,000150000152,MER-VEH-SUV-0001,MER-LOW-VOLTAGE-BATT-0023
L30,PR-0025,CELL FORMATION,WU165,S01,000150000153,MER-VEH-SUV-0001,
L30,PR-0001,BEAD APPLICATION,WU166,S01,,MER-VEH-SUV-0001,MER-CENTER-CONSOLE-0018
L30,PR-0003,BOLT TORQUING,WU167,S02,000150000154,MER-VEH-SUV-0001,
L30,PR-0031,TRANSMISSION HOUSING STAMPING,WU168,S02,000150000155,MER-VEH-SUV-0001,MER-GEARBOX-HOUSING-0032
L30,PR-0091,BATTERY MODULE COATING,WU169,S03,000150000156,MER-VEH-SUV-0001,MER-SEATS-0016
L30,PR-0001,BEAD APPLICATION,WU170,S03,000150000157,MER-VEH-SUV-0001,MER-CRANKSHAFT-0029
L31,PR-0004,AOI CHECK,WU171,S01,000150000158,MER-VEH-SUV-0001,
L31,PR-0002,RESISTANCE WELDING,WU172,S01,000150000159,MER-VEH-SUV-0001,MER-LOW-VOLTAGE-BATT-0023
L31,PR-0007,BASE COAT SPRAY,WU173,S02,000150000160,MER-VEH-SUV-0001,MER-SEATS-0016
L31,PR-0051,BATTERY MODULE DISPENSING,WU174,S02,000150000161,MER-VEH-SUV-0001,MER-FUEL-TANK-0036
L31,PR-0011,EOL FUNCTIONAL CHECK,WU175,S02,000150000162,MER-VEH-SUV-0001,
L31,PR-0012,UNDERBODY SEAM SEALING,WU176,S03,000150000163,MER-VEH-SUV-0001,MER-GEARBOX-HOUSING-0032
L31,PR-0020,WIRE CRIMPING,WU177,S03,000150000164,MER-VEH-SUV-0001,MER-LOW-VOLTAGE-BATT-0023
L31,PR-0012,UNDERBODY SEAM SEALING,WU178,S04,000150000165,MER-VEH-SUV-0001,MER-LOW-VOLTAGE-BATT-0023
L32,PR-0032,TESTING - FUEL RAIL,WU179,S01,000150000166,MER-VEH-COMPACT-0001,
L32,PR-0001,BEAD APPLICATION,WU180,S02,000150000167,MER-VEH-COMPACT-0001,MER-CLUTCH-ASSEMBLY-0033
L32,PR-0001,BEAD APPLICATION,WU181,S02,000150000168,MER-VEH-COMPACT-0001,MER-CLUTCH-ASSEMBLY-0033
L32,PR-0072,CALIBRATION - BATTERY MODULE,WU182,S02,000150000169,MER-VEH-COMPACT-0001,
L32,PR-0009,STACKING OPERATION,WU183,S03,000150000170,MER-VEH-COMPACT-0001,MER-PISTONS-0030
L32,PR-0003,BOLT TORQUING,WU184,S03,000150000171,MER-VEH-COMPACT-0001,
L33,PR-0008,CLEAR COAT SPRAY,WU185,S01,000150000172,MER-VEH-COMPACT-0001,MER-BUMPER-FRONT-0006
L33,PR-0026,CAMSHAFT FITTING,WU186,S01,000150000173,MER-VEH-COMPACT-0001,MER-REAR-SUSPENSION-0011
L33,PR-0001,BEAD APPLICATION,WU187,S02,000150000174,MER-VEH-COMPACT-0001,MER-CENTER-CONSOLE-0018
L33,PR-0012,UNDERBODY SEAM SEALING,WU188,S02,,MER-VEH-COMPACT-0001,MER-LIGHTING-SYSTEM-0024
L33,PR-0001,BEAD APPLICATION,WU189,S03,000150000175,MER-VEH-COMPACT-0001,MER-CENTER-CONSOLE-0018
L34,PR-0088,ROOF RAIL DRILLING,WU190,S01,000150000176,MER-VEH-SUV-0001,
L34,PR-0015,MOTOR COIL WINDING,WU191,S01,000150000177,MER-VEH-SUV-0001,MER-FUEL-TANK-0036
L34,PR-0066,MILLING - RADIATOR CORE,WU192,S02,000150000178,MER-VEH-SUV-0001,
L35,PR-0039,COATING - HOOD PANEL,WU193,S01,000150000179,MER-VEH-COMPACT-0001,MER-SEATS-0016
L35,PR-0068,PACKAGING - DASHBOARD ASSEMBLY,WU194,S02,000150000180,MER-VEH-COMPACT-0001,MER-LOW-VOLTAGE-BATT-0023
L35,PR-0004,AOI CHECK,WU195,S02,000150000181,MER-VEH-COMPACT-0001,
L35,PR-0001,BEAD APPLICATION,WU196,S02,000150000182,MER-VEH-COMPACT-0001,MER-PISTONS-0030
L35,PR-0106,FASTENING - BRAKE CALIPER,WU197,S03,000150000183,MER-VEH-COMPACT-0001,MER-DASHBOARD-0017
L35,PR-0102,COATING - SEAT FRAME,WU198,S03,,MER-VEH-COMPACT-0001,MER-LIGHTING-SYSTEM-0024
L35,PR-0101,SEALING - REAR AXLE,WU199,S04,,MER-VEH-COMPACT-0001,MER-PISTONS-0030
L35,PR-0188,INSPECTION - FLOOR PAN,WU200,S04,000150000184,MER-VEH-COMPACT-0001,
L36,PR-0019,PIERCING STATION,WU201,S01,000150000185,MER-VEH-SUV-0001,
L36,PR-0011,EOL FUNCTIONAL CHECK,WU202,S01,000150000186,MER-VEH-SUV-0001,
L36,PR-0061,SUSPENSION ARM CUTTING,WU203,S02,000150000187,MER-VEH-SUV-0001,
L36,PR-0001,BEAD APPLICATION,WU204,S02,000150000188,MER-VEH-SUV-0001,MER-DASHBOARD-0017
L36,PR-0056,BUMPER FASCIA CURING,WU205,S02,000150000189,MER-VEH-SUV-0001,
L37,PR-0066,MILLING - RADIATOR CORE,WU206,S01,000150000190,MER-VEH-SUV-0001,
L37,PR-0017,BLANKING OPERATION,WU207,S02,000150000191,MER-VEH-SUV-0001,
L37,PR-0005,PRESSURE DECAY TEST,WU208,S02,000150000192,MER-VEH-SUV-0001,
L38,PR-0027,CRANK GRINDING,WU209,S01,000150000193,MER-VEH-SUV-0001,
L38,PR-0122,HOOD PANEL FASTENING,WU210,S02,000150000194,MER-VEH-SUV-0001,MER-EXHAUST-PIPE-0042
L38,PR-0001,BEAD APPLICATION,WU211,S02,000150000195,MER-VEH-SUV-0001,MER-LOW-VOLTAGE-BATT-0023
L39,PR-0003,BOLT TORQUING,WU212,S01,,MER-VEH-COMPACT-0001,
L39,PR-0029,CONNECTOR TERMINATION,WU213,S01,000150000196,MER-VEH-COMPACT-0001,MER-CLUTCH-ASSEMBLY-0033
L39,PR-0075,FUSING - DOOR MODULE,WU214,S02,000150000197,MER-VEH-COMPACT-0001,MER-PISTONS-0030
L39,PR-0026,CAMSHAFT FITTING,WU215,S02,,MER-VEH-COMPACT-0001,MER-GEAR-SET-0034
L39,PR-0018,DRAW FORMING,WU216,S02,000150000198,MER-VEH-COMPACT-0001,MER-CRANKSHAFT-0029
L39,PR-0001,BEAD APPLICATION,WU217,S03,000150000199,MER-VEH-COMPACT-0001,MER-LOW-VOLTAGE-BATT-0023
L39,PR-0007,BASE COAT SPRAY,WU218,S03,000150000200,MER-VEH-COMPACT-0001,MER-CLUTCH-ASSEMBLY-0033
L39,PR-0105,EXHAUST MANIFOLD FORMING,WU219,S03,000150000201,MER-VEH-COMPACT-0001,MER-HEADLINER-0020
L40,PR-0005,PRESSURE DECAY TEST,WU220,S01,000150000202,MER-VEH-SUV-0001,
L40,PR-0005,PRESSURE DECAY TEST,WU221,S01,000150000203,MER-VEH-SUV-0001,
L40,PR-0005,PRESSURE DECAY TEST,WU222,S02,000150000204,MER-VEH-SUV-0001,
L41,PR-0005,PRESSURE DECAY TEST,WU223,S01,000150000205,MER-VEH-COMPACT-0001,
L41,PR-0006,CATHODIC DIP COATING,WU224,S02,000150000206,MER-VEH-COMPACT-0001,MER-FUEL-PUMP-0037
L41,PR-0053,PRESS FORMING - DOOR MODULE,WU225,S02,000150000207,MER-VEH-COMPACT-0001,MER-WIRING-HARNESS-0022
L42,PR-0008,CLEAR COAT SPRAY,WU226,S01,000150000208,MER-VEH-COMPACT-0001,MER-GEARBOX-HOUSING-0032
L42,PR-0020,WIRE CRIMPING,WU227,S01,000150000209,MER-VEH-COMPACT-0001,MER-FRONT-SUSPENSION-0010
L42,PR-0008,CLEAR COAT SPRAY,WU228,S01,000150000210,MER-VEH-COMPACT-0001,MER-FENDERS-0008
L42,PR-0096,STEERING COLUMN ALIGNMENT,WU229,S02,000150000211,MER-VEH-COMPACT-0001,
L42,PR-0002,RESISTANCE WELDING,WU230,S02,000150000212,MER-VEH-COMPACT-0001,MER-LIGHTING-SYSTEM-0024
L42,PR-0001,BEAD APPLICATION,WU231,S03,000150000213,MER-VEH-COMPACT-0001,MER-FUEL-TANK-0036
L42,PR-0006,CATHODIC DIP COATING,WU232,S03,000150000214,MER-VEH-COMPACT-0001,MER-GEARBOX-HOUSING-0032
L42,PR-0172,CENTER CONSOLE FASTENING,WU233,S03,000150000215,MER-VEH-COMPACT-0001,MER-WHEELS-0014
L42,PR-0034,CHASSIS FRAME MOLDING,WU234,S04,000150000216,MER-VEH-COMPACT-0001,MER-FUEL-PUMP-0037
L43,PR-0021,CUSHION MOLDING,WU235,S01,000150000217,MER-VEH-COMPACT-0001,MER-CYLINDER-HEAD-0028
L43,PR-0006,CATHODIC DIP COATING,WU236,S01,000150000218,MER-VEH-COMPACT-0001,MER-LIGHTING-SYSTEM-0024
L43,PR-0003,BOLT TORQUING,WU237,S01,000150000219,MER-VEH-COMPACT-0001,
L43,PR-0155,CHECK - REAR AXLE,WU238,S02,000150000220,MER-VEH-COMPACT-0001,
L43,PR-0007,BASE COAT SPRAY,WU239,S03,000150000221,MER-VEH-COMPACT-0001,MER-EXHAUST-PIPE-0042
L43,PR-0037,INSPECTION - GLASS PANEL,WU240,S03,000150000222,MER-VEH-COMPACT-0001,
L43,PR-0066,MILLING - RADIATOR CORE,WU241,S04,000150000223,MER-VEH-COMPACT-0001,
L43,PR-0027,CRANK GRINDING,WU242,S04,000150000224,MER-VEH-COMPACT-0001,
L43,PR-0002,RESISTANCE WELDING,WU243,S04,,MER-VEH-COMPACT-0001,MER-CLUTCH-ASSEMBLY-0033
L44,PR-0003,BOLT TORQUING,WU244,S01,000150000225,MER-VEH-COMPACT-0001,
L44,PR-0001,BEAD APPLICATION,WU245,S01,000150000226,MER-VEH-COMPACT-0001,MER-STEERING-SYSTEM-0013
L44,PR-0167,DEFLASHING - WIRE HARNESS,WU246,S01,000150000227,MER-VEH-COMPACT-0001,
L44,PR-0076,CUTTING - CENTER CONSOLE,WU247,S02,000150000228,MER-VEH-COMPACT-0001,
L44,PR-0006,CATHODIC DIP COATING,WU248,S02,000150000229,MER-VEH-COMPACT-0001,MER-HOOD-0005
L44,PR-0107,PACKING - FUEL RAIL,WU249,S02,000150000230,MER-VEH-COMPACT-0001,MER-BRAKE-SYSTEM-0012
L44,PR-0001,BEAD APPLICATION,WU250,S03,000150000231,MER-VEH-COMPACT-0001,MER-FENDERS-0008
L44,PR-0001,BEAD APPLICATION,WU251,S03,000150000232,MER-VEH-COMPACT-0001,MER-FRONT-SUSPENSION-0010
L45,PR-0001,BEAD APPLICATION,WU252,S01,000150000233,MER-VEH-COMPACT-0001,MER-LOW-VOLTAGE-BATT-0023
L45,PR-0101,SEALING - REAR AXLE,WU253,S01,000150000234,MER-VEH-COMPACT-0001,MER-EXHAUST-PIPE-0042
L45,PR-0001,BEAD APPLICATION,WU254,S02,000150000235,MER-VEH-COMPACT-0001,MER-CYLINDER-HEAD-0028
L46,PR-0001,BEAD APPLICATION,WU255,S01,000150000236,MER-VEH-SUV-0001,MER-DOOR-PANELS-0019
L46,PR-0002,RESISTANCE WELDING,WU256,S01,,MER-VEH-SUV-0001,MER-BRAKE-SYSTEM-0012
L46,PR-0006,CATHODIC DIP COATING,WU257,S02,000150000237,MER-VEH-SUV-0001,MER-CLUTCH-ASSEMBLY-0033
L46,PR-0010,CABLE ROUTING,WU258,S02,,MER-VEH-SUV-0001,MER-LIGHTING-SYSTEM-0024
L46,PR-0002,RESISTANCE WELDING,WU259,S03,000150000238,MER-VEH-SUV-0001,MER-DOORS-0004
L47,PR-0064,DEFLASHING - CENTER CONSOLE,WU260,S01,000150000239,MER-VEH-COMPACT-0001,
L47,PR-0158,BRAKE CALIPER CUTTING,WU261,S01,000150000241,MER-VEH-COMPACT-0001,
L47,PR-0003,BOLT TORQUING,WU262,S01,000150000242,MER-VEH-COMPACT-0001,
L47,PR-0134,SEALING - STEERING COLUMN,WU263,S02,000150000243,MER-VEH-COMPACT-0001,MER-HEADLINER-0020
L48,PR-0069,INSPECTION - ROOF RAIL,WU264,S01,000150000244,MER-VEH-SUV-0001,
L48,PR-0103,DISPENSING - FUEL RAIL,WU265,S01,000150000245,MER-VEH-SUV-0001,MER-FENDERS-0008
L48,PR-0001,BEAD APPLICATION,WU266,S01,000150000246,MER-VEH-SUV-0001,MER-WIRING-HARNESS-0022
L48,PR-0076,CUTTING - CENTER CONSOLE,WU267,S02,000150000247,MER-VEH-SUV-0001,
L49,PR-0018,DRAW FORMING,WU268,S01,000150000248,MER-VEH-COMPACT-0001,MER-HOOD-0005
L49,PR-0001,BEAD APPLICATION,WU269,S02,000150000249,MER-VEH-COMPACT-0001,MER-REAR-SUSPENSION-0011
L49,PR-0047,SEALING - ENGINE BLOCK,WU270,S03,000150000250,MER-VEH-COMPACT-0001,MER-GEAR-SET-0034
L49,PR-0002,RESISTANCE WELDING,WU271,S03,000150000251,MER-VEH-COMPACT-0001,MER-FENDERS-0008
L50,PR-0061,SUSPENSION ARM CUTTING,WU272,S01,000150000252,MER-VEH-COMPACT-0001,
L50,PR-0022,COVER STITCHING,WU273,S02,000150000253,MER-VEH-COMPACT-0001,MER-BUMPER-FRONT-0006
L50,PR-0010,CABLE ROUTING,WU274,S03,000150000254,MER-VEH-COMPACT-0001,MER-REAR-SUSPENSION-0011
L51,PR-0001,BEAD APPLICATION,WU275,S01,000150000255,MER-VEH-SUV-0001,MER-CATALYTIC-CONVER-0040
L51,PR-0105,EXHAUST MANIFOLD FORMING,WU276,S01,000150000256,MER-VEH-SUV-0001,MER-MUFFLER-0041
L51,PR-0001,BEAD APPLICATION,WU277,S01,000150000257,MER-VEH-SUV-0001,MER-CYLINDER-HEAD-0028
L51,PR-0074,RADIATOR CORE ALIGNMENT,WU278,S02,000150000258,MER-VEH-SUV-0001,
L51,PR-0032,TESTING - FUEL RAIL,WU279,S03,,MER-VEH-SUV-0001,
L52,PR-0001,BEAD APPLICATION,WU280,S01,000150000259,MER-VEH-SUV-0001,MER-CLUTCH-ASSEMBLY-0033
L52,PR-0014,ALIGNMENT CHECK,WU281,S01,000150000260,MER-VEH-SUV-0001,
L52,PR-0160,SHAPING - RADIATOR CORE,WU282,S02,000150000261,MER-VEH-SUV-0001,MER-CATALYTIC-CONVER-0040
L52,PR-0127,WELDING - REAR AXLE,WU283,S03,000150000262,MER-VEH-SUV-0001,MER-STEERING-SYSTEM-0013
L53,PR-0001,BEAD APPLICATION,WU284,S01,000150000263,MER-VEH-SUV-0001,MER-CENTER-CONSOLE-0018
L53,PR-0002,RESISTANCE WELDING,WU285,S01,000150000264,MER-VEH-SUV-0001,MER-BODY-SHELL-0003
L53,PR-0001,BEAD APPLICATION,WU286,S02,000150000265,MER-VEH-SUV-0001,MER-LOW-VOLTAGE-BATT-0023
L53,PR-0048,GRINDING - TRUNK LID,WU287,S02,000150000266,MER-VEH-SUV-0001,
L53,PR-0001,BEAD APPLICATION,WU288,S03,000150000267,MER-VEH-SUV-0001,MER-CATALYTIC-CONVER-0040
L54,PR-0001,BEAD APPLICATION,WU289,S01,000150000268,MER-VEH-SUV-0001,MER-BODY-SHELL-0003
L54,PR-0006,CATHODIC DIP COATING,WU290,S01,000150000269,MER-VEH-SUV-0001,MER-PISTONS-0030
L54,PR-0165,BAKING - GLASS PANEL,WU291,S02,000150000270,MER-VEH-SUV-0001,
L54,PR-0003,BOLT TORQUING,WU292,S02,000150000271,MER-VEH-SUV-0001,
L54,PR-0040,SHAPING - GLASS PANEL,WU293,S03,000150000272,MER-VEH-SUV-0001,MER-HEADLINER-0020
L54,PR-0001,BEAD APPLICATION,WU294,S04,000150000273,MER-VEH-SUV-0001,MER-MUFFLER-0041
L54,PR-0022,COVER STITCHING,WU295,S04,000150000274,MER-VEH-SUV-0001,MER-INFOTAINMENT-UNI-0025
L54,PR-0017,BLANKING OPERATION,WU296,S04,000150000275,MER-VEH-SUV-0001,
L55,PR-0114,QC REVIEW - BRAKE CALIPER,WU297,S01,000150000276,MER-VEH-COMPACT-0001,
L55,PR-0038,SETTING - BODY PANEL,WU298,S02,000150000277,MER-VEH-COMPACT-0001,
L55,PR-0001,BEAD APPLICATION,WU299,S02,000150000278,MER-VEH-COMPACT-0001,MER-CENTER-CONSOLE-0018
L55,PR-0006,CATHODIC DIP COATING,WU300,S02,000150000279,MER-VEH-COMPACT-0001,MER-BUMPER-FRONT-0006
L55,PR-0001,BEAD APPLICATION,WU301,S03,000150000280,MER-VEH-COMPACT-0001,MER-LIGHTING-SYSTEM-0024
L55,PR-0002,RESISTANCE WELDING,WU302,S03,000150000281,MER-VEH-COMPACT-0001,MER-EXHAUST-PIPE-0042
L55,PR-0169,WIRE HARNESS CALIBRATION,WU303,S03,000150000282,MER-VEH-COMPACT-0001,
L55,PR-0008,CLEAR COAT SPRAY,WU304,S04,000150000283,MER-VEH-COMPACT-0001,MER-BODY-SHELL-0003
L56,PR-0092,DRILLING - FENDER PANEL,WU305,S01,000150000284,MER-VEH-COMPACT-0001,
L56,PR-0001,BEAD APPLICATION,WU306,S02,,MER-VEH-COMPACT-0001,MER-BODY-SHELL-0003
L56,PR-0099,QC REVIEW - BUMPER FASCIA,WU307,S03,000150000285,MER-VEH-COMPACT-0001,
L56,PR-0105,EXHAUST MANIFOLD FORMING,WU308,S04,000150000286,MER-VEH-COMPACT-0001,MER-FUEL-INJECTOR-0038
L56,PR-0026,CAMSHAFT FITTING,WU309,S04,000150000287,MER-VEH-COMPACT-0001,MER-BRAKE-SYSTEM-0012
L57,PR-0001,BEAD APPLICATION,WU310,S01,000150000288,MER-VEH-SUV-0001,MER-CYLINDER-BLOCK-0027
L57,PR-0097,PRESS FORMING - REAR AXLE,WU311,S01,000150000289,MER-VEH-SUV-0001,MER-CYLINDER-BLOCK-0027
L57,PR-0111,RADIATOR CORE CUTTING,WU312,S02,000150000290,MER-VEH-SUV-0001,
L57,PR-0002,RESISTANCE WELDING,WU313,S03,000150000291,MER-VEH-SUV-0001,MER-HEADLINER-0020
L58,PR-0141,SUSPENSION ARM FASTENING,WU314,S01,,MER-VEH-SUV-0001,MER-WIRING-HARNESS-0022
L58,PR-0100,MACHINING - BRAKE CALIPER,WU315,S01,000150000292,MER-VEH-SUV-0001,
L58,PR-0002,RESISTANCE WELDING,WU316,S01,000150000293,MER-VEH-SUV-0001,MER-CRANKSHAFT-0029
L58,PR-0006,CATHODIC DIP COATING,WU317,S02,000150000294,MER-VEH-SUV-0001,MER-REAR-SUSPENSION-0011
L58,PR-0004,AOI CHECK,WU318,S02,000150000295,MER-VEH-SUV-0001,
L58,PR-0010,CABLE ROUTING,WU319,S02,000150000296,MER-VEH-SUV-0001,MER-FENDERS-0008
L58,PR-0104,WELDING - DASHBOARD ASSEMBLY,WU320,S03,000150000297,MER-VEH-SUV-0001,MER-EXHAUST-PIPE-0042
L58,PR-0096,STEERING COLUMN ALIGNMENT,WU321,S04,000150000298,MER-VEH-SUV-0001,
L58,PR-0002,RESISTANCE WELDING,WU322,S04,000150000299,MER-VEH-SUV-0001,MER-BODY-SHELL-0003
L58,PR-0014,ALIGNMENT CHECK,WU323,S04,000150000300,MER-VEH-SUV-0001,
L59,PR-0013,DOOR MOUNTING,WU324,S01,000150000301,MER-VEH-COMPACT-0001,MER-FRONT-SUSPENSION-0010
L59,PR-0008,CLEAR COAT SPRAY,WU325,S01,000150000302,MER-VEH-COMPACT-0001,MER-GEARBOX-HOUSING-0032
L59,PR-0037,INSPECTION - GLASS PANEL,WU326,S02,000150000303,MER-VEH-COMPACT-0001,
L59,PR-0025,CELL FORMATION,WU327,S03,,MER-VEH-COMPACT-0001,
L59,PR-0003,BOLT TORQUING,WU328,S03,000150000304,MER-VEH-COMPACT-0001,
L59,PR-0004,AOI CHECK,WU329,S03,000150000305,MER-VEH-COMPACT-0001,
L59,PR-0104,WELDING - DASHBOARD ASSEMBLY,WU330,S04,000150000306,MER-VEH-COMPACT-0001,MER-LIGHTING-SYSTEM-0024
L59,PR-0004,AOI CHECK,WU331,S04,000150000307,MER-VEH-COMPACT-0001,
L60,PR-0008,CLEAR COAT SPRAY,WU332,S01,,MER-VEH-COMPACT-0001,MER-WHEELS-0014
L60,PR-0171,DRILLING - SEAT FRAME,WU333,S02,,MER-VEH-COMPACT-0001,
L60,PR-0087,TRIMMING OPERATION - REAR AXLE,WU334,S02,000150000308,MER-VEH-COMPACT-0001,
L61,PR-0034,CHASSIS FRAME MOLDING,WU335,S01,000150000309,MER-VEH-SUV-0001,MER-BUMPER-FRONT-0006
L61,PR-0003,BOLT TORQUING,WU336,S02,000150000310,MER-VEH-SUV-0001,
L61,PR-0023,INTERIOR FITTING,WU337,S02,000150000311,MER-VEH-SUV-0001,MER-DASHBOARD-0017
L62,PR-0024,CIRCUIT BOARD ASSEMBLY,WU338,S01,000150000312,MER-VEH-SUV-0001,MER-DOORS-0004
L62,PR-0006,CATHODIC DIP COATING,WU339,S02,000150000313,MER-VEH-SUV-0001,MER-LIGHTING-SYSTEM-0024
L62,PR-0001,BEAD APPLICATION,WU340,S02,000150000314,MER-VEH-SUV-0001,MER-WIRING-HARNESS-0022
L62,PR-0005,PRESSURE DECAY TEST,WU341,S03,000150000315,MER-VEH-SUV-0001,
L62,PR-0011,EOL FUNCTIONAL CHECK,WU342,S03,000150000316,MER-VEH-SUV-0001,
L62,PR-0150,PACKAGING - SEAT FRAME,WU343,S03,000150000317,MER-VEH-SUV-0001,MER-CATALYTIC-CONVER-0040
L62,PR-0040,SHAPING - GLASS PANEL,WU344,S04,000150000318,MER-VEH-SUV-0001,MER-GEAR-SET-0034
L62,PR-0001,BEAD APPLICATION,WU345,S04,000150000319,MER-VEH-SUV-0001,MER-HEADLINER-0020
L62,PR-0003,BOLT TORQUING,WU346,S04,,MER-VEH-SUV-0001,
L63,PR-0012,UNDERBODY SEAM SEALING,WU347,S01,000150000320,MER-VEH-COMPACT-0001,MER-LOW-VOLTAGE-BATT-0023
L63,PR-0008,CLEAR COAT SPRAY,WU348,S02,,MER-VEH-COMPACT-0001,MER-CRANKSHAFT-0029
L63,PR-0001,BEAD APPLICATION,WU349,S02,000150000321,MER-VEH-COMPACT-0001,MER-STEERING-SYSTEM-0013
L63,PR-0137,PACKAGING - CHASSIS FRAME,WU350,S02,000150000322,MER-VEH-COMPACT-0001,MER-INFOTAINMENT-UNI-0025
L63,PR-0114,QC REVIEW - BRAKE CALIPER,WU351,S03,000150000323,MER-VEH-COMPACT-0001,
L63,PR-0128,GRINDING - ROOF RAIL,WU352,S03,000150000324,MER-VEH-COMPACT-0001,
L63,PR-0007,BASE COAT SPRAY,WU353,S03,,MER-VEH-COMPACT-0001,MER-BODY-SHELL-0003
L63,PR-0075,FUSING - DOOR MODULE,WU354,S04,000150000325,MER-VEH-COMPACT-0001,MER-CATALYTIC-CONVER-0040
L64,PR-0036,MOLDING - HOOD PANEL,WU355,S01,000150000326,MER-VEH-COMPACT-0001,MER-MUFFLER-0041
L64,PR-0011,EOL FUNCTIONAL CHECK,WU356,S01,000150000327,MER-VEH-COMPACT-0001,
L64,PR-0001,BEAD APPLICATION,WU357,S02,000150000328,MER-VEH-COMPACT-0001,MER-FUEL-INJECTOR-0038
L64,PR-0001,BEAD APPLICATION,WU358,S02,000150000329,MER-VEH-COMPACT-0001,MER-FRONT-SUSPENSION-0010
L64,PR-0002,RESISTANCE WELDING,WU359,S03,000150000330,MER-VEH-COMPACT-0001,MER-GEAR-SET-0034
L65,PR-0109,FUSING - WHEEL HUB,WU360,S01,000150000331,MER-VEH-SUV-0001,MER-LIGHTING-SYSTEM-0024
L65,PR-0028,GEAR HOBBING,WU361,S01,000150000332,MER-VEH-SUV-0001,
L65,PR-0181,CURING - HOOD PANEL,WU362,S01,000150000333,MER-VEH-SUV-0001,
L65,PR-0016,SHEET METAL FORMING,WU363,S02,000150000334,MER-VEH-SUV-0001,MER-EXHAUST-PIPE-0042
L65,PR-0001,BEAD APPLICATION,WU364,S02,000150000335,MER-VEH-SUV-0001,MER-BODY-SHELL-0003
L65,PR-0009,STACKING OPERATION,WU365,S03,000150000336,MER-VEH-SUV-0001,MER-CENTER-CONSOLE-0018
L65,PR-0001,BEAD APPLICATION,WU366,S03,000150000338,MER-VEH-SUV-0001,MER-BUMPER-FRONT-0006
L65,PR-0112,MOLDING - GLASS PANEL,WU367,S03,000150000339,MER-VEH-SUV-0001,MER-MUFFLER-0041
L65,PR-0003,BOLT TORQUING,WU368,S04,000150000340,MER-VEH-SUV-0001,
L65,PR-0002,RESISTANCE WELDING,WU369,S04,000150000341,MER-VEH-SUV-0001,MER-FENDERS-0008
L66,PR-0011,EOL FUNCTIONAL CHECK,WU370,S01,000150000342,MER-VEH-COMPACT-0001,
L66,PR-0065,BAKING - SEAT FRAME,WU371,S01,000150000343,MER-VEH-COMPACT-0001,
L66,PR-0011,EOL FUNCTIONAL CHECK,WU372,S02,000150000344,MER-VEH-COMPACT-0001,
L66,PR-0001,BEAD APPLICATION,WU373,S02,000150000345,MER-VEH-COMPACT-0001,MER-DOORS-0004
L66,PR-0044,MILLING - WHEEL HUB,WU374,S03,000150000346,MER-VEH-COMPACT-0001,
L66,PR-0001,BEAD APPLICATION,WU375,S04,000150000347,MER-VEH-COMPACT-0001,MER-BUMPER-FRONT-0006
L66,PR-0020,WIRE CRIMPING,WU376,S04,000150000348,MER-VEH-COMPACT-0001,MER-MUFFLER-0041
L67,PR-0021,CUSHION MOLDING,WU377,S01,000150000349,MER-VEH-COMPACT-0001,MER-LOW-VOLTAGE-BATT-0023
L67,PR-0002,RESISTANCE WELDING,WU378,S02,000150000350,MER-VEH-COMPACT-0001,MER-BUMPER-FRONT-0006
L68,PR-0008,CLEAR COAT SPRAY,WU379,S01,000150000351,MER-VEH-COMPACT-0001,MER-CENTER-CONSOLE-0018
L68,PR-0001,BEAD APPLICATION,WU380,S02,000150000352,MER-VEH-COMPACT-0001,MER-DOOR-PANELS-0019
L68,PR-0003,BOLT TORQUING,WU381,S02,000150000354,MER-VEH-COMPACT-0001,
L68,PR-0021,CUSHION MOLDING,WU382,S02,000150000355,MER-VEH-COMPACT-0001,MER-GEAR-SET-0034
L68,PR-0003,BOLT TORQUING,WU383,S03,000150000356,MER-VEH-COMPACT-0001,
L68,PR-0001,BEAD APPLICATION,WU384,S03,,MER-VEH-COMPACT-0001,MER-REAR-SUSPENSION-0011
L68,PR-0030,BLOCK MACHINING,WU385,S03,000150000357,MER-VEH-COMPACT-0001,
L68,PR-0044,MILLING - WHEEL HUB,WU386,S04,000150000358,MER-VEH-COMPACT-0001,
L69,PR-0090,TESTING - WIRE HARNESS,WU387,S01,000150000359,MER-VEH-SUV-0001,
L69,PR-0096,STEERING COLUMN ALIGNMENT,WU388,S01,000150000360,MER-VEH-SUV-0001,
L69,PR-0010,CABLE ROUTING,WU389,S02,000150000361,MER-VEH-SUV-0001,MER-BUMPER-FRONT-0006
L69,PR-0006,CATHODIC DIP COATING,WU390,S02,000150000362,MER-VEH-SUV-0001,MER-GEARBOX-HOUSING-0032
L69,PR-0018,DRAW FORMING,WU391,S03,000150000363,MER-VEH-SUV-0001,MER-DOOR-PANELS-0019
L69,PR-0059,DRILLING - TRUNK LID,WU392,S03,000150000364,MER-VEH-SUV-0001,
L69,PR-0009,STACKING OPERATION,WU393,S03,,MER-VEH-SUV-0001,MER-BUMPER-REAR-0007
L70,PR-0195,CENTER CONSOLE MACHINING,WU394,S01,000150000365,MER-VEH-COMPACT-0001,
L70,PR-0024,CIRCUIT BOARD ASSEMBLY,WU395,S01,000150000366,MER-VEH-COMPACT-0001,MER-DOOR-PANELS-0019
L70,PR-0003,BOLT TORQUING,WU396,S02,000150000367,MER-VEH-COMPACT-0001,
L70,PR-0060,GRINDING - REAR AXLE,WU397,S02,000150000368,MER-VEH-COMPACT-0001,
L70,PR-0001,BEAD APPLICATION,WU398,S03,000150000369,MER-VEH-COMPACT-0001,MER-DOOR-PANELS-0019
L70,PR-0137,PACKAGING - CHASSIS FRAME,WU399,S03,000150000370,MER-VEH-COMPACT-0001,MER-REAR-SUSPENSION-0011
L70,PR-0004,AOI CHECK,WU400,S03,000150000371,MER-VEH-COMPACT-0001,
L71,PR-0031,TRANSMISSION HOUSING STAMPING,WU401,S01,000150000372,MER-VEH-COMPACT-0001,MER-FRONT-SUSPENSION-0010
L71,PR-0022,COVER STITCHING,WU402,S01,000150000373,MER-VEH-COMPACT-0001,MER-BUMPER-FRONT-0006
L71,PR-0001,BEAD APPLICATION,WU403,S02,000150000374,MER-VEH-COMPACT-0001,MER-FUEL-TANK-0036
L71,PR-0039,COATING - HOOD PANEL,WU404,S02,000150000375,MER-VEH-COMPACT-0001,MER-BODY-SHELL-0003
L71,PR-0003,BOLT TORQUING,WU405,S02,000150000376,MER-VEH-COMPACT-0001,
L71,PR-0005,PRESSURE DECAY TEST,WU406,S03,000150000377,MER-VEH-COMPACT-0001,
L71,PR-0001,BEAD APPLICATION,WU407,S03,000150000378,MER-VEH-COMPACT-0001,MER-WIRING-HARNESS-0022
L71,PR-0066,MILLING - RADIATOR CORE,WU408,S03,,MER-VEH-COMPACT-0001,
L72,PR-0088,ROOF RAIL DRILLING,WU409,S01,000150000379,MER-VEH-COMPACT-0001,
L72,PR-0001,BEAD APPLICATION,WU410,S01,000150000380,MER-VEH-COMPACT-0001,MER-BODY-SHELL-0003
L72,PR-0067,ENGINE BLOCK FORMING,WU411,S01,000150000381,MER-VEH-COMPACT-0001,MER-GEAR-SET-0034
L72,PR-0110,CUTTING - EXHAUST MANIFOLD,WU412,S02,000150000382,MER-VEH-COMPACT-0001,
L72,PR-0001,BEAD APPLICATION,WU413,S02,000150000383,MER-VEH-COMPACT-0001,MER-CENTER-CONSOLE-0018
L72,PR-0197,STAMPING - ROOF RAIL,WU414,S03,000150000384,MER-VEH-COMPACT-0001,MER-EXHAUST-PIPE-0042
L72,PR-0001,BEAD APPLICATION,WU415,S03,000150000385,MER-VEH-COMPACT-0001,MER-DOORS-0004
L72,PR-0079,TRUNK LID ASSEMBLY,WU416,S03,000150000386,MER-VEH-COMPACT-0001,MER-WHEELS-0014
L72,PR-0015,MOTOR COIL WINDING,WU417,S04,000150000387,MER-VEH-COMPACT-0001,MER-CENTER-CONSOLE-0018
L73,PR-0156,PACKING - WHEEL HUB,WU418,S01,,MER-VEH-SUV-0001,MER-HOOD-0005
L73,PR-0004,AOI CHECK,WU419,S01,000150000388,MER-VEH-SUV-0001,
L73,PR-0005,PRESSURE DECAY TEST,WU420,S02,000150000389,MER-VEH-SUV-0001,
L73,PR-0078,ASSEMBLY - FLOOR PAN,WU421,S02,000150000390,MER-VEH-SUV-0001,MER-DOOR-PANELS-0019
L73,PR-0037,INSPECTION - GLASS PANEL,WU422,S02,000150000391,MER-VEH-SUV-0001,
L74,PR-0019,PIERCING STATION,WU423,S01,000150000392,MER-VEH-COMPACT-0001,
L74,PR-0025,CELL FORMATION,WU424,S01,000150000393,MER-VEH-COMPACT-0001,
L74,PR-0031,TRANSMISSION HOUSING STAMPING,WU425,S02,000150000394,MER-VEH-COMPACT-0001,MER-HEADLINER-0020
L74,PR-0001,BEAD APPLICATION,WU426,S02,000150000395,MER-VEH-COMPACT-0001,MER-DOOR-PANELS-0019
L74,PR-0001,BEAD APPLICATION,WU427,S03,000150000396,MER-VEH-COMPACT-0001,MER-LOW-VOLTAGE-BATT-0023
L75,PR-0002,RESISTANCE WELDING,WU428,S01,000150000397,MER-VEH-COMPACT-0001,MER-FRONT-SUSPENSION-0010
L75,PR-0002,RESISTANCE WELDING,WU429,S01,000150000398,MER-VEH-COMPACT-0001,MER-REAR-SUSPENSION-0011
L75,PR-0080,SEALING - DASHBOARD ASSEMBLY,WU430,S02,,MER-VEH-COMPACT-0001,MER-WIRING-HARNESS-0022
L75,PR-0006,CATHODIC DIP COATING,WU431,S02,000150000399,MER-VEH-COMPACT-0001,MER-CYLINDER-HEAD-0028
L75,PR-0010,CABLE ROUTING,WU432,S03,000150000400,MER-VEH-COMPACT-0001,MER-DASHBOARD-0017
L75,PR-0001,BEAD APPLICATION,WU433,S03,000150000401,MER-VEH-COMPACT-0001,MER-HEADLINER-0020
L76,PR-0094,GRINDING - CHASSIS FRAME,WU434,S01,000150000402,MER-VEH-COMPACT-0001,
L76,PR-0001,BEAD APPLICATION,WU435,S01,000150000403,MER-VEH-COMPACT-0001,MER-EXHAUST-PIPE-0042
L76,PR-0001,BEAD APPLICATION,WU436,S01,000150000404,MER-VEH-COMPACT-0001,MER-CYLINDER-HEAD-0028
L76,PR-0066,MILLING - RADIATOR CORE,WU437,S02,,MER-VEH-COMPACT-0001,
L76,PR-0001,BEAD APPLICATION,WU438,S02,000150000405,MER-VEH-COMPACT-0001,MER-DOORS-0004
L77,PR-0060,GRINDING - REAR AXLE,WU439,S01,000150000406,MER-VEH-SUV-0001,
L77,PR-0004,AOI CHECK,WU440,S01,000150000407,MER-VEH-SUV-0001,
L77,PR-0054,VERIFICATION - CHASSIS FRAME,WU441,S02,000150000408,MER-VEH-SUV-0001,
L77,PR-0001,BEAD APPLICATION,WU442,S02,000150000409,MER-VEH-SUV-0001,MER-SEATS-0016
L78,PR-0004,AOI CHECK,WU443,S01,000150000410,MER-VEH-SUV-0001,
L78,PR-0009,STACKING OPERATION,WU444,S02,000150000411,MER-VEH-SUV-0001,MER-DOORS-0004
L79,PR-0022,COVER STITCHING,WU445,S01,000150000412,MER-VEH-SUV-0001,MER-FUEL-PUMP-0037
L79,PR-0077,FASTENING - EXHAUST MANIFOLD,WU446,S01,000150000413,MER-VEH-SUV-0001,MER-FUEL-TANK-0036
L79,PR-0002,RESISTANCE WELDING,WU447,S01,000150000414,MER-VEH-SUV-0001,MER-HEADLINER-0020
L79,PR-0027,CRANK GRINDING,WU448,S02,000150000415,MER-VEH-SUV-0001,
L79,PR-0001,BEAD APPLICATION,WU449,S02,000150000416,MER-VEH-SUV-0001,MER-BRAKE-SYSTEM-0012
L79,PR-0060,GRINDING - REAR AXLE,WU450,S02,000150000417,MER-VEH-SUV-0001,
L79,PR-0135,DOOR MODULE FASTENING,WU451,S03,000150000418,MER-VEH-SUV-0001,MER-PISTONS-0030
L79,PR-0001,BEAD APPLICATION,WU452,S03,000150000419,MER-VEH-SUV-0001,MER-FRONT-SUSPENSION-0010
L80,PR-0001,BEAD APPLICATION,WU453,S01,000150000420,MER-VEH-COMPACT-0001,MER-CLUTCH-ASSEMBLY-0033
L80,PR-0058,TRANSMISSION HOUSING MOLDING,WU454,S02,000150000421,MER-VEH-COMPACT-0001,MER-FUEL-PUMP-0037
L80,PR-0099,QC REVIEW - BUMPER FASCIA,WU455,S02,000150000422,MER-VEH-COMPACT-0001,
L80,PR-0025,CELL FORMATION,WU456,S02,,MER-VEH-COMPACT-0001,
L80,PR-0008,CLEAR COAT SPRAY,WU457,S03,000150000423,MER-VEH-COMPACT-0001,MER-FENDERS-0008
L80,PR-0052,BUILD - ENGINE BLOCK,WU458,S03,000150000424,MER-VEH-COMPACT-0001,MER-LOW-VOLTAGE-BATT-0023
L80,PR-0003,BOLT TORQUING,WU459,S04,000150000425,MER-VEH-COMPACT-0001,
L80,PR-0191,REAR AXLE FASTENING,WU460,S04,,MER-VEH-COMPACT-0001,MER-FENDERS-0008
L80,PR-0082,CURING - STEERING COLUMN,WU461,S04,000150000426,MER-VEH-COMPACT-0001,
L81,PR-0103,DISPENSING - FUEL RAIL,WU462,S01,000150000427,MER-VEH-SUV-0001,MER-CYLINDER-BLOCK-0027
L81,PR-0085,BRAKE CALIPER TRIMMING,WU463,S01,000150000428,MER-VEH-SUV-0001,
L81,PR-0135,DOOR MODULE FASTENING,WU464,S02,000150000429,MER-VEH-SUV-0001,MER-CRANKSHAFT-0029
L81,PR-0001,BEAD APPLICATION,WU465,S03,000150000430,MER-VEH-SUV-0001,MER-BODY-SHELL-0003
L81,PR-0117,VERIFICATION - SEAT FRAME,WU466,S03,000150000431,MER-VEH-SUV-0001,
L81,PR-0002,RESISTANCE WELDING,WU467,S04,000150000432,MER-VEH-SUV-0001,MER-MUFFLER-0041
L81,PR-0005,PRESSURE DECAY TEST,WU468,S04,000150000433,MER-VEH-SUV-0001,
L81,PR-0005,PRESSURE DECAY TEST,WU469,S04,,MER-VEH-SUV-0001,
L82,PR-0002,RESISTANCE WELDING,WU470,S01,000150000434,MER-VEH-COMPACT-0001,MER-BRAKE-SYSTEM-0012
L82,PR-0007,BASE COAT SPRAY,WU471,S01,000150000435,MER-VEH-COMPACT-0001,MER-HEADLINER-0020
L82,PR-0011,EOL FUNCTIONAL CHECK,WU472,S01,000150000436,MER-VEH-COMPACT-0001,
L82,PR-0001,BEAD APPLICATION,WU473,S02,000150000437,MER-VEH-COMPACT-0001,MER-BRAKE-SYSTEM-0012
L82,PR-0005,PRESSURE DECAY TEST,WU474,S03,000150000438,MER-VEH-COMPACT-0001,
L82,PR-0004,AOI CHECK,WU475,S03,000150000439,MER-VEH-COMPACT-0001,
L82,PR-0030,BLOCK MACHINING,WU476,S04,000150000440,MER-VEH-COMPACT-0001,
L83,PR-0017,BLANKING OPERATION,WU477,S01,000150000441,MER-VEH-SUV-0001,
L83,PR-0038,SETTING - BODY PANEL,WU478,S01,000150000442,MER-VEH-SUV-0001,
L83,PR-0056,BUMPER FASCIA CURING,WU479,S01,000150000443,MER-VEH-SUV-0001,
L83,PR-0028,GEAR HOBBING,WU480,S02,000150000444,MER-VEH-SUV-0001,
L83,PR-0002,RESISTANCE WELDING,WU481,S03,000150000445,MER-VEH-SUV-0001,MER-FUEL-INJECTOR-0038
L83,PR-0011,EOL FUNCTIONAL CHECK,WU482,S03,000150000446,MER-VEH-SUV-0001,
L83,PR-0009,STACKING OPERATION,WU483,S04,,MER-VEH-SUV-0001,MER-CLUTCH-ASSEMBLY-0033
L83,PR-0001,BEAD APPLICATION,WU484,S04,000150000447,MER-VEH-SUV-0001,MER-EXHAUST-PIPE-0042
L83,PR-0108,SEAT FRAME FORMING,WU485,S04,000150000448,MER-VEH-SUV-0001,MER-DASHBOARD-0017
L84,PR-0001,BEAD APPLICATION,WU486,S01,000150000449,MER-VEH-COMPACT-0001,MER-LIGHTING-SYSTEM-0024
L84,PR-0175,SEAL APPLICATION - RADIATOR CORE,WU487,S01,000150000450,MER-VEH-COMPACT-0001,MER-INFOTAINMENT-UNI-0025
L84,PR-0001,BEAD APPLICATION,WU488,S02,000150000451,MER-VEH-COMPACT-0001,MER-REAR-SUSPENSION-0011
L84,PR-0041,BODY PANEL COATING,WU489,S03,000150000452,MER-VEH-COMPACT-0001,MER-CATALYTIC-CONVER-0040
L84,PR-0003,BOLT TORQUING,WU490,S03,000150000453,MER-VEH-COMPACT-0001,
L84,PR-0115,GLASS PANEL PACKAGING,WU491,S03,000150000454,MER-VEH-COMPACT-0001,MER-FUEL-PUMP-0037
L84,PR-0071,ALIGNMENT - SEAT FRAME,WU492,S04,000150000455,MER-VEH-COMPACT-0001,
L84,PR-0001,BEAD APPLICATION,WU493,S04,000150000456,MER-VEH-COMPACT-0001,MER-EXHAUST-PIPE-0042
L84,PR-0001,BEAD APPLICATION,WU494,S04,000150000457,MER-VEH-COMPACT-0001,MER-HEADLINER-0020
L85,PR-0019,PIERCING STATION,WU495,S01,000150000458,MER-VEH-SUV-0001,
L85,PR-0001,BEAD APPLICATION,WU496,S01,000150000459,MER-VEH-SUV-0001,MER-BUMPER-REAR-0007
L85,PR-0001,BEAD APPLICATION,WU497,S01,000150000460,MER-VEH-SUV-0001,MER-FENDERS-0008
L85,PR-0166,ALIGNMENT - FUEL RAIL,WU498,S02,000150000461,MER-VEH-SUV-0001,
L85,PR-0023,INTERIOR FITTING,WU499,S03,000150000462,MER-VEH-SUV-0001,MER-LIGHTING-SYSTEM-0024
L85,PR-0001,BEAD APPLICATION,WU500,S03,000150000463,MER-VEH-SUV-0001,MER-FUEL-TANK-0036
L86,PR-0010,CABLE ROUTING,WU501,S01,000150000464,MER-VEH-SUV-0001,MER-PISTONS-0030
L86,PR-0001,BEAD APPLICATION,WU502,S01,000150000465,MER-VEH-SUV-0001,MER-GEARBOX-HOUSING-0032
L86,PR-0064,DEFLASHING - CENTER CONSOLE,WU503,S01,000150000466,MER-VEH-SUV-0001,
L86,PR-0001,BEAD APPLICATION,WU504,S02,000150000467,MER-VEH-SUV-0001,MER-CLUTCH-ASSEMBLY-0033
L86,PR-0005,PRESSURE DECAY TEST,WU505,S02,000150000468,MER-VEH-SUV-0001,
L86,PR-0002,RESISTANCE WELDING,WU506,S02,000150000469,MER-VEH-SUV-0001,MER-FUEL-TANK-0036
L87,PR-0179,INSPECTION - WIRE HARNESS,WU507,S01,000150000470,MER-VEH-COMPACT-0001,
L87,PR-0001,BEAD APPLICATION,WU508,S01,000150000471,MER-VEH-COMPACT-0001,MER-CATALYTIC-CONVER-0040
L87,PR-0039,COATING - HOOD PANEL,WU509,S02,000150000472,MER-VEH-COMPACT-0001,MER-SEATS-0016
L87,PR-0009,STACKING OPERATION,WU510,S03,000150000473,MER-VEH-COMPACT-0001,MER-GEARBOX-HOUSING-0032
L87,PR-0068,PACKAGING - DASHBOARD ASSEMBLY,WU511,S04,000150000474,MER-VEH-COMPACT-0001,MER-STEERING-SYSTEM-0013
L87,PR-0002,RESISTANCE WELDING,WU512,S04,000150000475,MER-VEH-COMPACT-0001,MER-CRANKSHAFT-0029
L88,PR-0086,STEERING COLUMN DRILLING,WU513,S01,000150000476,MER-VEH-SUV-0001,
L88,PR-0150,PACKAGING - SEAT FRAME,WU514,S02,000150000477,MER-VEH-SUV-0001,MER-DOORS-0004
L88,PR-0002,RESISTANCE WELDING,WU515,S02,000150000478,MER-VEH-SUV-0001,MER-DOORS-0004
L88,PR-0002,RESISTANCE WELDING,WU516,S02,,MER-VEH-SUV-0001,MER-FRONT-SUSPENSION-0010
L88,PR-0162,FUSING - CENTER CONSOLE,WU517,S03,000150000479,MER-VEH-SUV-0001,MER-LOW-VOLTAGE-BATT-0023
L88,PR-0007,BASE COAT SPRAY,WU518,S04,000150000480,MER-VEH-SUV-0001,MER-CATALYTIC-CONVER-0040
L88,PR-0076,CUTTING - CENTER CONSOLE,WU519,S04,000150000481,MER-VEH-SUV-0001,
L89,PR-0079,TRUNK LID ASSEMBLY,WU520,S01,000150000482,MER-VEH-COMPACT-0001,MER-INFOTAINMENT-UNI-0025
L89,PR-0003,BOLT TORQUING,WU521,S01,000150000483,MER-VEH-COMPACT-0001,
L89,PR-0002,RESISTANCE WELDING,WU522,S02,000150000484,MER-VEH-COMPACT-0001,MER-LIGHTING-SYSTEM-0024
L89,PR-0005,PRESSURE DECAY TEST,WU523,S02,000150000485,MER-VEH-COMPACT-0001,
L90,PR-0018,DRAW FORMING,WU524,S01,000150000486,MER-VEH-COMPACT-0001,MER-CRANKSHAFT-0029
L90,PR-0010,CABLE ROUTING,WU525,S01,000150000487,MER-VEH-COMPACT-0001,MER-FUEL-INJECTOR-0038
L90,PR-0043,INSPECTION - DOOR MODULE,WU526,S02,000150000488,MER-VEH-COMPACT-0001,
L90,PR-0014,ALIGNMENT CHECK,WU527,S02,000150000489,MER-VEH-COMPACT-0001,
L90,PR-0064,DEFLASHING - CENTER CONSOLE,WU528,S02,000150000490,MER-VEH-COMPACT-0001,
L91,PR-0001,BEAD APPLICATION,WU529,S01,000150000491,MER-VEH-COMPACT-0001,MER-INFOTAINMENT-UNI-0025
L91,PR-0007,BASE COAT SPRAY,WU530,S02,000150000492,MER-VEH-COMPACT-0001,MER-GEARBOX-HOUSING-0032
L91,PR-0001,BEAD APPLICATION,WU531,S02,000150000493,MER-VEH-COMPACT-0001,MER-CENTER-CONSOLE-0018
L91,PR-0001,BEAD APPLICATION,WU532,S02,000150000494,MER-VEH-COMPACT-0001,MER-EXHAUST-PIPE-0042
L91,PR-0004,AOI CHECK,WU533,S03,000150000495,MER-VEH-COMPACT-0001,
L91,PR-0112,MOLDING - GLASS PANEL,WU534,S03,000150000496,MER-VEH-COMPACT-0001,MER-WIRING-HARNESS-0022
L91,PR-0005,PRESSURE DECAY TEST,WU535,S03,,MER-VEH-COMPACT-0001,
L91,PR-0003,BOLT TORQUING,WU536,S04,000150000497,MER-VEH-COMPACT-0001,
L91,PR-0029,CONNECTOR TERMINATION,WU537,S04,,MER-VEH-COMPACT-0001,MER-FUEL-INJECTOR-0038
L91,PR-0035,SEAL APPLICATION - TRANSMISSION HOUSING,WU538,S04,000150000498,MER-VEH-COMPACT-0001,MER-MUFFLER-0041
L92,PR-0010,CABLE ROUTING,WU539,S01,000150000499,MER-VEH-SUV-0001,MER-FUEL-INJECTOR-0038
L92,PR-0003,BOLT TORQUING,WU540,S01,000150000500,MER-VEH-SUV-0001,
L92,PR-0003,BOLT TORQUING,WU541,S01,000150000501,MER-VEH-SUV-0001,
L92,PR-0002,RESISTANCE WELDING,WU542,S02,000150000502,MER-VEH-SUV-0001,MER-WHEELS-0014
L92,PR-0005,PRESSURE DECAY TEST,WU543,S02,000150000503,MER-VEH-SUV-0001,
L92,PR-0001,BEAD APPLICATION,WU544,S03,,MER-VEH-SUV-0001,MER-DASHBOARD-0017
L93,PR-0025,CELL FORMATION,WU545,S01,000150000504,MER-VEH-COMPACT-0001,
L93,PR-0108,SEAT FRAME FORMING,WU546,S01,000150000505,MER-VEH-COMPACT-0001,MER-CLUTCH-ASSEMBLY-0033
L93,PR-0002,RESISTANCE WELDING,WU547,S01,000150000506,MER-VEH-COMPACT-0001,MER-CATALYTIC-CONVER-0040
L93,PR-0002,RESISTANCE WELDING,WU548,S02,000150000507,MER-VEH-COMPACT-0001,MER-CYLINDER-BLOCK-0027
L94,PR-0110,CUTTING - EXHAUST MANIFOLD,WU549,S01,000150000508,MER-VEH-SUV-0001,
L94,PR-0016,SHEET METAL FORMING,WU550,S01,000150000509,MER-VEH-SUV-0001,MER-CLUTCH-ASSEMBLY-0033
L94,PR-0041,BODY PANEL COATING,WU551,S01,000150000510,MER-VEH-SUV-0001,MER-DOOR-PANELS-0019
L94,PR-0104,WELDING - DASHBOARD ASSEMBLY,WU552,S02,000150000511,MER-VEH-SUV-0001,MER-FUEL-PUMP-0037
L94,PR-0028,GEAR HOBBING,WU553,S03,000150000512,MER-VEH-SUV-0001,
L94,PR-0044,MILLING - WHEEL HUB,WU554,S03,000150000513,MER-VEH-SUV-0001,
L95,PR-0005,PRESSURE DECAY TEST,WU555,S01,000150000514,MER-VEH-SUV-0001,
L95,PR-0139,TRIMMING - BUMPER FASCIA,WU556,S01,,MER-VEH-SUV-0001,
L95,PR-0035,SEAL APPLICATION - TRANSMISSION HOUSING,WU557,S02,000150000515,MER-VEH-SUV-0001,MER-CENTER-CONSOLE-0018
L96,PR-0001,BEAD APPLICATION,WU558,S01,000150000516,MER-VEH-SUV-0001,MER-CYLINDER-BLOCK-0027
L96,PR-0019,PIERCING STATION,WU559,S02,000150000517,MER-VEH-SUV-0001,
L96,PR-0001,BEAD APPLICATION,WU560,S02,000150000518,MER-VEH-SUV-0001,MER-LOW-VOLTAGE-BATT-0023
L96,PR-0012,UNDERBODY SEAM SEALING,WU561,S02,000150000519,MER-VEH-SUV-0001,MER-FUEL-TANK-0036
L96,PR-0001,BEAD APPLICATION,WU562,S03,000150000520,MER-VEH-SUV-0001,MER-GEAR-SET-0034
L96,PR-0022,COVER STITCHING,WU563,S03,000150000521,MER-VEH-SUV-0001,MER-FUEL-TANK-0036
L96,PR-0008,CLEAR COAT SPRAY,WU564,S03,000150000522,MER-VEH-SUV-0001,MER-BUMPER-REAR-0007
L96,PR-0014,ALIGNMENT CHECK,WU565,S04,000150000523,MER-VEH-SUV-0001,
L96,PR-0025,CELL FORMATION,WU566,S04,000150000524,MER-VEH-SUV-0001,
L96,PR-0002,RESISTANCE WELDING,WU567,S04,000150000525,MER-VEH-SUV-0001,MER-BRAKE-SYSTEM-0012
L97,PR-0004,AOI CHECK,WU568,S01,000150000526,MER-VEH-SUV-0001,
L97,PR-0010,CABLE ROUTING,WU569,S02,000150000527,MER-VEH-SUV-0001,MER-CATALYTIC-CONVER-0040
L97,PR-0016,SHEET METAL FORMING,WU570,S02,000150000528,MER-VEH-SUV-0001,MER-BUMPER-REAR-0007
L97,PR-0128,GRINDING - ROOF RAIL,WU571,S02,000150000529,MER-VEH-SUV-0001,
L97,PR-0004,AOI CHECK,WU572,S03,000150000530,MER-VEH-SUV-0001,
L97,PR-0018,DRAW FORMING,WU573,S03,000150000531,MER-VEH-SUV-0001,MER-CLUTCH-ASSEMBLY-0033
L97,PR-0127,WELDING - REAR AXLE,WU574,S04,000150000532,MER-VEH-SUV-0001,MER-CYLINDER-BLOCK-0027
L97,PR-0038,SETTING - BODY PANEL,WU575,S04,000150000533,MER-VEH-SUV-0001,
L97,PR-0004,AOI CHECK,WU576,S04,000150000534,MER-VEH-SUV-0001,
L98,PR-0006,CATHODIC DIP COATING,WU577,S01,000150000535,MER-VEH-COMPACT-0001,MER-SEATS-0016
L98,PR-0098,DRILLING - BATTERY MODULE,WU578,S01,000150000536,MER-VEH-COMPACT-0001,
L98,PR-0007,BASE COAT SPRAY,WU579,S02,000150000537,MER-VEH-COMPACT-0001,MER-DOORS-0004
L98,PR-0002,RESISTANCE WELDING,WU580,S02,000150000538,MER-VEH-COMPACT-0001,MER-BODY-SHELL-0003
L98,PR-0012,UNDERBODY SEAM SEALING,WU581,S03,000150000539,MER-VEH-COMPACT-0001,MER-FUEL-INJECTOR-0038
L98,PR-0002,RESISTANCE WELDING,WU582,S04,000150000540,MER-VEH-COMPACT-0001,MER-BUMPER-FRONT-0006
L99,PR-0017,BLANKING OPERATION,WU583,S01,000150000541,MER-VEH-SUV-0001,
L99,PR-0191,REAR AXLE FASTENING,WU584,S01,000150000542,MER-VEH-SUV-0001,MER-GEARBOX-HOUSING-0032
L99,PR-0167,DEFLASHING - WIRE HARNESS,WU585,S01,000150000543,MER-VEH-SUV-0001,
L99,PR-0021,CUSHION MOLDING,WU586,S02,000150000544,MER-VEH-SUV-0001,MER-BUMPER-REAR-0007
L99,PR-0103,DISPENSING - FUEL RAIL,WU587,S02,000150000545,MER-VEH-SUV-0001,MER-CENTER-CONSOLE-0018
L99,PR-0068,PACKAGING - DASHBOARD ASSEMBLY,WU588,S03,000150000546,MER-VEH-SUV-0001,MER-BUMPER-FRONT-0006
L99,PR-0150,PACKAGING - SEAT FRAME,WU589,S03,000150000547,MER-VEH-SUV-0001,MER-CYLINDER-HEAD-0028
L100,PR-0095,DISPENSING - FLOOR PAN,WU590,S01,000150000548,MER-VEH-COMPACT-0001,MER-BUMPER-FRONT-0006
L100,PR-0111,RADIATOR CORE CUTTING,WU591,S01,000150000549,MER-VEH-COMPACT-0001,
L100,PR-0002,RESISTANCE WELDING,WU592,S02,000150000550,MER-VEH-COMPACT-0001,MER-CYLINDER-BLOCK-0027
L100,PR-0001,BEAD APPLICATION,WU593,S02,000150000551,MER-VEH-COMPACT-0001,MER-MUFFLER-0041
L101,PR-0001,BEAD APPLICATION,WU594,S01,000150000552,MER-VEH-SUV-0001,MER-GEARBOX-HOUSING-0032
L101,PR-0027,CRANK GRINDING,WU595,S01,,MER-VEH-SUV-0001,
L101,PR-0136,DISPENSING - FENDER PANEL,WU596,S01,000150000553,MER-VEH-SUV-0001,MER-CYLINDER-HEAD-0028
L101,PR-0193,BORING - EXHAUST MANIFOLD,WU597,S02,000150000554,MER-VEH-SUV-0001,
L101,PR-0084,APPLICATION - ENGINE BLOCK,WU598,S02,000150000555,MER-VEH-SUV-0001,MER-FUEL-INJECTOR-0038
L101,PR-0074,RADIATOR CORE ALIGNMENT,WU599,S03,000150000556,MER-VEH-SUV-0001,
L101,PR-0012,UNDERBODY SEAM SEALING,WU600,S03,000150000557,MER-VEH-SUV-0001,MER-FUEL-TANK-0036
L101,PR-0008,CLEAR COAT SPRAY,WU601,S03,000150000558,MER-VEH-SUV-0001,MER-GEARBOX-HOUSING-0032
L101,PR-0024,CIRCUIT BOARD ASSEMBLY,WU602,S04,000150000559,MER-VEH-SUV-0001,MER-LIGHTING-SYSTEM-0024
L101,PR-0001,BEAD APPLICATION,WU603,S04,000150000560,MER-VEH-SUV-0001,MER-DASHBOARD-0017
L102,PR-0060,GRINDING - REAR AXLE,WU604,S01,000150000561,MER-VEH-COMPACT-0001,
L102,PR-0027,CRANK GRINDING,WU605,S01,000150000562,MER-VEH-COMPACT-0001,
L102,PR-0001,BEAD APPLICATION,WU606,S02,,MER-VEH-COMPACT-0001,MER-CYLINDER-BLOCK-0027
L102,PR-0024,CIRCUIT BOARD ASSEMBLY,WU607,S03,000150000563,MER-VEH-COMPACT-0001,MER-BUMPER-FRONT-0006
L102,PR-0019,PIERCING STATION,WU608,S03,000150000564,MER-VEH-COMPACT-0001,
L102,PR-0058,TRANSMISSION HOUSING MOLDING,WU609,S04,000150000565,MER-VEH-COMPACT-0001,MER-FUEL-INJECTOR-0038
L103,PR-0077,FASTENING - EXHAUST MANIFOLD,WU610,S01,000150000566,MER-VEH-SUV-0001,MER-FUEL-INJECTOR-0038
L103,PR-0002,RESISTANCE WELDING,WU611,S01,000150000567,MER-VEH-SUV-0001,MER-BRAKE-SYSTEM-0012
L103,PR-0067,ENGINE BLOCK FORMING,WU612,S01,000150000568,MER-VEH-SUV-0001,MER-GEARBOX-HOUSING-0032
L103,PR-0002,RESISTANCE WELDING,WU613,S02,000150000569,MER-VEH-SUV-0001,MER-CRANKSHAFT-0029
L103,PR-0006,CATHODIC DIP COATING,WU614,S02,000150000570,MER-VEH-SUV-0001,MER-FUEL-PUMP-0037
L103,PR-0010,CABLE ROUTING,WU615,S02,000150000571,MER-VEH-SUV-0001,MER-FUEL-INJECTOR-0038
L104,PR-0064,DEFLASHING - CENTER CONSOLE,WU616,S01,000150000572,MER-VEH-SUV-0001,
L104,PR-0112,MOLDING - GLASS PANEL,WU617,S01,000150000573,MER-VEH-SUV-0001,MER-GEARBOX-HOUSING-0032
L104,PR-0001,BEAD APPLICATION,WU618,S01,000150000574,MER-VEH-SUV-0001,MER-CATALYTIC-CONVER-0040
L104,PR-0043,INSPECTION - DOOR MODULE,WU619,S02,000150000575,MER-VEH-SUV-0001,
L105,PR-0098,DRILLING - BATTERY MODULE,WU620,S01,000150000576,MER-VEH-SUV-0001,
L105,PR-0153,SUSPENSION ARM DRILLING,WU621,S01,000150000577,MER-VEH-SUV-0001,
L105,PR-0003,BOLT TORQUING,WU622,S01,000150000578,MER-VEH-SUV-0001,
L105,PR-0002,RESISTANCE WELDING,WU623,S02,,MER-VEH-SUV-0001,MER-WHEELS-0014
L106,PR-0011,EOL FUNCTIONAL CHECK,WU624,S01,,MER-VEH-COMPACT-0001,
L106,PR-0112,MOLDING - GLASS PANEL,WU625,S01,000150000579,MER-VEH-COMPACT-0001,MER-DOOR-PANELS-0019
L106,PR-0004,AOI CHECK,WU626,S01,000150000580,MER-VEH-COMPACT-0001,
L106,PR-0011,EOL FUNCTIONAL CHECK,WU627,S02,000150000581,MER-VEH-COMPACT-0001,
L106,PR-0195,CENTER CONSOLE MACHINING,WU628,S03,000150000582,MER-VEH-COMPACT-0001,
L106,PR-0008,CLEAR COAT SPRAY,WU629,S04,000150000583,MER-VEH-COMPACT-0001,MER-BUMPER-REAR-0007
L106,PR-0023,INTERIOR FITTING,WU630,S04,000150000584,MER-VEH-COMPACT-0001,MER-FUEL-PUMP-0037
L106,PR-0195,CENTER CONSOLE MACHINING,WU631,S04,000150000585,MER-VEH-COMPACT-0001,
L107,PR-0005,PRESSURE DECAY TEST,WU632,S01,000150000586,MER-VEH-SUV-0001,
L107,PR-0003,BOLT TORQUING,WU633,S01,000150000587,MER-VEH-SUV-0001,
L107,PR-0003,BOLT TORQUING,WU634,S02,,MER-VEH-SUV-0001,
L107,PR-0021,CUSHION MOLDING,WU635,S02,000150000588,MER-VEH-SUV-0001,MER-STEERING-SYSTEM-0013
L107,PR-0001,BEAD APPLICATION,WU636,S03,000150000589,MER-VEH-SUV-0001,MER-WIRING-HARNESS-0022
L107,PR-0001,BEAD APPLICATION,WU637,S03,000150000590,MER-VEH-SUV-0001,MER-FENDERS-0008
L108,PR-0003,BOLT TORQUING,WU638,S01,000150000591,MER-VEH-COMPACT-0001,
L108,PR-0013,DOOR MOUNTING,WU639,S01,000150000592,MER-VEH-COMPACT-0001,MER-BRAKE-SYSTEM-0012
L108,PR-0080,SEALING - DASHBOARD ASSEMBLY,WU640,S02,000150000593,MER-VEH-COMPACT-0001,MER-CRANKSHAFT-0029
L108,PR-0013,DOOR MOUNTING,WU641,S03,000150000594,MER-VEH-COMPACT-0001,MER-BRAKE-SYSTEM-0012
L108,PR-0056,BUMPER FASCIA CURING,WU642,S03,000150000595,MER-VEH-COMPACT-0001,
L108,PR-0156,PACKING - WHEEL HUB,WU643,S04,000150000596,MER-VEH-COMPACT-0001,MER-LOW-VOLTAGE-BATT-0023
L108,PR-0043,INSPECTION - DOOR MODULE,WU644,S04,000150000597,MER-VEH-COMPACT-0001,
L108,PR-0025,CELL FORMATION,WU645,S04,000150000598,MER-VEH-COMPACT-0001,
L109,PR-0001,BEAD APPLICATION,WU646,S01,000150000599,MER-VEH-COMPACT-0001,MER-DOOR-PANELS-0019
L109,PR-0008,CLEAR COAT SPRAY,WU647,S01,000150000600,MER-VEH-COMPACT-0001,MER-CYLINDER-BLOCK-0027
L109,PR-0003,BOLT TORQUING,WU648,S02,000150000601,MER-VEH-COMPACT-0001,
L109,PR-0011,EOL FUNCTIONAL CHECK,WU649,S02,000150000602,MER-VEH-COMPACT-0001,
L109,PR-0150,PACKAGING - SEAT FRAME,WU650,S02,000150000603,MER-VEH-COMPACT-0001,MER-BRAKE-SYSTEM-0012
L110,PR-0004,AOI CHECK,WU651,S01,000150000604,MER-VEH-COMPACT-0001,
L110,PR-0001,BEAD APPLICATION,WU652,S02,000150000605,MER-VEH-COMPACT-0001,MER-HEADLINER-0020
L110,PR-0072,CALIBRATION - BATTERY MODULE,WU653,S03,000150000606,MER-VEH-COMPACT-0001,
L110,PR-0190,CUTTING - CHASSIS FRAME,WU654,S03,000150000607,MER-VEH-COMPACT-0001,
