Material_No,Bin_Location,Quantity,Kanban_ID,Ship_From,Ship_To
MAT-327970,H-22-1,2432,KANBAN-00001,Engine Plant DE,Assembly Plant MX
MAT-827402,E-17-4,4095,KANBAN-00002,Engine Plant DE,Assembly Plant MX
MAT-278357,A-13-1,3125,KANBAN-00003,Engine Plant DE,Assembly Plant MX
MAT-856363,G-18-3,589,KANBAN-00004,Engine Plant DE,Assembly Plant MX
MAT-134435,C-15-4,2627,KANBAN-00005,Engine Plant DE,Assembly Plant MX
MAT-928719,E-22-4,2176,KANBAN-00006,Engine Plant DE,Assembly Plant MX
MAT-324076,F-09-4,2270,KANBAN-00007,Engine Plant DE,Assembly Plant MX
MAT-493794,C-19-4,306,KANBAN-00008,Engine Plant DE,Assembly Plant MX
MAT-158651,B-26-3,345,KANBAN-00009,Engine Plant DE,Assembly Plant MX
MAT-106315,G-26-1,732,KANBAN-00010,Engine Plant DE,Assembly Plant MX
MAT-408109,H-10-4,4283,KANBAN-00011,Engine Plant DE,Assembly Plant MX
MAT-464910,E-04-3,1537,KANBAN-00012,Engine Plant DE,Assembly Plant MX
MAT-588324,A-19-2,4249,KANBAN-00013,Engine Plant DE,Assembly Plant MX
MAT-455661,C-12-1,1716,KANBAN-00014,Engine Plant DE,Assembly Plant MX
MAT-795070,H-10-3,3295,KANBAN-00015,Engine Plant DE,Assembly Plant MX
MAT-478173,A-28-2,2907,KANBAN-00016,Engine Plant DE,Assembly Plant MX
MAT-759112,D-16-4,426,KANBAN-00017,Engine Plant DE,Assembly Plant MX
MAT-398015,H-03-1,1794,KANBAN-00018,Engine Plant DE,Assembly Plant MX
MAT-103499,A-17-2,206,KANBAN-00019,Engine Plant DE,Assembly Plant MX
MAT-727347,B-16-2,4771,KANBAN-00020,Engine Plant DE,Assembly Plant MX
MAT-281853,E-20-5,4367,KANBAN-00021,Engine Plant DE,Assembly Plant MX
MAT-959714,E-10-2,779,KANBAN-00022,Engine Plant DE,Assembly Plant MX
MAT-199335,B-04-3,2632,KANBAN-00023,Engine Plant DE,Assembly Plant MX
MAT-928475,G-06-4,497,KANBAN-00024,Engine Plant DE,Assembly Plant MX
MAT-296717,G-24-2,2807,KANBAN-00025,Engine Plant DE,Assembly Plant MX
MAT-723556,C-16-1,1377,KANBAN-00026,Engine Plant DE,Assembly Plant MX
MAT-106266,B-08-1,1305,KANBAN-00027,Engine Plant DE,Assembly Plant MX
MAT-772134,C-04-3,567,KANBAN-00028,Engine Plant DE,Assembly Plant MX
MAT-472877,C-04-5,1601,KANBAN-00029,Engine Plant DE,Assembly Plant MX
MAT-705305,A-25-3,1674,KANBAN-00030,Engine Plant DE,Assembly Plant MX
MAT-297841,E-25-4,1281,KANBAN-00031,Engine Plant DE,Assembly Plant MX
MAT-931626,D-21-4,3935,KANBAN-00032,Engine Plant DE,Assembly Plant MX
MAT-715274,H-14-3,1538,KANBAN-00033,Engine Plant DE,Assembly Plant MX
MAT-172938,F-16-3,4068,KANBAN-00034,Engine Plant DE,Assembly Plant MX
MAT-643103,D-28-1,50,KANBAN-00035,Engine Plant DE,Assembly Plant MX
MAT-466663,A-04-3,4295,KANBAN-00036,Engine Plant DE,Assembly Plant MX
MAT-649851,F-21-1,4808,KANBAN-00037,Engine Plant DE,Assembly Plant MX
MAT-825969,F-27-5,4406,KANBAN-00038,Engine Plant DE,Assembly Plant MX
MAT-377273,D-12-3,2110,KANBAN-00039,Engine Plant DE,Assembly Plant MX
MAT-999747,C-10-4,1670,KANBAN-00040,Engine Plant DE,Assembly Plant MX
MAT-846258,D-13-3,586,KANBAN-00041,Engine Plant DE,Assembly Plant MX
MAT-669068,B-17-2,3108,KANBAN-00042,Engine Plant DE,Assembly Plant MX
MAT-696533,G-08-5,3465,KANBAN-00043,Engine Plant DE,Assembly Plant MX
MAT-164399,C-04-2,2596,KANBAN-00044,Engine Plant DE,Assembly Plant MX
MAT-240806,C-29-4,1008,KANBAN-00045,Engine Plant DE,Assembly Plant MX
MAT-820809,F-23-3,4275,KANBAN-00046,Engine Plant DE,Assembly Plant MX
MAT-368414,B-24-3,3010,KANBAN-00047,Engine Plant DE,Assembly Plant MX
MAT-688317,D-04-2,3166,KANBAN-00048,Engine Plant DE,Assembly Plant MX
MAT-735506,D-24-3,3909,KANBAN-00049,Engine Plant DE,Assembly Plant MX
MAT-860988,G-28-2,1141,KANBAN-00050,Engine Plant DE,Assembly Plant MX
MAT-276182,D-27-2,4288,KANBAN-00051,Engine Plant DE,Assembly Plant MX
MAT-573447,H-01-5,4670,KANBAN-00052,Engine Plant DE,Assembly Plant MX
MAT-707011,C-07-5,694,KANBAN-00053,Engine Plant DE,Assembly Plant MX
MAT-826514,E-18-3,4815,KANBAN-00054,Engine Plant DE,Assembly Plant MX
MAT-555897,D-24-5,4465,KANBAN-00055,Engine Plant DE,Assembly Plant MX
MAT-701531,A-25-5,4323,KANBAN-00056,Engine Plant DE,Assembly Plant MX
MAT-497710,E-09-1,1904,KANBAN-00057,Engine Plant DE,Assembly Plant MX
MAT-276681,C-23-1,4236,KANBAN-00058,Engine Plant DE,Assembly Plant MX
MAT-895102,G-10-5,146,KANBAN-00059,Engine Plant DE,Assembly Plant MX
MAT-862131,A-14-5,4435,KANBAN-00060,Engine Plant DE,Assembly Plant MX
MAT-785109,F-21-1,3281,KANBAN-00061,Engine Plant DE,Assembly Plant MX
MAT-698759,B-20-1,3916,KANBAN-00062,Engine Plant DE,Assembly Plant MX
MAT-965348,B-18-5,2453,KANBAN-00063,Engine Plant DE,Assembly Plant MX
MAT-136150,H-02-5,4647,KANBAN-00064,Engine Plant DE,Assembly Plant MX
MAT-895597,F-28-4,546,KANBAN-00065,Engine Plant DE,Assembly Plant MX
MAT-849883,D-27-3,3685,KANBAN-00066,Engine Plant DE,Assembly Plant MX
MAT-278592,F-21-5,3358,KANBAN-00067,Engine Plant DE,Assembly Plant MX
MAT-159780,B-10-3,3926,KANBAN-00068,Engine Plant DE,Assembly Plant MX
MAT-654489,G-22-2,764,KANBAN-00069,Engine Plant DE,Assembly Plant MX
MAT-935160,B-01-4,3798,KANBAN-00070,Engine Plant DE,Assembly Plant MX
MAT-176238,A-06-1,3894,KANBAN-00071,Engine Plant DE,Assembly Plant MX
MAT-952439,E-25-3,4773,KANBAN-00072,Engine Plant DE,Assembly Plant MX
MAT-367749,F-15-1,3779,KANBAN-00073,Engine Plant DE,Assembly Plant MX
MAT-996151,D-13-4,331,KANBAN-00074,Engine Plant DE,Assembly Plant MX
MAT-933347,B-26-3,2519,KANBAN-00075,Engine Plant DE,Assembly Plant MX
MAT-691293,B-14-4,4343,KANBAN-00076,Engine Plant DE,Assembly Plant MX
MAT-125210,F-13-2,1111,KANBAN-00077,Engine Plant DE,Assembly Plant MX
MAT-165076,G-29-5,534,KANBAN-00078,Engine Plant DE,Assembly Plant MX
MAT-947017,A-17-2,3366,KANBAN-00079,Engine Plant DE,Assembly Plant MX
MAT-705536,H-18-1,2095,KANBAN-00080,Engine Plant DE,Assembly Plant MX
MAT-860620,B-29-1,2602,KANBAN-00081,Engine Plant DE,Assembly Plant MX
MAT-117797,H-09-4,2068,KANBAN-00082,Engine Plant DE,Assembly Plant MX
MAT-679914,D-22-1,337,KANBAN-00083,Engine Plant DE,Assembly Plant MX
MAT-475637,B-26-4,196,KANBAN-00084,Engine Plant DE,Assembly Plant MX
MAT-184920,B-03-3,3308,KANBAN-00085,Engine Plant DE,Assembly Plant MX
MAT-547865,A-23-4,3702,KANBAN-00086,Engine Plant DE,Assembly Plant MX
MAT-322390,G-28-4,986,KANBAN-00087,Engine Plant DE,Assembly Plant MX
MAT-281765,G-28-4,4705,KANBAN-00088,Engine Plant DE,Assembly Plant MX
MAT-480245,B-25-3,3175,KANBAN-00089,Engine Plant DE,Assembly Plant MX
MAT-905596,A-03-5,109,KANBAN-00090,Engine Plant DE,Assembly Plant MX
MAT-756733,D-19-4,3512,KANBAN-00091,Engine Plant DE,Assembly Plant MX
MAT-198145,A-07-4,1770,KANBAN-00092,Engine Plant DE,Assembly Plant MX
MAT-184251,H-16-4,2297,KANBAN-00093,Engine Plant DE,Assembly Plant MX
MAT-255436,D-15-3,1498,KANBAN-00094,Engine Plant DE,Assembly Plant MX
MAT-571029,G-11-4,4448,KANBAN-00095,Engine Plant DE,Assembly Plant MX
MAT-607687,C-29-1,2954,KANBAN-00096,Engine Plant DE,Assembly Plant MX
MAT-342421,E-16-1,2039,KANBAN-00097,Engine Plant DE,Assembly Plant MX
MAT-553716,F-14-5,1898,KANBAN-00098,Engine Plant DE,Assembly Plant MX
MAT-373955,E-03-2,1491,KANBAN-00099,Engine Plant DE,Assembly Plant MX
MAT-986604,G-16-5,4723,KANBAN-00100,Engine Plant DE,Assembly Plant MX
MAT-763826,B-22-4,1112,KANBAN-00101,Engine Plant DE,Assembly Plant MX
MAT-978932,G-02-3,4375,KANBAN-00102,Engine Plant DE,Assembly Plant MX
MAT-453402,A-20-2,4895,KANBAN-00103,Engine Plant DE,Assembly Plant MX
MAT-730667,B-15-2,4185,KANBAN-00104,Engine Plant DE,Assembly Plant MX
MAT-973416,D-17-1,3158,KANBAN-00105,Engine Plant DE,Assembly Plant MX
MAT-331808,F-06-2,1443,KANBAN-00106,Engine Plant DE,Assembly Plant MX
MAT-775043,H-28-3,4838,KANBAN-00107,Engine Plant DE,Assembly Plant MX
MAT-855109,H-21-5,117,KANBAN-00108,Engine Plant DE,Assembly Plant MX
MAT-604466,H-19-1,517,KANBAN-00109,Engine Plant DE,Assembly Plant MX
MAT-492746,F-22-3,263,KANBAN-00110,Engine Plant DE,Assembly Plant MX
MAT-661088,D-26-3,3994,KANBAN-00111,Engine Plant DE,Assembly Plant MX
MAT-577701,H-15-4,1945,KANBAN-00112,Engine Plant DE,Assembly Plant MX
MAT-412763,C-29-5,3280,KANBAN-00113,Engine Plant DE,Assembly Plant MX
MAT-595559,B-11-3,2519,KANBAN-00114,Engine Plant DE,Assembly Plant MX
MAT-446318,A-04-4,56,KANBAN-00115,Engine Plant DE,Assembly Plant MX
MAT-153242,C-04-2,3683,KANBAN-00116,Engine Plant DE,Assembly Plant MX
MAT-629630,G-07-4,3203,KANBAN-00117,Engine Plant DE,Assembly Plant MX
MAT-317539,F-05-2,1750,KANBAN-00118,Engine Plant DE,Assembly Plant MX
MAT-954608,H-08-4,4243,KANBAN-00119,Engine Plant DE,Assembly Plant MX
MAT-985720,B-17-3,433,KANBAN-00120,Engine Plant DE,Assembly Plant MX
MAT-655627,F-07-4,257,KANBAN-00121,Engine Plant DE,Assembly Plant MX
MAT-195137,G-16-2,392,KANBAN-00122,Engine Plant DE,Assembly Plant MX
MAT-823697,G-11-1,627,KANBAN-00123,Engine Plant DE,Assembly Plant MX
MAT-424901,B-07-5,677,KANBAN-00124,Engine Plant DE,Assembly Plant MX
MAT-561146,G-20-4,4913,KANBAN-00125,Engine Plant DE,Assembly Plant MX
MAT-918684,F-04-3,4537,KANBAN-00126,Engine Plant DE,Assembly Plant MX
MAT-497631,A-12-4,2763,KANBAN-00127,Engine Plant DE,Assembly Plant MX
MAT-815032,D-15-4,1729,KANBAN-00128,Engine Plant DE,Assembly Plant MX
MAT-117737,H-04-4,3897,KANBAN-00129,Engine Plant DE,Assembly Plant MX
MAT-300599,A-18-3,4294,KANBAN-00130,Engine Plant DE,Assembly Plant MX
MAT-873585,A-20-5,296,KANBAN-00131,Engine Plant DE,Assembly Plant MX
MAT-242184,F-11-3,4238,KANBAN-00132,Engine Plant DE,Assembly Plant MX
MAT-785365,C-16-3,4105,KANBAN-00133,Engine Plant DE,Assembly Plant MX
MAT-198602,F-19-2,780,KANBAN-00134,Engine Plant DE,Assembly Plant MX
MAT-206187,H-24-4,905,KANBAN-00135,Engine Plant DE,Assembly Plant MX
MAT-634132,C-05-4,3154,KANBAN-00136,Engine Plant DE,Assembly Plant MX
MAT-736549,E-22-4,392,KANBAN-00137,Engine Plant DE,Assembly Plant MX
MAT-999685,F-17-4,951,KANBAN-00138,Engine Plant DE,Assembly Plant MX
MAT-303403,E-06-3,4574,KANBAN-00139,Engine Plant DE,Assembly Plant MX
MAT-955967,B-24-5,411,KANBAN-00140,Engine Plant DE,Assembly Plant MX
MAT-918237,B-14-1,3568,KANBAN-00141,Engine Plant DE,Assembly Plant MX
MAT-170198,D-08-3,3495,KANBAN-00142,Engine Plant DE,Assembly Plant MX
MAT-442192,H-03-4,3060,KANBAN-00143,Engine Plant DE,Assembly Plant MX
MAT-792429,G-07-5,4172,KANBAN-00144,Engine Plant DE,Assembly Plant MX
MAT-643444,H-21-5,3470,KANBAN-00145,Engine Plant DE,Assembly Plant MX
MAT-550364,B-13-5,2810,KANBAN-00146,Engine Plant DE,Assembly Plant MX
MAT-738017,D-12-2,424,KANBAN-00147,Engine Plant DE,Assembly Plant MX
MAT-195239,D-22-2,574,KANBAN-00148,Engine Plant DE,Assembly Plant MX
MAT-950441,A-01-1,770,KANBAN-00149,Engine Plant DE,Assembly Plant MX
MAT-720816,E-29-5,3828,KANBAN-00150,Engine Plant DE,Assembly Plant MX
MAT-657397,D-01-2,4679,KANBAN-00151,Engine Plant DE,Assembly Plant MX
MAT-572878,H-14-3,3314,KANBAN-00152,Engine Plant DE,Assembly Plant MX
MAT-725747,B-14-4,4405,KANBAN-00153,Engine Plant DE,Assembly Plant MX
MAT-457033,F-01-4,2727,KANBAN-00154,Engine Plant DE,Assembly Plant MX
MAT-482619,A-10-1,3812,KANBAN-00155,Engine Plant DE,Assembly Plant MX
MAT-443377,E-26-1,2122,KANBAN-00156,Engine Plant DE,Assembly Plant MX
MAT-884398,F-09-3,4744,KANBAN-00157,Engine Plant DE,Assembly Plant MX
MAT-577668,G-14-4,3669,KANBAN-00158,Engine Plant DE,Assembly Plant MX
MAT-367157,F-25-1,4696,KANBAN-00159,Engine Plant DE,Assembly Plant MX
MAT-382623,F-25-3,555,KANBAN-00160,Engine Plant DE,Assembly Plant MX
MAT-793364,G-04-2,4594,KANBAN-00161,Engine Plant DE,Assembly Plant MX
MAT-725316,G-25-2,3853,KANBAN-00162,Engine Plant DE,Assembly Plant MX
MAT-559786,D-07-1,4114,KANBAN-00001,Engine Plant US,Assembly Plant MX
MAT-971765,F-20-4,4892,KANBAN-00002,Engine Plant US,Assembly Plant MX
MAT-614774,F-20-5,630,KANBAN-00003,Engine Plant US,Assembly Plant MX
MAT-369688,A-21-1,4527,KANBAN-00004,Engine Plant US,Assembly Plant MX
MAT-464311,B-15-2,3669,KANBAN-00005,Engine Plant US,Assembly Plant MX
MAT-217823,H-18-5,3048,KANBAN-00006,Engine Plant US,Assembly Plant MX
MAT-163360,H-15-3,4272,KANBAN-00007,Engine Plant US,Assembly Plant MX
MAT-847954,G-10-5,4240,KANBAN-00008,Engine Plant US,Assembly Plant MX
MAT-508471,G-27-1,2091,KANBAN-00009,Engine Plant US,Assembly Plant MX
MAT-123729,C-03-4,973,KANBAN-00010,Engine Plant US,Assembly Plant MX
MAT-334041,H-29-5,3885,KANBAN-00011,Engine Plant US,Assembly Plant MX
MAT-417912,H-12-1,2179,KANBAN-00012,Engine Plant US,Assembly Plant MX
MAT-393538,A-23-2,2772,KANBAN-00013,Engine Plant US,Assembly Plant MX
MAT-513910,G-28-1,3907,KANBAN-00014,Engine Plant US,Assembly Plant MX
MAT-330410,C-24-1,1363,KANBAN-00015,Engine Plant US,Assembly Plant MX
MAT-114870,A-21-5,2647,KANBAN-00016,Engine Plant US,Assembly Plant MX
MAT-511487,H-25-4,1093,KANBAN-00017,Engine Plant US,Assembly Plant MX
MAT-652372,C-13-2,2407,KANBAN-00018,Engine Plant US,Assembly Plant MX
MAT-921958,F-12-4,3602,KANBAN-00019,Engine Plant US,Assembly Plant MX
MAT-930089,G-25-3,4382,KANBAN-00020,Engine Plant US,Assembly Plant MX
MAT-186850,A-07-1,2366,KANBAN-00021,Engine Plant US,Assembly Plant MX
MAT-574517,D-27-3,1574,KANBAN-00022,Engine Plant US,Assembly Plant MX
MAT-671175,C-19-1,3327,KANBAN-00023,Engine Plant US,Assembly Plant MX
MAT-553955,B-12-1,2192,KANBAN-00024,Engine Plant US,Assembly Plant MX
MAT-311109,B-11-1,3130,KANBAN-00025,Engine Plant US,Assembly Plant MX
MAT-623573,E-09-3,1755,KANBAN-00026,Engine Plant US,Assembly Plant MX
MAT-223358,B-24-5,1076,KANBAN-00027,Engine Plant US,Assembly Plant MX
MAT-743834,H-05-2,4056,KANBAN-00028,Engine Plant US,Assembly Plant MX
MAT-595484,C-23-4,2914,KANBAN-00029,Engine Plant US,Assembly Plant MX
MAT-424098,A-20-5,3638,KANBAN-00030,Engine Plant US,Assembly Plant MX
MAT-698341,D-16-1,3996,KANBAN-00031,Engine Plant US,Assembly Plant MX
MAT-524303,B-24-4,1807,KANBAN-00032,Engine Plant US,Assembly Plant MX
MAT-957512,B-24-1,3192,KANBAN-00033,Engine Plant US,Assembly Plant MX
MAT-343804,G-28-5,402,KANBAN-00034,Engine Plant US,Assembly Plant MX
MAT-731741,E-27-2,3845,KANBAN-00035,Engine Plant US,Assembly Plant MX
MAT-196074,A-08-5,2318,KANBAN-00036,Engine Plant US,Assembly Plant MX
MAT-751759,E-14-3,2544,KANBAN-00037,Engine Plant US,Assembly Plant MX
MAT-933959,G-09-5,3940,KANBAN-00038,Engine Plant US,Assembly Plant MX
MAT-888274,E-07-3,4133,KANBAN-00039,Engine Plant US,Assembly Plant MX
MAT-840130,C-28-4,2923,KANBAN-00040,Engine Plant US,Assembly Plant MX
MAT-577744,E-14-5,2642,KANBAN-00041,Engine Plant US,Assembly Plant MX
MAT-784091,E-10-5,4242,KANBAN-00042,Engine Plant US,Assembly Plant MX
MAT-953929,F-09-3,4685,KANBAN-00043,Engine Plant US,Assembly Plant MX
MAT-391511,C-03-1,4746,KANBAN-00044,Engine Plant US,Assembly Plant MX
MAT-188052,G-17-5,89,KANBAN-00045,Engine Plant US,Assembly Plant MX
MAT-958773,D-03-3,607,KANBAN-00046,Engine Plant US,Assembly Plant MX
MAT-213182,F-16-2,1842,KANBAN-00047,Engine Plant US,Assembly Plant MX
MAT-208576,D-13-4,1075,KANBAN-00048,Engine Plant US,Assembly Plant MX
MAT-106246,E-06-1,664,KANBAN-00049,Engine Plant US,Assembly Plant MX
MAT-860002,E-25-2,3399,KANBAN-00050,Engine Plant US,Assembly Plant MX
MAT-252927,F-06-3,1982,KANBAN-00051,Engine Plant US,Assembly Plant MX
MAT-934094,C-23-1,3799,KANBAN-00052,Engine Plant US,Assembly Plant MX
MAT-587238,D-29-3,2375,KANBAN-00053,Engine Plant US,Assembly Plant MX
MAT-322174,F-02-2,433,KANBAN-00054,Engine Plant US,Assembly Plant MX
MAT-743030,E-08-3,1875,KANBAN-00055,Engine Plant US,Assembly Plant MX
MAT-166280,C-12-2,4198,KANBAN-00056,Engine Plant US,Assembly Plant MX
MAT-154527,F-28-5,339,KANBAN-00057,Engine Plant US,Assembly Plant MX
MAT-900406,E-11-2,4324,KANBAN-00058,Engine Plant US,Assembly Plant MX
MAT-346055,C-13-4,4237,KANBAN-00059,Engine Plant US,Assembly Plant MX
MAT-553552,F-16-2,2202,KANBAN-00060,Engine Plant US,Assembly Plant MX
MAT-132713,C-03-5,597,KANBAN-00061,Engine Plant US,Assembly Plant MX
MAT-644936,E-18-5,2177,KANBAN-00062,Engine Plant US,Assembly Plant MX
MAT-866447,D-20-1,2561,KANBAN-00063,Engine Plant US,Assembly Plant MX
MAT-211760,B-15-3,3451,KANBAN-00064,Engine Plant US,Assembly Plant MX
MAT-254594,D-07-1,1041,KANBAN-00065,Engine Plant US,Assembly Plant MX
MAT-356789,H-16-2,2551,KANBAN-00066,Engine Plant US,Assembly Plant MX
MAT-323312,D-23-4,2350,KANBAN-00067,Engine Plant US,Assembly Plant MX
MAT-203024,H-08-2,4172,KANBAN-00068,Engine Plant US,Assembly Plant MX
MAT-338515,F-14-1,1519,KANBAN-00069,Engine Plant US,Assembly Plant MX
MAT-190163,F-24-4,445,KANBAN-00070,Engine Plant US,Assembly Plant MX
MAT-759374,B-23-1,2937,KANBAN-00071,Engine Plant US,Assembly Plant MX
MAT-730377,B-29-1,4191,KANBAN-00072,Engine Plant US,Assembly Plant MX
MAT-240958,E-23-2,92,KANBAN-00073,Engine Plant US,Assembly Plant MX
MAT-203760,F-02-2,162,KANBAN-00074,Engine Plant US,Assembly Plant MX
MAT-293670,B-06-4,2040,KANBAN-00075,Engine Plant US,Assembly Plant MX
MAT-837941,H-24-3,2410,KANBAN-00076,Engine Plant US,Assembly Plant MX
MAT-254146,A-12-4,4628,KANBAN-00077,Engine Plant US,Assembly Plant MX
MAT-354750,C-09-5,424,KANBAN-00078,Engine Plant US,Assembly Plant MX
MAT-813621,G-27-5,115,KANBAN-00079,Engine Plant US,Assembly Plant MX
MAT-212835,E-07-4,1707,KANBAN-00080,Engine Plant US,Assembly Plant MX
MAT-244248,E-27-1,3550,KANBAN-00081,Engine Plant US,Assembly Plant MX
MAT-169846,H-07-3,1393,KANBAN-00082,Engine Plant US,Assembly Plant MX
MAT-440695,C-21-1,3673,KANBAN-00083,Engine Plant US,Assembly Plant MX
MAT-278270,B-22-2,4798,KANBAN-00084,Engine Plant US,Assembly Plant MX
MAT-812430,F-05-1,1589,KANBAN-00085,Engine Plant US,Assembly Plant MX
MAT-780291,E-12-2,3025,KANBAN-00086,Engine Plant US,Assembly Plant MX
MAT-473393,B-03-5,3527,KANBAN-00087,Engine Plant US,Assembly Plant MX
MAT-516048,G-26-5,1117,KANBAN-00088,Engine Plant US,Assembly Plant MX
MAT-703171,D-25-5,3116,KANBAN-00089,Engine Plant US,Assembly Plant MX
MAT-541686,A-20-5,255,KANBAN-00090,Engine Plant US,Assembly Plant MX
MAT-461853,C-28-1,1481,KANBAN-00091,Engine Plant US,Assembly Plant MX
MAT-823818,H-09-4,2307,KANBAN-00092,Engine Plant US,Assembly Plant MX
MAT-952550,F-29-1,4670,KANBAN-00093,Engine Plant US,Assembly Plant MX
MAT-901429,C-01-1,2278,KANBAN-00094,Engine Plant US,Assembly Plant MX
MAT-547547,H-07-1,1758,KANBAN-00095,Engine Plant US,Assembly Plant MX
MAT-956497,G-10-4,1697,KANBAN-00096,Engine Plant US,Assembly Plant MX
MAT-977022,C-23-3,4728,KANBAN-00097,Engine Plant US,Assembly Plant MX
MAT-221562,B-25-2,4449,KANBAN-00098,Engine Plant US,Assembly Plant MX
MAT-704615,D-01-2,3432,KANBAN-00099,Engine Plant US,Assembly Plant MX
MAT-934685,F-15-1,3976,KANBAN-00100,Engine Plant US,Assembly Plant MX
MAT-956357,C-20-5,342,KANBAN-00101,Engine Plant US,Assembly Plant MX
MAT-163610,C-21-5,2091,KANBAN-00102,Engine Plant US,Assembly Plant MX
MAT-259643,H-04-2,3457,KANBAN-00103,Engine Plant US,Assembly Plant MX
MAT-238565,G-02-4,3487,KANBAN-00104,Engine Plant US,Assembly Plant MX
MAT-333194,B-15-4,876,KANBAN-00105,Engine Plant US,Assembly Plant MX
MAT-698138,B-03-1,2579,KANBAN-00106,Engine Plant US,Assembly Plant MX
MAT-672021,B-15-5,4674,KANBAN-00107,Engine Plant US,Assembly Plant MX
MAT-937568,F-16-3,3356,KANBAN-00108,Engine Plant US,Assembly Plant MX
MAT-344378,D-20-2,4235,KANBAN-00109,Engine Plant US,Assembly Plant MX
MAT-958613,G-04-5,2540,KANBAN-00110,Engine Plant US,Assembly Plant MX
MAT-103605,B-06-4,655,KANBAN-00111,Engine Plant US,Assembly Plant MX
MAT-159234,G-26-1,4788,KANBAN-00112,Engine Plant US,Assembly Plant MX
MAT-421295,G-14-4,527,KANBAN-00113,Engine Plant US,Assembly Plant MX
MAT-205132,E-02-3,3967,KANBAN-00114,Engine Plant US,Assembly Plant MX
MAT-593413,C-19-3,1332,KANBAN-00115,Engine Plant US,Assembly Plant MX
MAT-829401,G-24-2,1063,KANBAN-00116,Engine Plant US,Assembly Plant MX
MAT-859886,C-21-5,116,KANBAN-00117,Engine Plant US,Assembly Plant MX
MAT-315823,E-10-5,1265,KANBAN-00118,Engine Plant US,Assembly Plant MX
MAT-161952,H-22-3,2394,KANBAN-00119,Engine Plant US,Assembly Plant MX
MAT-147520,F-10-5,4740,KANBAN-00120,Engine Plant US,Assembly Plant MX
MAT-287834,D-27-4,1021,KANBAN-00121,Engine Plant US,Assembly Plant MX
MAT-162876,B-06-3,3726,KANBAN-00122,Engine Plant US,Assembly Plant MX
MAT-686965,C-20-1,3056,KANBAN-00123,Engine Plant US,Assembly Plant MX
MAT-901077,E-24-2,760,KANBAN-00124,Engine Plant US,Assembly Plant MX
MAT-886477,E-13-2,4369,KANBAN-00125,Engine Plant US,Assembly Plant MX
MAT-600419,H-26-2,326,KANBAN-00126,Engine Plant US,Assembly Plant MX
MAT-145589,A-21-2,2564,KANBAN-00127,Engine Plant US,Assembly Plant MX
MAT-578501,G-28-5,1746,KANBAN-00128,Engine Plant US,Assembly Plant MX
MAT-242456,D-01-4,2595,KANBAN-00129,Engine Plant US,Assembly Plant MX
MAT-864670,E-10-1,3696,KANBAN-00130,Engine Plant US,Assembly Plant MX
MAT-712024,C-03-1,4306,KANBAN-00131,Engine Plant US,Assembly Plant MX
MAT-388035,C-21-2,1799,KANBAN-00132,Engine Plant US,Assembly Plant MX
MAT-809877,G-16-3,1038,KANBAN-00133,Engine Plant US,Assembly Plant MX
MAT-537806,C-06-2,4120,KANBAN-00134,Engine Plant US,Assembly Plant MX
MAT-352886,H-19-1,2561,KANBAN-00135,Engine Plant US,Assembly Plant MX
MAT-951717,A-07-2,1724,KANBAN-00136,Engine Plant US,Assembly Plant MX
MAT-196421,D-29-3,3811,KANBAN-00137,Engine Plant US,Assembly Plant MX
MAT-523024,D-09-5,4520,KANBAN-00138,Engine Plant US,Assembly Plant MX
MAT-925800,E-12-2,4395,KANBAN-00139,Engine Plant US,Assembly Plant MX
MAT-361135,D-01-5,1794,KANBAN-00140,Engine Plant US,Assembly Plant MX
MAT-731322,F-03-5,1750,KANBAN-00141,Engine Plant US,Assembly Plant MX
MAT-317813,G-24-4,2188,KANBAN-00142,Engine Plant US,Assembly Plant MX
MAT-642563,F-01-1,458,KANBAN-00143,Engine Plant US,Assembly Plant MX
MAT-455690,G-01-1,207,KANBAN-00001,Paint Shop DE,Assembly Plant MX
MAT-220207,G-27-2,3205,KANBAN-00002,Paint Shop DE,Assembly Plant MX
MAT-927020,B-17-5,3431,KANBAN-00003,Paint Shop DE,Assembly Plant MX
MAT-898134,E-03-5,4060,KANBAN-00004,Paint Shop DE,Assembly Plant MX
MAT-578213,B-27-3,2447,KANBAN-00005,Paint Shop DE,Assembly Plant MX
MAT-644146,A-22-1,2340,KANBAN-00006,Paint Shop DE,Assembly Plant MX
MAT-371564,B-27-2,1741,KANBAN-00007,Paint Shop DE,Assembly Plant MX
MAT-444555,E-05-1,988,KANBAN-00008,Paint Shop DE,Assembly Plant MX
MAT-787689,H-07-3,3567,KANBAN-00009,Paint Shop DE,Assembly Plant MX
MAT-651517,E-22-3,3642,KANBAN-00010,Paint Shop DE,Assembly Plant MX
MAT-973234,C-09-1,2637,KANBAN-00011,Paint Shop DE,Assembly Plant MX
MAT-967939,C-14-3,1043,KANBAN-00012,Paint Shop DE,Assembly Plant MX
MAT-740201,C-07-4,521,KANBAN-00013,Paint Shop DE,Assembly Plant MX
MAT-546456,D-28-1,1272,KANBAN-00014,Paint Shop DE,Assembly Plant MX
MAT-480098,H-05-5,70,KANBAN-00015,Paint Shop DE,Assembly Plant MX
MAT-923123,D-09-5,2442,KANBAN-00016,Paint Shop DE,Assembly Plant MX
MAT-186890,A-22-1,2455,KANBAN-00017,Paint Shop DE,Assembly Plant MX
MAT-535251,A-27-5,701,KANBAN-00018,Paint Shop DE,Assembly Plant MX
MAT-408531,C-25-5,2699,KANBAN-00019,Paint Shop DE,Assembly Plant MX
MAT-641800,A-14-3,4056,KANBAN-00020,Paint Shop DE,Assembly Plant MX
MAT-554843,D-08-3,4821,KANBAN-00021,Paint Shop DE,Assembly Plant MX
MAT-752618,F-05-4,2283,KANBAN-00022,Paint Shop DE,Assembly Plant MX
MAT-529256,D-06-1,3205,KANBAN-00023,Paint Shop DE,Assembly Plant MX
MAT-593160,G-16-2,1401,KANBAN-00024,Paint Shop DE,Assembly Plant MX
MAT-207624,A-28-1,2000,KANBAN-00025,Paint Shop DE,Assembly Plant MX
MAT-947164,E-18-3,1445,KANBAN-00026,Paint Shop DE,Assembly Plant MX
MAT-484664,A-04-4,2421,KANBAN-00027,Paint Shop DE,Assembly Plant MX
MAT-573330,H-24-1,717,KANBAN-00028,Paint Shop DE,Assembly Plant MX
MAT-692486,G-04-5,1921,KANBAN-00029,Paint Shop DE,Assembly Plant MX
MAT-555486,A-06-3,4352,KANBAN-00030,Paint Shop DE,Assembly Plant MX
MAT-300750,H-20-2,3298,KANBAN-00031,Paint Shop DE,Assembly Plant MX
MAT-952774,C-25-1,4269,KANBAN-00032,Paint Shop DE,Assembly Plant MX
MAT-227940,D-04-1,2129,KANBAN-00033,Paint Shop DE,Assembly Plant MX
MAT-182859,E-11-2,2454,KANBAN-00034,Paint Shop DE,Assembly Plant MX
MAT-658221,H-09-2,4045,KANBAN-00035,Paint Shop DE,Assembly Plant MX
MAT-476077,G-11-5,1304,KANBAN-00036,Paint Shop DE,Assembly Plant MX
MAT-917854,D-16-2,3236,KANBAN-00037,Paint Shop DE,Assembly Plant MX
MAT-385502,A-14-4,382,KANBAN-00038,Paint Shop DE,Assembly Plant MX
MAT-842987,H-21-2,2481,KANBAN-00039,Paint Shop DE,Assembly Plant MX
MAT-744781,A-15-4,2026,KANBAN-00040,Paint Shop DE,Assembly Plant MX
MAT-303235,G-13-3,2504,KANBAN-00041,Paint Shop DE,Assembly Plant MX
MAT-469026,D-27-2,2477,KANBAN-00042,Paint Shop DE,Assembly Plant MX
MAT-481673,E-20-3,4990,KANBAN-00043,Paint Shop DE,Assembly Plant MX
MAT-898632,E-12-3,2544,KANBAN-00044,Paint Shop DE,Assembly Plant MX
MAT-298747,D-02-2,4440,KANBAN-00045,Paint Shop DE,Assembly Plant MX
MAT-865377,C-13-1,4277,KANBAN-00046,Paint Shop DE,Assembly Plant MX
MAT-681739,E-03-5,4963,KANBAN-00047,Paint Shop DE,Assembly Plant MX
MAT-469778,F-18-5,3336,KANBAN-00048,Paint Shop DE,Assembly Plant MX
MAT-165163,F-18-2,3197,KANBAN-00049,Paint Shop DE,Assembly Plant MX
MAT-156068,G-19-2,268,KANBAN-00050,Paint Shop DE,Assembly Plant MX
MAT-116032,D-12-1,87,KANBAN-00051,Paint Shop DE,Assembly Plant MX
MAT-396079,F-24-2,3981,KANBAN-00052,Paint Shop DE,Assembly Plant MX
MAT-213856,H-11-3,853,KANBAN-00053,Paint Shop DE,Assembly Plant MX
MAT-300287,B-06-3,4229,KANBAN-00054,Paint Shop DE,Assembly Plant MX
MAT-125995,D-08-4,130,KANBAN-00055,Paint Shop DE,Assembly Plant MX
MAT-752213,H-06-5,3847,KANBAN-00056,Paint Shop DE,Assembly Plant MX
MAT-456038,F-04-4,1243,KANBAN-00057,Paint Shop DE,Assembly Plant MX
MAT-598403,C-11-4,1582,KANBAN-00058,Paint Shop DE,Assembly Plant MX
MAT-566971,B-23-1,4197,KANBAN-00059,Paint Shop DE,Assembly Plant MX
MAT-989670,H-05-3,1614,KANBAN-00060,Paint Shop DE,Assembly Plant MX
MAT-917257,F-24-4,156,KANBAN-00061,Paint Shop DE,Assembly Plant MX
MAT-455772,E-22-1,2167,KANBAN-00062,Paint Shop DE,Assembly Plant MX
MAT-573795,F-20-5,2675,KANBAN-00063,Paint Shop DE,Assembly Plant MX
MAT-235490,E-15-3,3771,KANBAN-00064,Paint Shop DE,Assembly Plant MX
MAT-472443,E-05-1,1363,KANBAN-00065,Paint Shop DE,Assembly Plant MX
MAT-100882,C-20-3,4835,KANBAN-00066,Paint Shop DE,Assembly Plant MX
MAT-169160,H-27-2,3931,KANBAN-00067,Paint Shop DE,Assembly Plant MX
MAT-245490,B-09-4,4259,KANBAN-00068,Paint Shop DE,Assembly Plant MX
MAT-948934,B-19-5,259,KANBAN-00069,Paint Shop DE,Assembly Plant MX
MAT-685466,A-27-4,790,KANBAN-00070,Paint Shop DE,Assembly Plant MX
MAT-681518,G-29-5,3102,KANBAN-00071,Paint Shop DE,Assembly Plant MX
MAT-216916,E-05-4,2364,KANBAN-00072,Paint Shop DE,Assembly Plant MX
MAT-934383,C-22-1,3512,KANBAN-00073,Paint Shop DE,Assembly Plant MX
MAT-531180,A-26-5,3163,KANBAN-00074,Paint Shop DE,Assembly Plant MX
MAT-740916,F-05-2,1629,KANBAN-00075,Paint Shop DE,Assembly Plant MX
MAT-697117,C-02-4,1230,KANBAN-00076,Paint Shop DE,Assembly Plant MX
MAT-795957,B-26-1,2208,KANBAN-00077,Paint Shop DE,Assembly Plant MX
MAT-636071,A-21-5,553,KANBAN-00078,Paint Shop DE,Assembly Plant MX
MAT-883942,F-27-4,2930,KANBAN-00079,Paint Shop DE,Assembly Plant MX
MAT-619783,G-05-4,3062,KANBAN-00080,Paint Shop DE,Assembly Plant MX
MAT-671747,H-27-5,2159,KANBAN-00081,Paint Shop DE,Assembly Plant MX
MAT-883901,B-05-1,1486,KANBAN-00082,Paint Shop DE,Assembly Plant MX
MAT-528094,H-12-3,606,KANBAN-00083,Paint Shop DE,Assembly Plant MX
MAT-405529,C-23-2,408,KANBAN-00084,Paint Shop DE,Assembly Plant MX
MAT-852924,A-10-5,3764,KANBAN-00085,Paint Shop DE,Assembly Plant MX
MAT-501757,D-12-2,1596,KANBAN-00086,Paint Shop DE,Assembly Plant MX
MAT-786902,E-16-5,210,KANBAN-00087,Paint Shop DE,Assembly Plant MX
MAT-555032,E-09-5,2249,KANBAN-00088,Paint Shop DE,Assembly Plant MX
MAT-873799,H-14-3,381,KANBAN-00089,Paint Shop DE,Assembly Plant MX
MAT-462191,G-28-2,2407,KANBAN-00090,Paint Shop DE,Assembly Plant MX
MAT-674026,B-10-4,3732,KANBAN-00091,Paint Shop DE,Assembly Plant MX
MAT-939646,F-18-2,297,KANBAN-00092,Paint Shop DE,Assembly Plant MX
MAT-630476,D-09-2,4056,KANBAN-00093,Paint Shop DE,Assembly Plant MX
MAT-731154,E-20-2,3891,KANBAN-00094,Paint Shop DE,Assembly Plant MX
MAT-759584,A-29-1,194,KANBAN-00095,Paint Shop DE,Assembly Plant MX
MAT-971792,F-12-4,982,KANBAN-00096,Paint Shop DE,Assembly Plant MX
MAT-211841,G-19-4,1472,KANBAN-00097,Paint Shop DE,Assembly Plant MX
MAT-282904,G-01-2,1517,KANBAN-00098,Paint Shop DE,Assembly Plant MX
MAT-687250,F-10-4,1474,KANBAN-00099,Paint Shop DE,Assembly Plant MX
MAT-239070,D-25-5,2196,KANBAN-00100,Paint Shop DE,Assembly Plant MX
MAT-837359,H-20-3,590,KANBAN-00101,Paint Shop DE,Assembly Plant MX
MAT-791528,A-09-2,4982,KANBAN-00102,Paint Shop DE,Assembly Plant MX
MAT-110852,C-06-4,4698,KANBAN-00103,Paint Shop DE,Assembly Plant MX
MAT-861424,G-12-1,3560,KANBAN-00104,Paint Shop DE,Assembly Plant MX
MAT-453745,H-10-4,2218,KANBAN-00105,Paint Shop DE,Assembly Plant MX
MAT-949620,E-10-4,3127,KANBAN-00106,Paint Shop DE,Assembly Plant MX
MAT-594288,A-07-3,2782,KANBAN-00107,Paint Shop DE,Assembly Plant MX
MAT-354543,D-10-4,2477,KANBAN-00108,Paint Shop DE,Assembly Plant MX
MAT-129045,G-22-2,2888,KANBAN-00109,Paint Shop DE,Assembly Plant MX
MAT-143964,C-28-3,718,KANBAN-00110,Paint Shop DE,Assembly Plant MX
MAT-404093,E-08-4,3604,KANBAN-00111,Paint Shop DE,Assembly Plant MX
MAT-618382,D-18-1,2322,KANBAN-00112,Paint Shop DE,Assembly Plant MX
MAT-694271,B-16-4,4167,KANBAN-00113,Paint Shop DE,Assembly Plant MX
MAT-947913,C-05-5,4491,KANBAN-00114,Paint Shop DE,Assembly Plant MX
MAT-368516,C-06-2,3431,KANBAN-00115,Paint Shop DE,Assembly Plant MX
MAT-317553,D-03-4,398,KANBAN-00116,Paint Shop DE,Assembly Plant MX
MAT-822668,G-16-2,3849,KANBAN-00117,Paint Shop DE,Assembly Plant MX
MAT-683378,D-26-3,2148,KANBAN-00118,Paint Shop DE,Assembly Plant MX
MAT-524060,D-03-3,1546,KANBAN-00119,Paint Shop DE,Assembly Plant MX
MAT-414209,G-04-3,3522,KANBAN-00120,Paint Shop DE,Assembly Plant MX
MAT-902233,H-17-4,4446,KANBAN-00001,Transmission Plant PL,Assembly Plant MX
MAT-706339,B-01-5,3735,KANBAN-00002,Transmission Plant PL,Assembly Plant MX
MAT-248136,B-03-1,4337,KANBAN-00003,Transmission Plant PL,Assembly Plant MX
MAT-211999,C-01-2,1478,KANBAN-00004,Transmission Plant PL,Assembly Plant MX
MAT-706936,D-14-5,4424,KANBAN-00005,Transmission Plant PL,Assembly Plant MX
MAT-404113,E-28-2,1011,KANBAN-00006,Transmission Plant PL,Assembly Plant MX
MAT-361418,C-23-5,3578,KANBAN-00007,Transmission Plant PL,Assembly Plant MX
MAT-225616,F-17-2,3664,KANBAN-00008,Transmission Plant PL,Assembly Plant MX
MAT-717989,D-01-4,1314,KANBAN-00009,Transmission Plant PL,Assembly Plant MX
MAT-867926,H-13-5,3832,KANBAN-00010,Transmission Plant PL,Assembly Plant MX
MAT-955509,B-08-2,4748,KANBAN-00011,Transmission Plant PL,Assembly Plant MX
MAT-280967,G-21-3,359,KANBAN-00012,Transmission Plant PL,Assembly Plant MX
MAT-859663,D-24-3,2204,KANBAN-00013,Transmission Plant PL,Assembly Plant MX
MAT-461562,A-07-2,877,KANBAN-00014,Transmission Plant PL,Assembly Plant MX
MAT-269951,B-24-1,4795,KANBAN-00015,Transmission Plant PL,Assembly Plant MX
MAT-326312,D-20-2,2705,KANBAN-00016,Transmission Plant PL,Assembly Plant MX
MAT-460742,F-15-3,3922,KANBAN-00017,Transmission Plant PL,Assembly Plant MX
MAT-527428,G-20-5,4026,KANBAN-00018,Transmission Plant PL,Assembly Plant MX
MAT-140450,A-27-5,4136,KANBAN-00019,Transmission Plant PL,Assembly Plant MX
MAT-590760,H-13-4,124,KANBAN-00020,Transmission Plant PL,Assembly Plant MX
MAT-322838,G-13-2,3022,KANBAN-00021,Transmission Plant PL,Assembly Plant MX
MAT-533194,C-14-3,4079,KANBAN-00022,Transmission Plant PL,Assembly Plant MX
MAT-957358,B-24-5,1011,KANBAN-00023,Transmission Plant PL,Assembly Plant MX
MAT-942888,H-23-3,3412,KANBAN-00024,Transmission Plant PL,Assembly Plant MX
MAT-363786,F-14-5,1652,KANBAN-00025,Transmission Plant PL,Assembly Plant MX
MAT-272613,B-19-2,854,KANBAN-00026,Transmission Plant PL,Assembly Plant MX
MAT-822756,A-27-1,2647,KANBAN-00027,Transmission Plant PL,Assembly Plant MX
MAT-193628,G-14-4,3237,KANBAN-00028,Transmission Plant PL,Assembly Plant MX
MAT-504100,E-28-3,3931,KANBAN-00029,Transmission Plant PL,Assembly Plant MX
MAT-505940,C-01-1,3096,KANBAN-00030,Transmission Plant PL,Assembly Plant MX
MAT-603571,C-04-2,2978,KANBAN-00031,Transmission Plant PL,Assembly Plant MX
MAT-755246,D-10-3,1386,KANBAN-00032,Transmission Plant PL,Assembly Plant MX
MAT-737112,H-24-2,1832,KANBAN-00033,Transmission Plant PL,Assembly Plant MX
MAT-149880,H-21-5,4964,KANBAN-00034,Transmission Plant PL,Assembly Plant MX
MAT-488734,C-22-5,1046,KANBAN-00035,Transmission Plant PL,Assembly Plant MX
MAT-775183,G-12-2,2336,KANBAN-00036,Transmission Plant PL,Assembly Plant MX
MAT-536892,D-07-2,2531,KANBAN-00037,Transmission Plant PL,Assembly Plant MX
MAT-298566,D-02-3,1818,KANBAN-00038,Transmission Plant PL,Assembly Plant MX
MAT-547607,B-15-4,1747,KANBAN-00039,Transmission Plant PL,Assembly Plant MX
MAT-960525,D-14-4,2571,KANBAN-00040,Transmission Plant PL,Assembly Plant MX
MAT-877378,C-04-5,1719,KANBAN-00041,Transmission Plant PL,Assembly Plant MX
MAT-360508,E-15-3,1968,KANBAN-00042,Transmission Plant PL,Assembly Plant MX
MAT-490759,A-12-3,4838,KANBAN-00043,Transmission Plant PL,Assembly Plant MX
MAT-598630,B-22-3,1381,KANBAN-00044,Transmission Plant PL,Assembly Plant MX
MAT-538580,G-23-2,4664,KANBAN-00045,Transmission Plant PL,Assembly Plant MX
MAT-684517,A-10-5,4439,KANBAN-00046,Transmission Plant PL,Assembly Plant MX
MAT-471155,C-09-4,82,KANBAN-00047,Transmission Plant PL,Assembly Plant MX
MAT-767788,G-12-1,3080,KANBAN-00048,Transmission Plant PL,Assembly Plant MX
MAT-454340,F-05-5,4164,KANBAN-00049,Transmission Plant PL,Assembly Plant MX
MAT-619883,A-26-4,796,KANBAN-00050,Transmission Plant PL,Assembly Plant MX
MAT-890464,D-15-3,649,KANBAN-00051,Transmission Plant PL,Assembly Plant MX
MAT-249265,G-13-1,2519,KANBAN-00052,Transmission Plant PL,Assembly Plant MX
MAT-509093,D-25-2,4941,KANBAN-00053,Transmission Plant PL,Assembly Plant MX
MAT-781915,D-08-3,573,KANBAN-00054,Transmission Plant PL,Assembly Plant MX
MAT-855421,H-07-1,2176,KANBAN-00055,Transmission Plant PL,Assembly Plant MX
MAT-693309,F-24-1,2465,KANBAN-00056,Transmission Plant PL,Assembly Plant MX
MAT-860430,D-14-1,2050,KANBAN-00057,Transmission Plant PL,Assembly Plant MX
MAT-306272,G-13-4,4009,KANBAN-00058,Transmission Plant PL,Assembly Plant MX
MAT-641224,C-25-4,2353,KANBAN-00059,Transmission Plant PL,Assembly Plant MX
MAT-174769,A-13-2,1129,KANBAN-00060,Transmission Plant PL,Assembly Plant MX
MAT-128683,B-18-4,2743,KANBAN-00061,Transmission Plant PL,Assembly Plant MX
MAT-192684,G-03-1,2563,KANBAN-00062,Transmission Plant PL,Assembly Plant MX
MAT-321689,B-29-3,685,KANBAN-00063,Transmission Plant PL,Assembly Plant MX
MAT-975636,B-26-4,1327,KANBAN-00064,Transmission Plant PL,Assembly Plant MX
MAT-454376,A-10-5,923,KANBAN-00065,Transmission Plant PL,Assembly Plant MX
MAT-362489,H-15-3,2657,KANBAN-00066,Transmission Plant PL,Assembly Plant MX
MAT-831913,G-29-1,3449,KANBAN-00067,Transmission Plant PL,Assembly Plant MX
MAT-752492,G-10-1,3679,KANBAN-00068,Transmission Plant PL,Assembly Plant MX
MAT-137567,A-12-5,3142,KANBAN-00069,Transmission Plant PL,Assembly Plant MX
MAT-963559,C-05-4,2720,KANBAN-00070,Transmission Plant PL,Assembly Plant MX
MAT-120379,B-26-5,485,KANBAN-00071,Transmission Plant PL,Assembly Plant MX
MAT-483030,A-27-3,3405,KANBAN-00072,Transmission Plant PL,Assembly Plant MX
MAT-617997,F-19-4,4112,KANBAN-00073,Transmission Plant PL,Assembly Plant MX
MAT-559574,B-04-5,4399,KANBAN-00074,Transmission Plant PL,Assembly Plant MX
MAT-557161,A-01-3,1290,KANBAN-00075,Transmission Plant PL,Assembly Plant MX
MAT-595777,H-21-4,2431,KANBAN-00076,Transmission Plant PL,Assembly Plant MX
MAT-116665,F-12-4,1863,KANBAN-00077,Transmission Plant PL,Assembly Plant MX
MAT-362560,D-23-2,4573,KANBAN-00078,Transmission Plant PL,Assembly Plant MX
MAT-369674,B-27-3,2622,KANBAN-00079,Transmission Plant PL,Assembly Plant MX
MAT-842626,D-25-5,4249,KANBAN-00080,Transmission Plant PL,Assembly Plant MX
MAT-533707,B-22-3,2268,KANBAN-00081,Transmission Plant PL,Assembly Plant MX
MAT-718539,H-21-4,1722,KANBAN-00082,Transmission Plant PL,Assembly Plant MX
MAT-924644,A-19-3,3688,KANBAN-00083,Transmission Plant PL,Assembly Plant MX
MAT-398101,E-13-3,4298,KANBAN-00084,Transmission Plant PL,Assembly Plant MX
MAT-564889,E-13-4,2244,KANBAN-00085,Transmission Plant PL,Assembly Plant MX
MAT-907968,F-16-5,807,KANBAN-00086,Transmission Plant PL,Assembly Plant MX
MAT-953014,H-24-3,3276,KANBAN-00087,Transmission Plant PL,Assembly Plant MX
MAT-245174,A-04-3,3853,KANBAN-00088,Transmission Plant PL,Assembly Plant MX
MAT-193524,D-11-5,4373,KANBAN-00089,Transmission Plant PL,Assembly Plant MX
MAT-602148,A-29-3,3059,KANBAN-00090,Transmission Plant PL,Assembly Plant MX
MAT-272846,E-02-2,914,KANBAN-00091,Transmission Plant PL,Assembly Plant MX
MAT-260674,G-13-4,4540,KANBAN-00092,Transmission Plant PL,Assembly Plant MX
MAT-148041,C-03-4,318,KANBAN-00093,Transmission Plant PL,Assembly Plant MX
MAT-291153,C-04-5,2651,KANBAN-00094,Transmission Plant PL,Assembly Plant MX
MAT-642971,B-26-2,4834,KANBAN-00095,Transmission Plant PL,Assembly Plant MX
MAT-250856,D-17-5,526,KANBAN-00096,Transmission Plant PL,Assembly Plant MX
MAT-461715,G-04-1,2734,KANBAN-00097,Transmission Plant PL,Assembly Plant MX
MAT-855747,G-08-2,1431,KANBAN-00098,Transmission Plant PL,Assembly Plant MX
MAT-536359,G-02-4,4478,KANBAN-00099,Transmission Plant PL,Assembly Plant MX
MAT-575701,B-08-2,4138,KANBAN-00100,Transmission Plant PL,Assembly Plant MX
MAT-185844,D-20-3,1631,KANBAN-00101,Transmission Plant PL,Assembly Plant MX
MAT-388787,E-21-1,2100,KANBAN-00102,Transmission Plant PL,Assembly Plant MX
MAT-176166,F-16-5,2158,KANBAN-00103,Transmission Plant PL,Assembly Plant MX
MAT-132650,D-23-5,3312,KANBAN-00104,Transmission Plant PL,Assembly Plant MX
MAT-460452,B-07-1,4701,KANBAN-00105,Transmission Plant PL,Assembly Plant MX
MAT-604719,A-28-4,2428,KANBAN-00106,Transmission Plant PL,Assembly Plant MX
MAT-603079,G-11-3,1909,KANBAN-00107,Transmission Plant PL,Assembly Plant MX
MAT-192879,G-05-4,2835,KANBAN-00108,Transmission Plant PL,Assembly Plant MX
MAT-923869,H-16-4,2654,KANBAN-00109,Transmission Plant PL,Assembly Plant MX
MAT-433454,C-02-4,576,KANBAN-00110,Transmission Plant PL,Assembly Plant MX
MAT-470798,D-26-4,2635,KANBAN-00111,Transmission Plant PL,Assembly Plant MX
MAT-655462,C-15-5,2360,KANBAN-00112,Transmission Plant PL,Assembly Plant MX
MAT-431628,F-29-5,1717,KANBAN-00113,Transmission Plant PL,Assembly Plant MX
MAT-985479,C-10-3,693,KANBAN-00114,Transmission Plant PL,Assembly Plant MX
MAT-299618,E-24-1,4660,KANBAN-00115,Transmission Plant PL,Assembly Plant MX
MAT-414095,G-29-3,3832,KANBAN-00116,Transmission Plant PL,Assembly Plant MX
MAT-228855,H-26-4,3198,KANBAN-00117,Transmission Plant PL,Assembly Plant MX
MAT-321761,G-27-5,1264,KANBAN-00118,Transmission Plant PL,Assembly Plant MX
MAT-259442,D-03-5,207,KANBAN-00119,Transmission Plant PL,Assembly Plant MX
MAT-417633,H-06-2,655,KANBAN-00120,Transmission Plant PL,Assembly Plant MX
MAT-959968,B-22-4,3069,KANBAN-00121,Transmission Plant PL,Assembly Plant MX
MAT-697009,F-19-3,4393,KANBAN-00122,Transmission Plant PL,Assembly Plant MX
MAT-620409,A-06-1,159,KANBAN-00123,Transmission Plant PL,Assembly Plant MX
MAT-974472,D-26-1,2163,KANBAN-00124,Transmission Plant PL,Assembly Plant MX
MAT-213492,E-16-2,2679,KANBAN-00125,Transmission Plant PL,Assembly Plant MX
MAT-509200,D-25-3,1114,KANBAN-00126,Transmission Plant PL,Assembly Plant MX
MAT-210153,B-26-3,1925,KANBAN-00127,Transmission Plant PL,Assembly Plant MX
MAT-471806,F-24-1,2432,KANBAN-00128,Transmission Plant PL,Assembly Plant MX
MAT-898146,H-14-4,749,KANBAN-00129,Transmission Plant PL,Assembly Plant MX
MAT-337900,F-17-3,752,KANBAN-00130,Transmission Plant PL,Assembly Plant MX
MAT-336928,C-05-5,1644,KANBAN-00131,Transmission Plant PL,Assembly Plant MX
MAT-711786,A-13-3,4945,KANBAN-00132,Transmission Plant PL,Assembly Plant MX
MAT-190089,C-28-3,4468,KANBAN-00133,Transmission Plant PL,Assembly Plant MX
MAT-314701,D-24-5,1841,KANBAN-00134,Transmission Plant PL,Assembly Plant MX
MAT-141247,C-13-4,3136,KANBAN-00135,Transmission Plant PL,Assembly Plant MX
MAT-271887,E-23-3,637,KANBAN-00136,Transmission Plant PL,Assembly Plant MX
MAT-101298,A-27-2,4739,KANBAN-00137,Transmission Plant PL,Assembly Plant MX
MAT-224730,E-10-1,4938,KANBAN-00138,Transmission Plant PL,Assembly Plant MX
MAT-334360,G-01-1,1316,KANBAN-00139,Transmission Plant PL,Assembly Plant MX
MAT-325579,G-28-1,3987,KANBAN-00140,Transmission Plant PL,Assembly Plant MX
MAT-672007,C-08-5,385,KANBAN-00141,Transmission Plant PL,Assembly Plant MX
MAT-748422,F-09-2,1982,KANBAN-00142,Transmission Plant PL,Assembly Plant MX
MAT-809752,F-11-3,1867,KANBAN-00143,Transmission Plant PL,Assembly Plant MX
MAT-838045,G-26-4,1681,KANBAN-00144,Transmission Plant PL,Assembly Plant MX
MAT-671865,D-23-4,2942,KANBAN-00145,Transmission Plant PL,Assembly Plant MX
MAT-729756,D-05-4,4438,KANBAN-00146,Transmission Plant PL,Assembly Plant MX
MAT-640416,E-16-2,1745,KANBAN-00147,Transmission Plant PL,Assembly Plant MX
MAT-373746,E-23-3,1359,KANBAN-00148,Transmission Plant PL,Assembly Plant MX
MAT-700379,F-13-4,1966,KANBAN-00149,Transmission Plant PL,Assembly Plant MX
MAT-352350,D-18-5,853,KANBAN-00150,Transmission Plant PL,Assembly Plant MX
MAT-741207,G-24-4,4085,KANBAN-00151,Transmission Plant PL,Assembly Plant MX
MAT-395063,B-08-5,476,KANBAN-00152,Transmission Plant PL,Assembly Plant MX
MAT-653645,D-11-5,3548,KANBAN-00153,Transmission Plant PL,Assembly Plant MX
MAT-692112,A-13-1,4917,KANBAN-00154,Transmission Plant PL,Assembly Plant MX
MAT-574022,A-26-5,4167,KANBAN-00155,Transmission Plant PL,Assembly Plant MX
MAT-775830,E-16-4,3731,KANBAN-00156,Transmission Plant PL,Assembly Plant MX
MAT-562958,D-17-4,3762,KANBAN-00157,Transmission Plant PL,Assembly Plant MX
MAT-847730,D-02-4,4224,KANBAN-00158,Transmission Plant PL,Assembly Plant MX
MAT-363456,F-04-2,2898,KANBAN-00159,Transmission Plant PL,Assembly Plant MX
MAT-928591,D-20-5,2665,KANBAN-00160,Transmission Plant PL,Assembly Plant MX
MAT-607099,B-10-4,4444,KANBAN-00161,Transmission Plant PL,Assembly Plant MX
MAT-852255,A-02-5,797,KANBAN-00162,Transmission Plant PL,Assembly Plant MX
MAT-576570,C-29-3,3417,KANBAN-00163,Transmission Plant PL,Assembly Plant MX
MAT-704072,F-12-1,3673,KANBAN-00164,Transmission Plant PL,Assembly Plant MX
MAT-653472,H-24-3,3917,KANBAN-00165,Transmission Plant PL,Assembly Plant MX
MAT-760183,H-02-3,4007,KANBAN-00166,Transmission Plant PL,Assembly Plant MX
MAT-528344,A-06-1,2886,KANBAN-00167,Transmission Plant PL,Assembly Plant MX
MAT-899497,B-20-4,4691,KANBAN-00168,Transmission Plant PL,Assembly Plant MX
MAT-522249,A-22-5,3059,KANBAN-00169,Transmission Plant PL,Assembly Plant MX
MAT-470221,B-28-2,4739,KANBAN-00170,Transmission Plant PL,Assembly Plant MX
MAT-864476,D-11-4,978,KANBAN-00171,Transmission Plant PL,Assembly Plant MX
MAT-242900,G-16-4,69,KANBAN-00172,Transmission Plant PL,Assembly Plant MX
MAT-583543,G-06-1,3788,KANBAN-00173,Transmission Plant PL,Assembly Plant MX
MAT-560214,D-01-5,919,KANBAN-00174,Transmission Plant PL,Assembly Plant MX
MAT-202943,B-17-5,2657,KANBAN-00175,Transmission Plant PL,Assembly Plant MX
MAT-410036,E-06-4,2661,KANBAN-00176,Transmission Plant PL,Assembly Plant MX
MAT-231001,C-06-1,2740,KANBAN-00177,Transmission Plant PL,Assembly Plant MX
MAT-887127,H-21-4,1274,KANBAN-00178,Transmission Plant PL,Assembly Plant MX
MAT-684583,F-18-1,1441,KANBAN-00179,Transmission Plant PL,Assembly Plant MX
MAT-204837,E-04-2,3345,KANBAN-00180,Transmission Plant PL,Assembly Plant MX
MAT-521536,G-28-3,860,KANBAN-00181,Transmission Plant PL,Assembly Plant MX
MAT-623161,E-09-3,4205,KANBAN-00182,Transmission Plant PL,Assembly Plant MX
MAT-731412,G-13-5,3107,KANBAN-00183,Transmission Plant PL,Assembly Plant MX
MAT-763026,A-06-5,2973,KANBAN-00184,Transmission Plant PL,Assembly Plant MX
MAT-429718,F-04-1,4025,KANBAN-00185,Transmission Plant PL,Assembly Plant MX
MAT-678833,A-17-5,1687,KANBAN-00186,Transmission Plant PL,Assembly Plant MX
MAT-263247,H-05-5,524,KANBAN-00187,Transmission Plant PL,Assembly Plant MX
MAT-947847,C-14-2,1379,KANBAN-00001,Seating & Interior Plant PL,Assembly Plant MX
MAT-907789,A-12-3,1888,KANBAN-00002,Seating & Interior Plant PL,Assembly Plant MX
MAT-122141,A-04-1,1756,KANBAN-00003,Seating & Interior Plant PL,Assembly Plant MX
MAT-670735,A-16-5,3618,KANBAN-00004,Seating & Interior Plant PL,Assembly Plant MX
MAT-679993,B-22-3,736,KANBAN-00005,Seating & Interior Plant PL,Assembly Plant MX
MAT-166935,D-26-2,1519,KANBAN-00006,Seating & Interior Plant PL,Assembly Plant MX
MAT-130554,C-06-5,4548,KANBAN-00007,Seating & Interior Plant PL,Assembly Plant MX
MAT-101960,A-16-5,2599,KANBAN-00008,Seating & Interior Plant PL,Assembly Plant MX
MAT-885278,B-08-1,397,KANBAN-00009,Seating & Interior Plant PL,Assembly Plant MX
MAT-357329,E-02-5,1174,KANBAN-00010,Seating & Interior Plant PL,Assembly Plant MX
MAT-602209,C-15-5,1194,KANBAN-00011,Seating & Interior Plant PL,Assembly Plant MX
MAT-737039,E-03-4,2294,KANBAN-00012,Seating & Interior Plant PL,Assembly Plant MX
MAT-141742,G-08-4,1727,KANBAN-00013,Seating & Interior Plant PL,Assembly Plant MX
MAT-648135,F-07-1,2074,KANBAN-00014,Seating & Interior Plant PL,Assembly Plant MX
MAT-693540,B-13-4,4449,KANBAN-00015,Seating & Interior Plant PL,Assembly Plant MX
MAT-555765,G-21-3,2744,KANBAN-00016,Seating & Interior Plant PL,Assembly Plant MX
MAT-620371,E-28-1,4367,KANBAN-00017,Seating & Interior Plant PL,Assembly Plant MX
MAT-103059,A-29-1,324,KANBAN-00018,Seating & Interior Plant PL,Assembly Plant MX
MAT-266409,A-29-2,1357,KANBAN-00019,Seating & Interior Plant PL,Assembly Plant MX
MAT-123827,E-21-5,3946,KANBAN-00020,Seating & Interior Plant PL,Assembly Plant MX
MAT-647086,A-15-2,2488,KANBAN-00021,Seating & Interior Plant PL,Assembly Plant MX
MAT-642102,H-25-3,3038,KANBAN-00022,Seating & Interior Plant PL,Assembly Plant MX
MAT-822284,G-28-5,3084,KANBAN-00023,Seating & Interior Plant PL,Assembly Plant MX
MAT-826438,B-11-5,4603,KANBAN-00024,Seating & Interior Plant PL,Assembly Plant MX
MAT-161704,F-14-3,4430,KANBAN-00025,Seating & Interior Plant PL,Assembly Plant MX
MAT-539109,E-19-1,377,KANBAN-00026,Seating & Interior Plant PL,Assembly Plant MX
MAT-619897,E-20-3,2485,KANBAN-00027,Seating & Interior Plant PL,Assembly Plant MX
MAT-362728,E-19-3,82,KANBAN-00028,Seating & Interior Plant PL,Assembly Plant MX
MAT-304825,G-27-3,4666,KANBAN-00029,Seating & Interior Plant PL,Assembly Plant MX
MAT-794280,E-13-2,4941,KANBAN-00030,Seating & Interior Plant PL,Assembly Plant MX
MAT-522618,A-28-4,4365,KANBAN-00031,Seating & Interior Plant PL,Assembly Plant MX
MAT-439333,F-03-4,741,KANBAN-00032,Seating & Interior Plant PL,Assembly Plant MX
MAT-701943,G-25-2,3206,KANBAN-00033,Seating & Interior Plant PL,Assembly Plant MX
MAT-886522,B-15-4,3339,KANBAN-00034,Seating & Interior Plant PL,Assembly Plant MX
MAT-429500,C-04-1,89,KANBAN-00035,Seating & Interior Plant PL,Assembly Plant MX
MAT-448398,C-08-4,2988,KANBAN-00036,Seating & Interior Plant PL,Assembly Plant MX
MAT-374610,E-06-1,387,KANBAN-00037,Seating & Interior Plant PL,Assembly Plant MX
MAT-418064,D-10-5,607,KANBAN-00038,Seating & Interior Plant PL,Assembly Plant MX
MAT-613914,C-18-2,1413,KANBAN-00039,Seating & Interior Plant PL,Assembly Plant MX
MAT-448238,H-12-4,3922,KANBAN-00040,Seating & Interior Plant PL,Assembly Plant MX
MAT-657929,D-11-1,4627,KANBAN-00041,Seating & Interior Plant PL,Assembly Plant MX
MAT-224987,E-26-3,496,KANBAN-00042,Seating & Interior Plant PL,Assembly Plant MX
MAT-571087,G-06-1,4378,KANBAN-00043,Seating & Interior Plant PL,Assembly Plant MX
MAT-681648,G-29-3,2132,KANBAN-00044,Seating & Interior Plant PL,Assembly Plant MX
MAT-858855,B-03-4,1361,KANBAN-00045,Seating & Interior Plant PL,Assembly Plant MX
MAT-168749,E-25-1,1063,KANBAN-00046,Seating & Interior Plant PL,Assembly Plant MX
MAT-246800,G-10-2,3570,KANBAN-00047,Seating & Interior Plant PL,Assembly Plant MX
MAT-242625,F-07-3,3350,KANBAN-00048,Seating & Interior Plant PL,Assembly Plant MX
MAT-872934,E-27-1,1140,KANBAN-00049,Seating & Interior Plant PL,Assembly Plant MX
MAT-514425,E-08-4,782,KANBAN-00050,Seating & Interior Plant PL,Assembly Plant MX
MAT-628763,F-07-3,852,KANBAN-00051,Seating & Interior Plant PL,Assembly Plant MX
MAT-614649,A-29-2,863,KANBAN-00052,Seating & Interior Plant PL,Assembly Plant MX
MAT-347338,D-15-5,4896,KANBAN-00053,Seating & Interior Plant PL,Assembly Plant MX
MAT-379503,D-06-3,1376,KANBAN-00054,Seating & Interior Plant PL,Assembly Plant MX
MAT-686129,D-15-5,3262,KANBAN-00055,Seating & Interior Plant PL,Assembly Plant MX
MAT-264612,F-19-2,4123,KANBAN-00056,Seating & Interior Plant PL,Assembly Plant MX
MAT-851218,H-27-5,920,KANBAN-00057,Seating & Interior Plant PL,Assembly Plant MX
MAT-855450,D-20-5,4662,KANBAN-00058,Seating & Interior Plant PL,Assembly Plant MX
MAT-746224,D-08-3,2526,KANBAN-00059,Seating & Interior Plant PL,Assembly Plant MX
MAT-447833,E-21-5,3281,KANBAN-00060,Seating & Interior Plant PL,Assembly Plant MX
MAT-278256,E-11-4,4216,KANBAN-00061,Seating & Interior Plant PL,Assembly Plant MX
MAT-578103,F-08-5,4449,KANBAN-00062,Seating & Interior Plant PL,Assembly Plant MX
MAT-419569,D-12-4,4738,KANBAN-00063,Seating & Interior Plant PL,Assembly Plant MX
MAT-482570,B-07-2,4044,KANBAN-00064,Seating & Interior Plant PL,Assembly Plant MX
MAT-821988,G-15-3,3656,KANBAN-00065,Seating & Interior Plant PL,Assembly Plant MX
MAT-879235,C-11-1,2940,KANBAN-00066,Seating & Interior Plant PL,Assembly Plant MX
MAT-594610,A-14-3,1214,KANBAN-00067,Seating & Interior Plant PL,Assembly Plant MX
MAT-467999,H-11-5,3324,KANBAN-00068,Seating & Interior Plant PL,Assembly Plant MX
MAT-346631,E-19-5,1532,KANBAN-00069,Seating & Interior Plant PL,Assembly Plant MX
MAT-849575,B-29-3,1360,KANBAN-00070,Seating & Interior Plant PL,Assembly Plant MX
MAT-114840,A-27-2,4950,KANBAN-00071,Seating & Interior Plant PL,Assembly Plant MX
MAT-995957,E-02-2,2604,KANBAN-00072,Seating & Interior Plant PL,Assembly Plant MX
MAT-245733,C-10-2,4794,KANBAN-00073,Seating & Interior Plant PL,Assembly Plant MX
MAT-995066,H-04-5,4821,KANBAN-00074,Seating & Interior Plant PL,Assembly Plant MX
MAT-430335,F-02-5,3668,KANBAN-00075,Seating & Interior Plant PL,Assembly Plant MX
MAT-497154,E-11-2,3834,KANBAN-00076,Seating & Interior Plant PL,Assembly Plant MX
MAT-336236,H-24-2,2286,KANBAN-00077,Seating & Interior Plant PL,Assembly Plant MX
MAT-386254,C-20-4,3503,KANBAN-00078,Seating & Interior Plant PL,Assembly Plant MX
MAT-657298,G-16-2,128,KANBAN-00079,Seating & Interior Plant PL,Assembly Plant MX
MAT-315885,B-16-1,4907,KANBAN-00080,Seating & Interior Plant PL,Assembly Plant MX
MAT-611797,G-07-4,1768,KANBAN-00081,Seating & Interior Plant PL,Assembly Plant MX
MAT-792046,B-16-1,3802,KANBAN-00082,Seating & Interior Plant PL,Assembly Plant MX
MAT-422029,F-11-1,1702,KANBAN-00083,Seating & Interior Plant PL,Assembly Plant MX
MAT-537073,E-15-2,1118,KANBAN-00084,Seating & Interior Plant PL,Assembly Plant MX
MAT-968153,D-03-5,1876,KANBAN-00085,Seating & Interior Plant PL,Assembly Plant MX
MAT-525723,D-08-3,4771,KANBAN-00086,Seating & Interior Plant PL,Assembly Plant MX
MAT-781391,E-24-4,4923,KANBAN-00087,Seating & Interior Plant PL,Assembly Plant MX
MAT-450079,F-02-4,4145,KANBAN-00088,Seating & Interior Plant PL,Assembly Plant MX
MAT-328445,F-05-4,159,KANBAN-00089,Seating & Interior Plant PL,Assembly Plant MX
MAT-363945,D-08-1,4633,KANBAN-00090,Seating & Interior Plant PL,Assembly Plant MX
MAT-868706,A-10-5,1233,KANBAN-00091,Seating & Interior Plant PL,Assembly Plant MX
MAT-487237,B-04-3,897,KANBAN-00092,Seating & Interior Plant PL,Assembly Plant MX
MAT-117818,A-26-4,3840,KANBAN-00093,Seating & Interior Plant PL,Assembly Plant MX
MAT-914803,A-28-1,4580,KANBAN-00094,Seating & Interior Plant PL,Assembly Plant MX
MAT-909982,E-24-3,3999,KANBAN-00095,Seating & Interior Plant PL,Assembly Plant MX
MAT-589144,A-17-1,456,KANBAN-00096,Seating & Interior Plant PL,Assembly Plant MX
MAT-790743,G-03-2,4146,KANBAN-00097,Seating & Interior Plant PL,Assembly Plant MX
MAT-165886,B-24-2,2872,KANBAN-00098,Seating & Interior Plant PL,Assembly Plant MX
MAT-248292,G-13-2,3320,KANBAN-00099,Seating & Interior Plant PL,Assembly Plant MX
MAT-270790,D-21-3,1231,KANBAN-00100,Seating & Interior Plant PL,Assembly Plant MX
MAT-764539,D-06-2,160,KANBAN-00101,Seating & Interior Plant PL,Assembly Plant MX
MAT-958835,D-24-5,1751,KANBAN-00102,Seating & Interior Plant PL,Assembly Plant MX
MAT-927086,B-26-2,3605,KANBAN-00103,Seating & Interior Plant PL,Assembly Plant MX
MAT-978034,F-17-1,4367,KANBAN-00104,Seating & Interior Plant PL,Assembly Plant MX
MAT-496656,B-05-3,3830,KANBAN-00105,Seating & Interior Plant PL,Assembly Plant MX
MAT-378828,A-24-1,1192,KANBAN-00106,Seating & Interior Plant PL,Assembly Plant MX
MAT-539531,G-15-1,877,KANBAN-00107,Seating & Interior Plant PL,Assembly Plant MX
MAT-318727,A-05-3,1064,KANBAN-00108,Seating & Interior Plant PL,Assembly Plant MX
MAT-147418,H-14-2,3902,KANBAN-00109,Seating & Interior Plant PL,Assembly Plant MX
MAT-265526,C-25-5,1556,KANBAN-00110,Seating & Interior Plant PL,Assembly Plant MX
MAT-712825,H-21-1,461,KANBAN-00111,Seating & Interior Plant PL,Assembly Plant MX
MAT-551769,H-25-3,3049,KANBAN-00112,Seating & Interior Plant PL,Assembly Plant MX
MAT-394998,C-23-1,3206,KANBAN-00113,Seating & Interior Plant PL,Assembly Plant MX
MAT-945681,C-17-4,905,KANBAN-00114,Seating & Interior Plant PL,Assembly Plant MX
MAT-129222,G-02-4,4286,KANBAN-00115,Seating & Interior Plant PL,Assembly Plant MX
MAT-398443,G-17-4,4758,KANBAN-00116,Seating & Interior Plant PL,Assembly Plant MX
MAT-709561,E-02-4,4142,KANBAN-00117,Seating & Interior Plant PL,Assembly Plant MX
MAT-612030,E-28-1,2810,KANBAN-00118,Seating & Interior Plant PL,Assembly Plant MX
MAT-110208,F-08-5,3922,KANBAN-00119,Seating & Interior Plant PL,Assembly Plant MX
MAT-403207,F-08-1,501,KANBAN-00120,Seating & Interior Plant PL,Assembly Plant MX
MAT-417880,H-24-5,4426,KANBAN-00121,Seating & Interior Plant PL,Assembly Plant MX
MAT-777196,F-25-4,3593,KANBAN-00122,Seating & Interior Plant PL,Assembly Plant MX
MAT-477329,B-17-2,566,KANBAN-00123,Seating & Interior Plant PL,Assembly Plant MX
MAT-690077,H-05-4,3801,KANBAN-00124,Seating & Interior Plant PL,Assembly Plant MX
MAT-245902,F-09-1,894,KANBAN-00125,Seating & Interior Plant PL,Assembly Plant MX
MAT-609511,A-03-1,4558,KANBAN-00126,Seating & Interior Plant PL,Assembly Plant MX
MAT-752442,B-11-5,3301,KANBAN-00127,Seating & Interior Plant PL,Assembly Plant MX
MAT-866192,F-08-3,4254,KANBAN-00128,Seating & Interior Plant PL,Assembly Plant MX
MAT-202726,F-13-4,55,KANBAN-00129,Seating & Interior Plant PL,Assembly Plant MX
MAT-817561,B-22-2,4145,KANBAN-00130,Seating & Interior Plant PL,Assembly Plant MX
MAT-132443,C-23-5,4817,KANBAN-00131,Seating & Interior Plant PL,Assembly Plant MX
MAT-557127,A-26-1,687,KANBAN-00132,Seating & Interior Plant PL,Assembly Plant MX
MAT-503928,C-14-2,3859,KANBAN-00133,Seating & Interior Plant PL,Assembly Plant MX
MAT-443982,A-21-3,2741,KANBAN-00134,Seating & Interior Plant PL,Assembly Plant MX
MAT-613998,H-11-5,531,KANBAN-00135,Seating & Interior Plant PL,Assembly Plant MX
MAT-488553,G-24-4,3004,KANBAN-00136,Seating & Interior Plant PL,Assembly Plant MX
MAT-632120,A-10-1,897,KANBAN-00137,Seating & Interior Plant PL,Assembly Plant MX
MAT-165694,C-06-5,3392,KANBAN-00138,Seating & Interior Plant PL,Assembly Plant MX
MAT-234410,C-04-5,1838,KANBAN-00139,Seating & Interior Plant PL,Assembly Plant MX
MAT-680562,A-24-4,2006,KANBAN-00140,Seating & Interior Plant PL,Assembly Plant MX
MAT-241676,H-20-5,4379,KANBAN-00141,Seating & Interior Plant PL,Assembly Plant MX
MAT-872734,B-01-5,959,KANBAN-00142,Seating & Interior Plant PL,Assembly Plant MX
MAT-484506,B-02-3,1669,KANBAN-00143,Seating & Interior Plant PL,Assembly Plant MX
MAT-774564,H-10-1,2587,KANBAN-00144,Seating & Interior Plant PL,Assembly Plant MX
MAT-620080,E-14-5,1687,KANBAN-00145,Seating & Interior Plant PL,Assembly Plant MX
MAT-751073,E-10-4,1636,KANBAN-00146,Seating & Interior Plant PL,Assembly Plant MX
MAT-689144,F-08-3,784,KANBAN-00147,Seating & Interior Plant PL,Assembly Plant MX
MAT-280155,D-23-3,3399,KANBAN-00148,Seating & Interior Plant PL,Assembly Plant MX
MAT-930298,C-23-3,2844,KANBAN-00149,Seating & Interior Plant PL,Assembly Plant MX
MAT-253393,A-13-3,1860,KANBAN-00150,Seating & Interior Plant PL,Assembly Plant MX
MAT-547120,G-01-2,661,KANBAN-00151,Seating & Interior Plant PL,Assembly Plant MX
MAT-266359,D-24-2,1230,KANBAN-00152,Seating & Interior Plant PL,Assembly Plant MX
MAT-553418,D-01-5,339,KANBAN-00153,Seating & Interior Plant PL,Assembly Plant MX
MAT-805486,H-10-5,1161,KANBAN-00154,Seating & Interior Plant PL,Assembly Plant MX
MAT-912774,D-25-3,853,KANBAN-00155,Seating & Interior Plant PL,Assembly Plant MX
MAT-115896,A-17-3,1763,KANBAN-00156,Seating & Interior Plant PL,Assembly Plant MX
MAT-700141,F-19-1,1573,KANBAN-00157,Seating & Interior Plant PL,Assembly Plant MX
MAT-743312,F-06-3,3720,KANBAN-00158,Seating & Interior Plant PL,Assembly Plant MX
MAT-312571,G-22-3,1590,KANBAN-00159,Seating & Interior Plant PL,Assembly Plant MX
MAT-224312,E-23-1,4451,KANBAN-00160,Seating & Interior Plant PL,Assembly Plant MX
MAT-180948,E-06-2,170,KANBAN-00161,Seating & Interior Plant PL,Assembly Plant MX
MAT-272338,F-27-3,4918,KANBAN-00162,Seating & Interior Plant PL,Assembly Plant MX
MAT-919581,D-23-1,1069,KANBAN-00163,Seating & Interior Plant PL,Assembly Plant MX
MAT-638001,G-05-2,620,KANBAN-00164,Seating & Interior Plant PL,Assembly Plant MX
MAT-676375,B-01-2,630,KANBAN-00165,Seating & Interior Plant PL,Assembly Plant MX
MAT-677116,D-06-1,4692,KANBAN-00166,Seating & Interior Plant PL,Assembly Plant MX
MAT-657675,H-12-4,4733,KANBAN-00167,Seating & Interior Plant PL,Assembly Plant MX
MAT-372492,G-15-4,4606,KANBAN-00168,Seating & Interior Plant PL,Assembly Plant MX
MAT-354161,A-16-1,4952,KANBAN-00169,Seating & Interior Plant PL,Assembly Plant MX
MAT-776200,A-21-1,2505,KANBAN-00170,Seating & Interior Plant PL,Assembly Plant MX
MAT-812658,F-09-3,1462,KANBAN-00171,Seating & Interior Plant PL,Assembly Plant MX
MAT-385539,B-15-5,4905,KANBAN-00172,Seating & Interior Plant PL,Assembly Plant MX
MAT-679449,G-18-2,3273,KANBAN-00173,Seating & Interior Plant PL,Assembly Plant MX
MAT-716922,A-04-4,2265,KANBAN-00174,Seating & Interior Plant PL,Assembly Plant MX
MAT-747827,H-25-1,3885,KANBAN-00175,Seating & Interior Plant PL,Assembly Plant MX
MAT-167363,C-01-2,1138,KANBAN-00001,Electronics & Wiring Harness Plant MX,Assembly Plant MX
MAT-647485,H-05-5,4008,KANBAN-00002,Electronics & Wiring Harness Plant MX,Assembly Plant MX
MAT-877152,F-08-2,87,KANBAN-00003,Electronics & Wiring Harness Plant MX,Assembly Plant MX
MAT-932147,C-01-5,1608,KANBAN-00004,Electronics & Wiring Harness Plant MX,Assembly Plant MX
MAT-718936,H-08-3,674,KANBAN-00005,Electronics & Wiring Harness Plant MX,Assembly Plant MX
MAT-749288,A-24-2,4032,KANBAN-00006,Electronics & Wiring Harness Plant MX,Assembly Plant MX
MAT-907743,B-18-4,854,KANBAN-00007,Electronics & Wiring Harness Plant MX,Assembly Plant MX
MAT-792826,C-13-2,2569,KANBAN-00008,Electronics & Wiring Harness Plant MX,Assembly Plant MX
MAT-686406,A-15-2,54,KANBAN-00009,Electronics & Wiring Harness Plant MX,Assembly Plant MX
MAT-588542,G-03-5,4463,KANBAN-00010,Electronics & Wiring Harness Plant MX,Assembly Plant MX
MAT-175319,B-04-4,2989,KANBAN-00011,Electronics & Wiring Harness Plant MX,Assembly Plant MX
MAT-897554,C-10-3,3553,KANBAN-00012,Electronics & Wiring Harness Plant MX,Assembly Plant MX
MAT-878242,D-20-3,773,KANBAN-00013,Electronics & Wiring Harness Plant MX,Assembly Plant MX
MAT-336925,E-13-2,713,KANBAN-00014,Electronics & Wiring Harness Plant MX,Assembly Plant MX
MAT-762950,H-05-3,1269,KANBAN-00015,Electronics & Wiring Harness Plant MX,Assembly Plant MX
MAT-424577,G-29-3,2512,KANBAN-00016,Electronics & Wiring Harness Plant MX,Assembly Plant MX
MAT-132091,E-05-1,523,KANBAN-00017,Electronics & Wiring Harness Plant MX,Assembly Plant MX
MAT-675793,H-20-4,298,KANBAN-00018,Electronics & Wiring Harness Plant MX,Assembly Plant MX
MAT-715939,A-24-2,1725,KANBAN-00019,Electronics & Wiring Harness Plant MX,Assembly Plant MX
MAT-688625,A-02-3,3813,KANBAN-00020,Electronics & Wiring Harness Plant MX,Assembly Plant MX
MAT-819562,B-28-4,1359,KANBAN-00021,Electronics & Wiring Harness Plant MX,Assembly Plant MX
MAT-183782,F-06-4,3892,KANBAN-00022,Electronics & Wiring Harness Plant MX,Assembly Plant MX
MAT-728626,C-24-4,1937,KANBAN-00023,Electronics & Wiring Harness Plant MX,Assembly Plant MX
MAT-753737,E-17-4,387,KANBAN-00024,Electronics & Wiring Harness Plant MX,Assembly Plant MX
MAT-570329,E-05-5,746,KANBAN-00025,Electronics & Wiring Harness Plant MX,Assembly Plant MX
MAT-402613,B-09-5,4683,KANBAN-00026,Electronics & Wiring Harness Plant MX,Assembly Plant MX
MAT-498157,G-22-3,1746,KANBAN-00027,Electronics & Wiring Harness Plant MX,Assembly Plant MX
MAT-458678,A-11-4,3089,KANBAN-00028,Electronics & Wiring Harness Plant MX,Assembly Plant MX
MAT-756185,A-27-2,4441,KANBAN-00029,Electronics & Wiring Harness Plant MX,Assembly Plant MX
MAT-150591,D-04-4,868,KANBAN-00030,Electronics & Wiring Harness Plant MX,Assembly Plant MX
MAT-345527,G-19-4,2888,KANBAN-00031,Electronics & Wiring Harness Plant MX,Assembly Plant MX
MAT-373037,B-24-3,1957,KANBAN-00032,Electronics & Wiring Harness Plant MX,Assembly Plant MX
MAT-962922,B-15-2,901,KANBAN-00033,Electronics & Wiring Harness Plant MX,Assembly Plant MX
MAT-152922,B-13-5,4214,KANBAN-00034,Electronics & Wiring Harness Plant MX,Assembly Plant MX
MAT-769638,H-01-3,2297,KANBAN-00035,Electronics & Wiring Harness Plant MX,Assembly Plant MX
MAT-602800,G-20-3,3599,KANBAN-00036,Electronics & Wiring Harness Plant MX,Assembly Plant MX
MAT-624594,G-28-4,3395,KANBAN-00037,Electronics & Wiring Harness Plant MX,Assembly Plant MX
MAT-747231,E-13-3,4784,KANBAN-00038,Electronics & Wiring Harness Plant MX,Assembly Plant MX
MAT-423701,B-06-3,3696,KANBAN-00039,Electronics & Wiring Harness Plant MX,Assembly Plant MX
MAT-363835,G-20-2,3860,KANBAN-00040,Electronics & Wiring Harness Plant MX,Assembly Plant MX
MAT-611866,B-11-5,3679,KANBAN-00041,Electronics & Wiring Harness Plant MX,Assembly Plant MX
MAT-197213,B-22-2,4333,KANBAN-00042,Electronics & Wiring Harness Plant MX,Assembly Plant MX
MAT-520287,A-01-5,2719,KANBAN-00043,Electronics & Wiring Harness Plant MX,Assembly Plant MX
MAT-282144,C-10-5,2054,KANBAN-00044,Electronics & Wiring Harness Plant MX,Assembly Plant MX
MAT-625128,G-03-3,2550,KANBAN-00045,Electronics & Wiring Harness Plant MX,Assembly Plant MX
MAT-979364,F-25-1,1869,KANBAN-00046,Electronics & Wiring Harness Plant MX,Assembly Plant MX
MAT-517203,A-18-2,435,KANBAN-00047,Electronics & Wiring Harness Plant MX,Assembly Plant MX
MAT-176680,G-13-4,2178,KANBAN-00048,Electronics & Wiring Harness Plant MX,Assembly Plant MX
MAT-445765,D-19-5,2433,KANBAN-00049,Electronics & Wiring Harness Plant MX,Assembly Plant MX
MAT-672947,C-04-1,1429,KANBAN-00050,Electronics & Wiring Harness Plant MX,Assembly Plant MX
MAT-469283,B-02-2,992,KANBAN-00051,Electronics & Wiring Harness Plant MX,Assembly Plant MX
MAT-770699,G-22-3,1606,KANBAN-00052,Electronics & Wiring Harness Plant MX,Assembly Plant MX
MAT-255829,G-19-2,3768,KANBAN-00053,Electronics & Wiring Harness Plant MX,Assembly Plant MX
MAT-985124,E-03-5,2079,KANBAN-00054,Electronics & Wiring Harness Plant MX,Assembly Plant MX
MAT-723475,G-06-4,2462,KANBAN-00055,Electronics & Wiring Harness Plant MX,Assembly Plant MX
MAT-613611,B-15-3,1450,KANBAN-00056,Electronics & Wiring Harness Plant MX,Assembly Plant MX
MAT-594093,G-21-2,2391,KANBAN-00057,Electronics & Wiring Harness Plant MX,Assembly Plant MX
MAT-190233,G-01-5,2257,KANBAN-00058,Electronics & Wiring Harness Plant MX,Assembly Plant MX
MAT-863930,F-07-3,2185,KANBAN-00059,Electronics & Wiring Harness Plant MX,Assembly Plant MX
MAT-536935,E-18-4,4521,KANBAN-00060,Electronics & Wiring Harness Plant MX,Assembly Plant MX
MAT-889553,D-08-4,1892,KANBAN-00061,Electronics & Wiring Harness Plant MX,Assembly Plant MX
MAT-491333,B-12-5,4435,KANBAN-00062,Electronics & Wiring Harness Plant MX,Assembly Plant MX
MAT-139487,C-11-5,1592,KANBAN-00063,Electronics & Wiring Harness Plant MX,Assembly Plant MX
MAT-745852,B-07-2,815,KANBAN-00064,Electronics & Wiring Harness Plant MX,Assembly Plant MX
MAT-969934,B-21-5,3758,KANBAN-00065,Electronics & Wiring Harness Plant MX,Assembly Plant MX
MAT-311851,E-08-3,2691,KANBAN-00066,Electronics & Wiring Harness Plant MX,Assembly Plant MX
MAT-202179,A-12-3,1622,KANBAN-00067,Electronics & Wiring Harness Plant MX,Assembly Plant MX
MAT-229994,B-27-3,4400,KANBAN-00068,Electronics & Wiring Harness Plant MX,Assembly Plant MX
MAT-758824,E-08-3,2091,KANBAN-00069,Electronics & Wiring Harness Plant MX,Assembly Plant MX
MAT-448596,A-12-3,2307,KANBAN-00070,Electronics & Wiring Harness Plant MX,Assembly Plant MX
MAT-721418,C-06-5,4123,KANBAN-00071,Electronics & Wiring Harness Plant MX,Assembly Plant MX
MAT-181386,C-21-3,845,KANBAN-00072,Electronics & Wiring Harness Plant MX,Assembly Plant MX
MAT-691294,E-19-1,2419,KANBAN-00073,Electronics & Wiring Harness Plant MX,Assembly Plant MX
MAT-395781,G-09-5,3871,KANBAN-00074,Electronics & Wiring Harness Plant MX,Assembly Plant MX
MAT-976619,E-08-4,1361,KANBAN-00075,Electronics & Wiring Harness Plant MX,Assembly Plant MX
MAT-154542,E-09-1,3372,KANBAN-00076,Electronics & Wiring Harness Plant MX,Assembly Plant MX
MAT-599535,G-20-5,1334,KANBAN-00077,Electronics & Wiring Harness Plant MX,Assembly Plant MX
MAT-297786,B-22-3,4041,KANBAN-00078,Electronics & Wiring Harness Plant MX,Assembly Plant MX
MAT-128151,D-22-1,4719,KANBAN-00079,Electronics & Wiring Harness Plant MX,Assembly Plant MX
MAT-932492,E-01-5,1513,KANBAN-00080,Electronics & Wiring Harness Plant MX,Assembly Plant MX
MAT-994642,F-29-2,1011,KANBAN-00081,Electronics & Wiring Harness Plant MX,Assembly Plant MX
MAT-922627,H-14-4,594,KANBAN-00082,Electronics & Wiring Harness Plant MX,Assembly Plant MX
MAT-933054,B-15-1,887,KANBAN-00083,Electronics & Wiring Harness Plant MX,Assembly Plant MX
MAT-909990,E-28-5,4483,KANBAN-00084,Electronics & Wiring Harness Plant MX,Assembly Plant MX
MAT-581305,C-24-2,3146,KANBAN-00085,Electronics & Wiring Harness Plant MX,Assembly Plant MX
MAT-597860,C-07-4,3244,KANBAN-00086,Electronics & Wiring Harness Plant MX,Assembly Plant MX
MAT-175779,H-02-1,377,KANBAN-00087,Electronics & Wiring Harness Plant MX,Assembly Plant MX
MAT-783596,F-06-5,2271,KANBAN-00088,Electronics & Wiring Harness Plant MX,Assembly Plant MX
MAT-219817,E-19-3,639,KANBAN-00089,Electronics & Wiring Harness Plant MX,Assembly Plant MX
MAT-941701,E-11-3,4553,KANBAN-00090,Electronics & Wiring Harness Plant MX,Assembly Plant MX
MAT-876591,G-09-2,3021,KANBAN-00091,Electronics & Wiring Harness Plant MX,Assembly Plant MX
MAT-841375,D-25-4,4523,KANBAN-00092,Electronics & Wiring Harness Plant MX,Assembly Plant MX
MAT-396698,D-18-3,977,KANBAN-00093,Electronics & Wiring Harness Plant MX,Assembly Plant MX
MAT-606334,A-09-3,1363,KANBAN-00094,Electronics & Wiring Harness Plant MX,Assembly Plant MX
MAT-563004,E-08-3,3638,KANBAN-00095,Electronics & Wiring Harness Plant MX,Assembly Plant MX
MAT-546570,F-08-4,4827,KANBAN-00096,Electronics & Wiring Harness Plant MX,Assembly Plant MX
MAT-638868,B-20-2,1133,KANBAN-00097,Electronics & Wiring Harness Plant MX,Assembly Plant MX
MAT-276348,F-26-3,94,KANBAN-00098,Electronics & Wiring Harness Plant MX,Assembly Plant MX
MAT-821945,D-29-3,2846,KANBAN-00099,Electronics & Wiring Harness Plant MX,Assembly Plant MX
MAT-524664,C-29-2,1854,KANBAN-00100,Electronics & Wiring Harness Plant MX,Assembly Plant MX
MAT-473780,G-21-4,1064,KANBAN-00101,Electronics & Wiring Harness Plant MX,Assembly Plant MX
MAT-224724,E-13-3,2781,KANBAN-00102,Electronics & Wiring Harness Plant MX,Assembly Plant MX
MAT-274907,B-04-5,3142,KANBAN-00103,Electronics & Wiring Harness Plant MX,Assembly Plant MX
MAT-271939,E-17-2,4319,KANBAN-00104,Electronics & Wiring Harness Plant MX,Assembly Plant MX
MAT-481267,H-05-5,3758,KANBAN-00105,Electronics & Wiring Harness Plant MX,Assembly Plant MX
MAT-345829,C-01-1,2362,KANBAN-00106,Electronics & Wiring Harness Plant MX,Assembly Plant MX
MAT-877797,G-20-5,3510,KANBAN-00107,Electronics & Wiring Harness Plant MX,Assembly Plant MX
MAT-373492,A-24-1,2991,KANBAN-00108,Electronics & Wiring Harness Plant MX,Assembly Plant MX
MAT-361124,D-17-1,2269,KANBAN-00109,Electronics & Wiring Harness Plant MX,Assembly Plant MX
MAT-335975,H-23-1,2470,KANBAN-00110,Electronics & Wiring Harness Plant MX,Assembly Plant MX
MAT-487279,D-15-1,704,KANBAN-00111,Electronics & Wiring Harness Plant MX,Assembly Plant MX
MAT-995755,F-16-3,2483,KANBAN-00112,Electronics & Wiring Harness Plant MX,Assembly Plant MX
MAT-981807,C-02-1,1718,KANBAN-00113,Electronics & Wiring Harness Plant MX,Assembly Plant MX
MAT-454267,C-02-4,767,KANBAN-00114,Electronics & Wiring Harness Plant MX,Assembly Plant MX
MAT-350641,G-25-4,2240,KANBAN-00115,Electronics & Wiring Harness Plant MX,Assembly Plant MX
MAT-239115,H-17-2,3876,KANBAN-00116,Electronics & Wiring Harness Plant MX,Assembly Plant MX
MAT-989555,B-09-3,600,KANBAN-00117,Electronics & Wiring Harness Plant MX,Assembly Plant MX
MAT-981936,B-16-1,1744,KANBAN-00118,Electronics & Wiring Harness Plant MX,Assembly Plant MX
MAT-588129,H-06-2,2988,KANBAN-00119,Electronics & Wiring Harness Plant MX,Assembly Plant MX
MAT-503721,B-15-2,4882,KANBAN-00120,Electronics & Wiring Harness Plant MX,Assembly Plant MX
MAT-644390,F-23-3,3705,KANBAN-00121,Electronics & Wiring Harness Plant MX,Assembly Plant MX
MAT-234012,H-18-4,1705,KANBAN-00122,Electronics & Wiring Harness Plant MX,Assembly Plant MX
MAT-518333,G-19-1,1662,KANBAN-00123,Electronics & Wiring Harness Plant MX,Assembly Plant MX
MAT-694904,A-20-2,1965,KANBAN-00124,Electronics & Wiring Harness Plant MX,Assembly Plant MX
MAT-219343,F-14-5,1825,KANBAN-00125,Electronics & Wiring Harness Plant MX,Assembly Plant MX
MAT-416491,C-24-4,2477,KANBAN-00126,Electronics & Wiring Harness Plant MX,Assembly Plant MX
MAT-673622,H-10-4,2130,KANBAN-00127,Electronics & Wiring Harness Plant MX,Assembly Plant MX
MAT-271639,E-11-2,533,KANBAN-00128,Electronics & Wiring Harness Plant MX,Assembly Plant MX
MAT-933321,A-03-1,296,KANBAN-00129,Electronics & Wiring Harness Plant MX,Assembly Plant MX
MAT-369938,C-29-4,1155,KANBAN-00130,Electronics & Wiring Harness Plant MX,Assembly Plant MX
MAT-802973,F-19-5,3120,KANBAN-00131,Electronics & Wiring Harness Plant MX,Assembly Plant MX
MAT-171906,F-15-1,1356,KANBAN-00132,Electronics & Wiring Harness Plant MX,Assembly Plant MX
MAT-281513,G-11-4,197,KANBAN-00133,Electronics & Wiring Harness Plant MX,Assembly Plant MX
MAT-508588,E-26-2,196,KANBAN-00134,Electronics & Wiring Harness Plant MX,Assembly Plant MX
MAT-238188,B-03-5,1348,KANBAN-00135,Electronics & Wiring Harness Plant MX,Assembly Plant MX
MAT-887953,E-17-5,3323,KANBAN-00136,Electronics & Wiring Harness Plant MX,Assembly Plant MX
MAT-839193,A-04-3,1148,KANBAN-00137,Electronics & Wiring Harness Plant MX,Assembly Plant MX
MAT-753547,C-17-5,511,KANBAN-00138,Electronics & Wiring Harness Plant MX,Assembly Plant MX
MAT-505681,B-18-1,1947,KANBAN-00139,Electronics & Wiring Harness Plant MX,Assembly Plant MX
MAT-968521,F-17-3,685,KANBAN-00140,Electronics & Wiring Harness Plant MX,Assembly Plant MX
MAT-134590,H-05-1,867,KANBAN-00141,Electronics & Wiring Harness Plant MX,Assembly Plant MX
MAT-557511,G-23-5,1294,KANBAN-00142,Electronics & Wiring Harness Plant MX,Assembly Plant MX
MAT-893602,B-10-5,2071,KANBAN-00143,Electronics & Wiring Harness Plant MX,Assembly Plant MX
MAT-402189,B-01-2,315,KANBAN-00144,Electronics & Wiring Harness Plant MX,Assembly Plant MX
MAT-180822,A-14-1,854,KANBAN-00145,Electronics & Wiring Harness Plant MX,Assembly Plant MX
MAT-946693,C-08-1,2772,KANBAN-00146,Electronics & Wiring Harness Plant MX,Assembly Plant MX
MAT-788341,G-18-1,3415,KANBAN-00147,Electronics & Wiring Harness Plant MX,Assembly Plant MX
MAT-836454,H-14-2,4629,KANBAN-00148,Electronics & Wiring Harness Plant MX,Assembly Plant MX
MAT-434282,F-19-2,1367,KANBAN-00149,Electronics & Wiring Harness Plant MX,Assembly Plant MX
MAT-765280,B-29-5,3835,KANBAN-00150,Electronics & Wiring Harness Plant MX,Assembly Plant MX
MAT-467870,C-08-1,3275,KANBAN-00151,Electronics & Wiring Harness Plant MX,Assembly Plant MX
MAT-726706,G-09-4,469,KANBAN-00152,Electronics & Wiring Harness Plant MX,Assembly Plant MX
MAT-949214,D-08-4,2013,KANBAN-00153,Electronics & Wiring Harness Plant MX,Assembly Plant MX
MAT-163512,G-04-1,3556,KANBAN-00154,Electronics & Wiring Harness Plant MX,Assembly Plant MX
MAT-207793,F-06-3,269,KANBAN-00155,Electronics & Wiring Harness Plant MX,Assembly Plant MX
MAT-643733,F-04-4,4847,KANBAN-00156,Electronics & Wiring Harness Plant MX,Assembly Plant MX
MAT-269186,A-23-2,2938,KANBAN-00157,Electronics & Wiring Harness Plant MX,Assembly Plant MX
MAT-452709,G-29-1,1933,KANBAN-00158,Electronics & Wiring Harness Plant MX,Assembly Plant MX
MAT-743108,C-06-3,3286,KANBAN-00159,Electronics & Wiring Harness Plant MX,Assembly Plant MX
MAT-882769,D-25-2,496,KANBAN-00160,Electronics & Wiring Harness Plant MX,Assembly Plant MX
MAT-779230,A-17-2,3032,KANBAN-00161,Electronics & Wiring Harness Plant MX,Assembly Plant MX
MAT-244574,G-25-4,881,KANBAN-00162,Electronics & Wiring Harness Plant MX,Assembly Plant MX
MAT-934219,F-17-4,2639,KANBAN-00163,Electronics & Wiring Harness Plant MX,Assembly Plant MX
MAT-282202,B-14-4,4306,KANBAN-00164,Electronics & Wiring Harness Plant MX,Assembly Plant MX
MAT-848077,H-18-3,4866,KANBAN-00165,Electronics & Wiring Harness Plant MX,Assembly Plant MX
MAT-322254,C-22-1,2580,KANBAN-00166,Electronics & Wiring Harness Plant MX,Assembly Plant MX
MAT-604541,G-28-5,2586,KANBAN-00167,Electronics & Wiring Harness Plant MX,Assembly Plant MX
MAT-154372,B-14-4,1419,KANBAN-00168,Electronics & Wiring Harness Plant MX,Assembly Plant MX
MAT-497782,B-25-2,2537,KANBAN-00169,Electronics & Wiring Harness Plant MX,Assembly Plant MX
MAT-986913,D-17-1,525,KANBAN-00170,Electronics & Wiring Harness Plant MX,Assembly Plant MX
MAT-769166,C-09-1,1513,KANBAN-00171,Electronics & Wiring Harness Plant MX,Assembly Plant MX
MAT-633121,E-12-5,1960,KANBAN-00172,Electronics & Wiring Harness Plant MX,Assembly Plant MX
MAT-376190,B-14-2,118,KANBAN-00173,Electronics & Wiring Harness Plant MX,Assembly Plant MX
MAT-333998,H-17-1,1588,KANBAN-00174,Electronics & Wiring Harness Plant MX,Assembly Plant MX
MAT-192223,A-14-4,4853,KANBAN-00175,Electronics & Wiring Harness Plant MX,Assembly Plant MX
MAT-779312,A-18-5,539,KANBAN-00176,Electronics & Wiring Harness Plant MX,Assembly Plant MX
MAT-568650,G-10-4,3444,KANBAN-00177,Electronics & Wiring Harness Plant MX,Assembly Plant MX
MAT-528568,D-27-4,117,KANBAN-00178,Electronics & Wiring Harness Plant MX,Assembly Plant MX
MAT-461035,E-18-4,332,KANBAN-00179,Electronics & Wiring Harness Plant MX,Assembly Plant MX
MAT-940140,H-10-3,1326,KANBAN-00180,Electronics & Wiring Harness Plant MX,Assembly Plant MX
MAT-793265,G-15-2,1530,KANBAN-00181,Electronics & Wiring Harness Plant MX,Assembly Plant MX
MAT-938547,F-19-5,1231,KANBAN-00182,Electronics & Wiring Harness Plant MX,Assembly Plant MX
MAT-630950,H-25-1,866,KANBAN-00183,Electronics & Wiring Harness Plant MX,Assembly Plant MX
